Order Date,Month,Product Category,Subcategory,Region,Province,Customer Segment,Units,Sales,Profit,Discount
2010-10-13,2010-10-01,Office Supplies,Storage & Organization,Nunavut,Nunavut,Small Business,6,261.54,-213.25,0.04
2012-10-01,2012-10-01,Office Supplies,Appliances,Nunavut,Nunavut,Consumer,49,10123.02,457.81,0.07
2012-10-01,2012-10-01,Office Supplies,Binders and Binder Accessories,Nunavut,Nunavut,Consumer,27,244.57,46.71,0.01
2011-07-10,2011-07-01,Technology,Telephones and Communication,Nunavut,Nunavut,Corporate,30,4965.7595,1198.97,0.08
2010-08-28,2010-08-01,Office Supplies,Appliances,Nunavut,Nunavut,Consumer,19,394.27,30.94,0.08
2010-08-28,2010-08-01,Furniture,Office Furnishings,Nunavut,Nunavut,Consumer,21,146.69,4.43,0.05
2011-06-17,2011-06-01,Office Supplies,Binders and Binder Accessories,Nunavut,Nunavut,Corporate,12,93.54,-54.04,0.03
2011-06-17,2011-06-01,Office Supplies,Storage & Organization,Nunavut,Nunavut,Corporate,22,905.08,127.7,0.09
2011-03-24,2011-03-01,Office Supplies,Storage & Organization,Nunavut,Nunavut,Corporate,21,2781.82,-695.26,0.07
2010-02-26,2010-02-01,Office Supplies,Paper,Nunavut,Nunavut,Home Office,44,228.41,-226.36,0.07
2010-11-23,2010-11-01,Office Supplies,Paper,Nunavut,Nunavut,Home Office,45,196.85,-166.85,0.01
2010-11-23,2010-11-01,Office Supplies,Rubber Bands,Nunavut,Nunavut,Home Office,32,124.56,-14.33,0.04
2012-06-08,2012-06-01,Office Supplies,Appliances,Nunavut,Nunavut,Home Office,32,716.84,134.72,0.0
2012-06-08,2012-06-01,Technology,Computer Peripherals,Nunavut,Nunavut,Home Office,31,1474.33,114.46,0.04
2012-08-04,2012-08-01,Office Supplies,Binders and Binder Accessories,Nunavut,Nunavut,Small Business,15,80.61,-4.72,0.02
2011-05-30,2011-05-01,Furniture,Office Furnishings,Nunavut,Nunavut,Home Office,46,1815.49,782.91,0.03
2009-11-25,2009-11-01,Office Supplies,Envelopes,Nunavut,Nunavut,Small Business,16,248.26,93.8,0.07
2012-02-14,2012-02-01,Furniture,Bookcases,Nunavut,Nunavut,Home Office,44,4462.23,440.72,0.04
2012-02-14,2012-02-01,Furniture,Tables,Nunavut,Nunavut,Home Office,11,663.784,-481.04,0.25
2012-04-15,2012-04-01,Technology,Telephones and Communication,Nunavut,Nunavut,Corporate,15,834.904,-11.68,0.06
2012-04-15,2012-04-01,Technology,Telephones and Communication,Nunavut,Nunavut,Corporate,18,2480.9205,313.58,0.01
2010-03-12,2010-03-01,Office Supplies,Labels,Nunavut,Nunavut,Consumer,13,59.03,26.92,0.1
2010-03-12,2010-03-01,Office Supplies,Rubber Bands,Nunavut,Nunavut,Consumer,21,97.48,-5.77,0.05
2011-03-09,2011-03-01,Office Supplies,Binders and Binder Accessories,Nunavut,Nunavut,Corporate,33,511.83,-172.88,0.1
2011-03-09,2011-03-01,Technology,Computer Peripherals,Nunavut,Nunavut,Corporate,38,184.99,-144.55,0.05
2012-08-04,2012-08-01,Office Supplies,Pens & Art Supplies,Nunavut,Nunavut,Home Office,30,80.9,5.76,0.09
2011-05-06,2011-05-01,Office Supplies,Pens & Art Supplies,Nunavut,Nunavut,Home Office,23,67.24,4.9,0.06
2010-12-23,2010-12-01,Technology,Copiers and Fax,Nunavut,Nunavut,Corporate,25,12028.23,-547.61,0.01
2010-11-08,2010-11-01,Office Supplies,Storage & Organization,Nunavut,Nunavut,Consumer,28,370.48,-5.45,0.04
2012-10-21,2012-10-01,Office Supplies,Pens & Art Supplies,Nunavut,Nunavut,Small Business,49,278.0,41.67,0.08
2011-01-01,2011-01-01,Technology,Computer Peripherals,Nunavut,Nunavut,Home Office,10,66.54,-46.03,0.01
2011-01-01,2011-01-01,Office Supplies,Paper,Nunavut,Nunavut,Home Office,21,845.32,33.67,0.06
2011-10-10,2011-10-01,Office Supplies,Labels,Nunavut,Nunavut,Corporate,39,282.07,140.01,0.03
2011-10-10,2011-10-01,Technology,Telephones and Communication,Nunavut,Nunavut,Corporate,24,426.037,-78.96,0.01
2010-09-23,2010-09-01,Technology,Computer Peripherals,Nunavut,Nunavut,Corporate,27,1078.49,252.66,0.08
2011-07-19,2011-07-01,Furniture,Chairs & Chairmats,Nunavut,Nunavut,Corporate,39,3554.46,-1766.01,0.07
2009-10-09,2009-10-01,Office Supplies,Binders and Binder Accessories,Nunavut,Nunavut,Corporate,47,191.67,-236.27,0.0
2009-10-09,2009-10-01,Furniture,Chairs & Chairmats,Nunavut,Nunavut,Corporate,49,5586.33,80.44,0.09
2009-10-09,2009-10-01,Office Supplies,Paper,Nunavut,Nunavut,Corporate,18,507.64,118.94,0.1
2010-12-09,2010-12-01,Furniture,Chairs & Chairmats,Nunavut,Nunavut,Consumer,30,14223.82,3424.22,0.09
2012-10-08,2012-10-01,Office Supplies,Binders and Binder Accessories,Nunavut,Nunavut,Small Business,5,42.66,-11.83,0.06
2012-05-02,2012-05-01,Office Supplies,Paper,Nunavut,Nunavut,Small Business,21,427.32,52.35,0.0
2010-03-08,2010-03-01,Technology,Telephones and Communication,Nunavut,Nunavut,Corporate,8,820.284,-180.2,0.0
2011-05-28,2011-05-01,Office Supplies,Labels,Nunavut,Nunavut,Corporate,5,14.76,1.32,0.01
2010-09-19,2010-09-01,Office Supplies,Appliances,Nunavut,Nunavut,Corporate,9,89.55,-375.64,0.06
2011-08-31,2011-08-01,Technology,Telephones and Communication,Nunavut,Nunavut,Home Office,11,1210.0515,-104.25,0.04
2011-08-31,2011-08-01,Office Supplies,Labels,Nunavut,Nunavut,Home Office,50,187.83,85.96,0.03
2011-08-31,2011-08-01,Office Supplies,Paper,Nunavut,Nunavut,Home Office,3,49.59,-8.38,0.07
2011-08-31,2011-08-01,Technology,Telephones and Communication,Nunavut,Nunavut,Home Office,30,4253.009,1115.69,0.01
2011-07-08,2011-07-01,Office Supplies,Binders and Binder Accessories,Nunavut,Nunavut,Home Office,7,59.38,-3.05,0.1
2009-01-30,2009-01-01,Technology,Computer Peripherals,Nunavut,Nunavut,Corporate,42,1285.37,514.07,0.1
2012-01-08,2012-01-01,Office Supplies,Paper,Nunavut,Nunavut,Corporate,11,48.91,-7.04,0.01
2010-11-07,2010-11-01,Office Supplies,Paper,Nunavut,Nunavut,Corporate,22,129.62,4.41,0.05
2010-04-29,2010-04-01,Furniture,Office Furnishings,Nunavut,Nunavut,Corporate,12,118.97,-0.06,0.09
2011-12-31,2011-12-01,Technology,Telephones and Communication,Nunavut,Nunavut,Home Office,8,61.8715,-50.33,0.0
2009-08-12,2009-08-01,Office Supplies,Binders and Binder Accessories,Nunavut,Nunavut,Corporate,7,384.33,87.68,0.1
2009-08-12,2009-08-01,Office Supplies,Appliances,Nunavut,Nunavut,Corporate,3,239.03,-68.22,0.01
2011-11-12,2011-11-01,Furniture,Office Furnishings,Nunavut,Nunavut,Home Office,44,3922.42,-354.9,0.08
2011-11-12,2011-11-01,Technology,Telephones and Communication,Nunavut,Nunavut,Home Office,25,1733.3625,-267.01,0.07
2012-01-20,2012-01-01,Office Supplies,Paper,Nunavut,Nunavut,Home Office,19,208.28,3.63,0.07
2009-03-20,2009-03-01,Office Supplies,"Scissors, Rulers and Trimmers",Nunavut,Nunavut,Corporate,6,9620.82,-1759.58,0.04
2012-07-21,2012-07-01,Office Supplies,Paper,Nunavut,Nunavut,Corporate,40,255.48,-116.79,0.04
2012-07-21,2012-07-01,Office Supplies,Paper,Nunavut,Nunavut,Corporate,18,130.32,-67.28,0.04
2012-06-12,2012-06-01,Office Supplies,Pens & Art Supplies,Nunavut,Nunavut,Corporate,11,312.36,-19.33,0.07
2009-01-15,2009-01-01,Office Supplies,Paper,Nunavut,Nunavut,Home Office,41,217.0,-61.21,0.01
2009-01-15,2009-01-01,Office Supplies,Paper,Nunavut,Nunavut,Home Office,47,296.13,119.09,0.04
2010-06-04,2010-06-01,Office Supplies,Storage & Organization,Nunavut,Nunavut,Consumer,40,436.17,-141.27,0.08
2010-02-18,2010-02-01,Office Supplies,Binders and Binder Accessories,Nunavut,Nunavut,Consumer,18,136.29,-77.28,0.05
2011-11-16,2011-11-01,Technology,Computer Peripherals,Nunavut,Nunavut,Corporate,32,1311.25,407.44,0.0
2011-11-16,2011-11-01,Furniture,Bookcases,Nunavut,Nunavut,Corporate,5,544.41,-338.27,0.09
2011-11-16,2011-11-01,Furniture,Office Furnishings,Nunavut,Nunavut,Corporate,41,844.09,52.56,0.04
2011-08-07,2011-08-01,Furniture,Chairs & Chairmats,Nunavut,Nunavut,Corporate,22,6396.2,1902.24,0.02
2010-06-08,2010-06-01,Office Supplies,Envelopes,Nunavut,Nunavut,Corporate,50,751.77,353.2,0.05
2009-10-17,2009-10-01,Office Supplies,Appliances,Nunavut,Nunavut,Consumer,37,1003.06,271.78,0.03
2011-08-28,2011-08-01,Furniture,Chairs & Chairmats,Nunavut,Nunavut,Corporate,4,1266.72,-268.36,0.04
2011-09-29,2011-09-01,Office Supplies,Paper,Nunavut,Nunavut,Small Business,19,368.04,70.39,0.07
2011-09-29,2011-09-01,Office Supplies,Paper,Nunavut,Nunavut,Small Business,24,152.6,-86.62,0.1
2012-05-04,2012-05-01,Office Supplies,Storage & Organization,Nunavut,Nunavut,Small Business,40,3338.98,-846.73,0.0
2011-05-17,2011-05-01,Office Supplies,Binders and Binder Accessories,Nunavut,Nunavut,Consumer,5,24.16,8.05,0.08
2011-05-17,2011-05-01,Office Supplies,Paper,Northwest Territories,Northwest Territories,Consumer,41,270.84,-78.02,0.1
2011-05-17,2011-05-01,Furniture,Office Furnishings,Northwest Territories,Northwest Territories,Consumer,35,3389.93,737.94,0.08
2011-05-17,2011-05-01,Office Supplies,Paper,Northwest Territories,Northwest Territories,Consumer,42,266.36,-191.28,0.07
2011-05-17,2011-05-01,Office Supplies,Rubber Bands,Northwest Territories,Northwest Territories,Consumer,46,89.41,-21.49,0.01
2009-11-17,2009-11-01,Office Supplies,Appliances,Northwest Territories,Northwest Territories,Corporate,47,2799.7,884.08,0.04
2011-10-10,2011-10-01,Office Supplies,Storage & Organization,Northwest Territories,Northwest Territories,Corporate,7,2039.56,-329.49,0.04
2012-10-07,2012-10-01,Furniture,Chairs & Chairmats,Northwest Territories,Northwest Territories,Home Office,36,12175.82,2825.15,0.02
2012-10-07,2012-10-01,Office Supplies,Paper,Northwest Territories,Northwest Territories,Home Office,5,101.21,2.13,0.1
2012-10-07,2012-10-01,Office Supplies,Paper,Northwest Territories,Northwest Territories,Home Office,32,1585.64,707.15,0.02
2011-08-13,2011-08-01,Office Supplies,Labels,Northwest Territories,Northwest Territories,Corporate,44,176.26,75.13,0.07
2011-08-16,2011-08-01,Furniture,Bookcases,Northwest Territories,Northwest Territories,Corporate,32,4655.07,-270.63,0.0
2011-08-16,2011-08-01,Furniture,Chairs & Chairmats,Northwest Territories,Northwest Territories,Corporate,44,10087.6,3387.35,0.01
2011-08-16,2011-08-01,Technology,Computer Peripherals,Northwest Territories,Northwest Territories,Corporate,34,1608.08,-82.16,0.09
2009-03-04,2009-03-01,Office Supplies,Paper,Northwest Territories,Northwest Territories,Small Business,1,12.18,-3.88,0.06
2009-08-18,2009-08-01,Office Supplies,Binders and Binder Accessories,Northwest Territories,Northwest Territories,Corporate,50,820.52,-191.22,0.01
2010-11-16,2010-11-01,Furniture,Tables,Northwest Territories,Northwest Territories,Corporate,29,6250.936,31.21,0.01
2011-05-27,2011-05-01,Furniture,Office Furnishings,Northwest Territories,Northwest Territories,Corporate,25,854.88,-44.14,0.09
2011-05-27,2011-05-01,Office Supplies,Pens & Art Supplies,Northwest Territories,Northwest Territories,Corporate,46,80.27,-0.79,0.09
2010-08-23,2010-08-01,Office Supplies,Pens & Art Supplies,Northwest Territories,Northwest Territories,Corporate,15,308.54,76.42,0.0
2011-08-19,2011-08-01,Office Supplies,Paper,Northwest Territories,Northwest Territories,Small Business,20,400.57,93.36,0.05
2012-01-03,2012-01-01,Technology,Telephones and Communication,Northwest Territories,Northwest Territories,Consumer,14,1170.025,4.22,0.04
2012-11-29,2012-11-01,Office Supplies,Storage & Organization,Northwest Territories,Northwest Territories,Small Business,48,5188.86,395.12,0.1
2012-03-17,2012-03-01,Office Supplies,Binders and Binder Accessories,Northwest Territories,Northwest Territories,Corporate,8,339.81,79.59,0.05
2010-04-12,2010-04-01,Furniture,Office Furnishings,Northwest Territories,Northwest Territories,Corporate,15,1519.9,399.37,0.09
2010-08-24,2010-08-01,Office Supplies,Labels,Northwest Territories,Northwest Territories,Home Office,30,102.24,37.79,0.09
2011-07-04,2011-07-01,Furniture,Tables,Northwest Territories,Northwest Territories,Corporate,6,965.69,-144.2,0.0
2010-11-10,2010-11-01,Office Supplies,Binders and Binder Accessories,Northwest Territories,Northwest Territories,Consumer,25,397.84,-14.75,0.0
2010-06-24,2010-06-01,Office Supplies,Storage & Organization,Northwest Territories,Northwest Territories,Corporate,4,73.07,-41.01,0.08
2010-06-24,2010-06-01,Furniture,Tables,Northwest Territories,Northwest Territories,Corporate,26,4679.1,111.52,0.05
2012-09-19,2012-09-01,Technology,Telephones and Communication,Northwest Territories,Northwest Territories,Home Office,46,8009.5925,2332.4,0.02
2012-09-19,2012-09-01,Furniture,Office Furnishings,Northwest Territories,Northwest Territories,Home Office,23,4689.66,2176.19,0.01
2011-12-24,2011-12-01,Technology,Office Machines,Northwest Territories,Northwest Territories,Corporate,25,3019.41,1269.05,0.04
2012-03-23,2012-03-01,Office Supplies,Binders and Binder Accessories,Northwest Territories,Northwest Territories,Corporate,5,36.86,-32.82,0.07
2011-10-15,2011-10-01,Technology,Office Machines,Northwest Territories,Northwest Territories,Corporate,12,22079.47,5322.14,0.06
2010-08-07,2010-08-01,Furniture,Chairs & Chairmats,Northwest Territories,Northwest Territories,Home Office,24,5407.31,1068.48,0.04
2009-03-03,2009-03-01,Furniture,Office Furnishings,Northwest Territories,Northwest Territories,Corporate,34,74.3,-129.01,0.08
2010-02-09,2010-02-01,Technology,Copiers and Fax,Northwest Territories,Northwest Territories,Small Business,44,21506.77,1260.51,0.06
2010-02-09,2010-02-01,Office Supplies,Storage & Organization,Northwest Territories,Northwest Territories,Small Business,28,669.02,-1274.02,0.02
2009-01-17,2009-01-01,Office Supplies,Labels,Northwest Territories,Northwest Territories,Small Business,40,1143.49,-193.44,0.08
2009-01-17,2009-01-01,Office Supplies,Pens & Art Supplies,Northwest Territories,Northwest Territories,Small Business,46,78.08,-43.1,0.01
2010-08-30,2010-08-01,Furniture,Chairs & Chairmats,Northwest Territories,Northwest Territories,Corporate,19,5297.47,-158.93,0.02
2010-08-30,2010-08-01,Office Supplies,Paper,Northwest Territories,Northwest Territories,Corporate,20,95.3,29.68,0.0
2009-09-11,2009-09-01,Office Supplies,Storage & Organization,Northwest Territories,Northwest Territories,Small Business,40,460.68,-116.76,0.01
2009-09-11,2009-09-01,Technology,Telephones and Communication,Northwest Territories,Northwest Territories,Small Business,49,318.7585,-160.95,0.1
2009-07-16,2009-07-01,Office Supplies,Appliances,Northwest Territories,Northwest Territories,Home Office,47,1020.61,-209.61,0.04
2012-11-15,2012-11-01,Office Supplies,Paper,Northwest Territories,Northwest Territories,Corporate,44,268.34,-240.83,0.09
2011-09-10,2011-09-01,Office Supplies,Paper,Northwest Territories,Northwest Territories,Small Business,6,209.0,12.32,0.08
2011-04-10,2011-04-01,Office Supplies,Binders and Binder Accessories,Northwest Territories,Northwest Territories,Small Business,30,501.32,-119.08,0.04
2011-04-10,2011-04-01,Office Supplies,Paper,Northwest Territories,Northwest Territories,Small Business,23,275.16,43.35,0.05
2011-04-10,2011-04-01,Office Supplies,Paper,Northwest Territories,Northwest Territories,Small Business,37,1302.99,545.49,0.02
2011-10-09,2011-10-01,Office Supplies,Binders and Binder Accessories,Northwest Territories,Northwest Territories,Small Business,1,40.1,-16.07,0.09
2011-10-09,2011-10-01,Office Supplies,Binders and Binder Accessories,Northwest Territories,Northwest Territories,Small Business,42,1414.05,161.48,0.09
2012-10-23,2012-10-01,Furniture,Bookcases,Northwest Territories,Northwest Territories,Corporate,34,5350.61,-1059.2,0.09
2012-01-08,2012-01-01,Technology,Computer Peripherals,Northwest Territories,Northwest Territories,Consumer,15,310.87,-21.48,0.07
2010-01-25,2010-01-01,Office Supplies,Appliances,Northwest Territories,Northwest Territories,Home Office,48,9062.73,3122.78,0.09
2010-01-25,2010-01-01,Furniture,Bookcases,Northwest Territories,Northwest Territories,Home Office,27,1584.1,-478.22,0.07
2011-01-27,2011-01-01,Furniture,Office Furnishings,Northwest Territories,Northwest Territories,Home Office,42,283.58,-14.23,0.03
2011-01-27,2011-01-01,Technology,Office Machines,Northwest Territories,Northwest Territories,Home Office,39,5403.37,948.79,0.06
2011-01-27,2011-01-01,Office Supplies,Pens & Art Supplies,Northwest Territories,Northwest Territories,Home Office,35,82.15,-6.33,0.03
2009-08-27,2009-08-01,Office Supplies,Paper,Northwest Territories,Northwest Territories,Small Business,50,2066.16,372.36,0.02
2011-03-17,2011-03-01,Furniture,Chairs & Chairmats,Northwest Territories,Northwest Territories,Corporate,18,4605.36,678.26,0.02
2011-03-17,2011-03-01,Furniture,Office Furnishings,Northwest Territories,Northwest Territories,Corporate,42,1753.51,155.72,0.02
2012-06-06,2012-06-01,Furniture,Office Furnishings,Northwest Territories,Northwest Territories,Small Business,31,426.34,73.53,0.0
2011-04-11,2011-04-01,Furniture,Bookcases,Northwest Territories,Northwest Territories,Home Office,36,1837.44,-1414.41,0.01
2011-04-11,2011-04-01,Furniture,Office Furnishings,Northwest Territories,Northwest Territories,Home Office,36,3722.29,950.68,0.04
2011-04-11,2011-04-01,Office Supplies,Paper,Northwest Territories,Northwest Territories,Home Office,4,28.05,-5.41,0.09
2012-11-06,2012-11-01,Technology,Computer Peripherals,Northwest Territories,Northwest Territories,Corporate,32,311.44,74.07,0.04
2012-11-06,2012-11-01,Furniture,Office Furnishings,Northwest Territories,Northwest Territories,Corporate,17,215.65,77.38,0.01
2012-05-16,2012-05-01,Technology,Computer Peripherals,Northwest Territories,Northwest Territories,Home Office,3,121.12,-118.82,0.1
2012-04-09,2012-04-01,Office Supplies,Storage & Organization,Northwest Territories,Northwest Territories,Corporate,8,300.2,6.41,0.0
2012-04-09,2012-04-01,Technology,Telephones and Communication,Northwest Territories,Northwest Territories,Corporate,29,1364.8025,-183.68,0.07
2012-08-05,2012-08-01,Office Supplies,Paper,Northwest Territories,Northwest Territories,Corporate,19,128.21,-55.13,0.05
2009-07-22,2009-07-01,Office Supplies,Binders and Binder Accessories,Northwest Territories,Northwest Territories,Corporate,9,252.79,58.23,0.09
2010-05-09,2010-05-01,Office Supplies,Pens & Art Supplies,Northwest Territories,Northwest Territories,Small Business,10,50.97,4.45,0.09
2010-05-09,2010-05-01,Office Supplies,"Scissors, Rulers and Trimmers",Northwest Territories,Northwest Territories,Small Business,1,4.99,-3.06,0.04
2009-02-18,2009-02-01,Furniture,Chairs & Chairmats,Northwest Territories,Northwest Territories,Corporate,30,10554.63,1240.25,0.09
2009-02-18,2009-02-01,Furniture,Tables,Northwest Territories,Northwest Territories,Corporate,8,1749.64,-533.23,0.04
2012-06-27,2012-06-01,Furniture,Office Furnishings,Northwest Territories,Northwest Territories,Corporate,47,1943.72,-1003.58,0.03
2012-06-27,2012-06-01,Office Supplies,Pens & Art Supplies,Northwest Territories,Northwest Territories,Corporate,6,18.37,-4.06,0.01
2012-06-27,2012-06-01,Technology,Telephones and Communication,Northwest Territories,Northwest Territories,Corporate,49,6175.777,1881.58,0.07
2010-09-30,2010-09-01,Office Supplies,Paper,Northwest Territories,Northwest Territories,Small Business,6,157.97,-42.38,0.01
2010-04-15,2010-04-01,Office Supplies,Paper,Northwest Territories,Northwest Territories,Consumer,25,144.84,-120.99,0.09
2010-04-15,2010-04-01,Office Supplies,Pens & Art Supplies,Northwest Territories,Northwest Territories,Consumer,20,127.16,12.88,0.09
2011-09-14,2011-09-01,Technology,Office Machines,Northwest Territories,Northwest Territories,Home Office,4,5472.12,-2816.34,0.06
2010-09-21,2010-09-01,Furniture,Chairs & Chairmats,Northwest Territories,Northwest Territories,Small Business,7,1810.67,-541.87,0.09
2010-08-17,2010-08-01,Technology,Computer Peripherals,Northwest Territories,Northwest Territories,Small Business,31,633.56,-158.87,0.09
2009-09-16,2009-09-01,Office Supplies,Paper,Northwest Territories,Northwest Territories,Home Office,27,644.4,-97.28,0.04
2009-06-22,2009-06-01,Furniture,Chairs & Chairmats,Northwest Territories,Northwest Territories,Corporate,7,1211.98,-80.83,0.1
2012-08-28,2012-08-01,Furniture,Chairs & Chairmats,Northwest Territories,Northwest Territories,Consumer,27,3316.08,-514.32,0.08
2011-06-07,2011-06-01,Office Supplies,Paper,Northwest Territories,Northwest Territories,Corporate,48,207.08,-131.82,0.09
2011-06-07,2011-06-01,Office Supplies,Storage & Organization,Northwest Territories,Northwest Territories,Corporate,8,234.28,-65.42,0.09
2011-06-07,2011-06-01,Technology,Telephones and Communication,Northwest Territories,Northwest Territories,Corporate,41,1779.8915,-250.17,0.09
2009-10-09,2009-10-01,Office Supplies,Binders and Binder Accessories,Northwest Territories,Northwest Territories,Corporate,30,114.12,15.73,0.05
2009-10-09,2009-10-01,Technology,Computer Peripherals,Northwest Territories,Northwest Territories,Corporate,15,436.05,-92.58,0.09
2009-10-09,2009-10-01,Technology,Telephones and Communication,Northwest Territories,Northwest Territories,Corporate,49,5247.4835,1465.87,0.0
2010-12-05,2010-12-01,Technology,Telephones and Communication,Northwest Territories,Northwest Territories,Corporate,9,173.417,18.23,0.0
2009-06-07,2009-06-01,Office Supplies,Binders and Binder Accessories,Northwest Territories,Northwest Territories,Small Business,18,23792.93,10951.31,0.0
2009-07-27,2009-07-01,Office Supplies,Appliances,Northwest Territories,Northwest Territories,Corporate,21,256.12,-18.19,0.03
2011-09-05,2011-09-01,Office Supplies,Storage & Organization,Northwest Territories,Northwest Territories,Home Office,30,387.0,-31.45,0.01
2009-01-11,2009-01-01,Technology,Computer Peripherals,Northwest Territories,Northwest Territories,Corporate,31,1143.45,304.42,0.06
2010-08-15,2010-08-01,Technology,Office Machines,Northwest Territories,Northwest Territories,Corporate,2,42.31,-53.08,0.06
2010-08-15,2010-08-01,Office Supplies,Binders and Binder Accessories,Northwest Territories,Northwest Territories,Corporate,11,152.67,12.76,0.04
2009-08-05,2009-08-01,Office Supplies,Pens & Art Supplies,Northwest Territories,Northwest Territories,Small Business,49,82.61,-46.25,0.08
2011-09-17,2011-09-01,Furniture,Chairs & Chairmats,Northwest Territories,Northwest Territories,Home Office,31,789.94,-190.41,0.1
2011-10-22,2011-10-01,Office Supplies,Paper,Northwest Territories,Northwest Territories,Small Business,42,435.24,174.89,0.08
2009-11-14,2009-11-01,Office Supplies,Binders and Binder Accessories,Northwest Territories,Northwest Territories,Small Business,8,473.7,72.51,0.05
2009-11-14,2009-11-01,Technology,Telephones and Communication,Northwest Territories,Northwest Territories,Small Business,33,553.5625,-76.86,0.08
2010-07-03,2010-07-01,Office Supplies,Pens & Art Supplies,Northwest Territories,Northwest Territories,Corporate,32,54.78,-30.54,0.02
2010-07-03,2010-07-01,Office Supplies,Pens & Art Supplies,Northwest Territories,Northwest Territories,Corporate,47,304.83,23.82,0.1
2009-01-30,2009-01-01,Technology,Office Machines,Northwest Territories,Northwest Territories,Consumer,31,16066.85,7416.43,0.07
2012-03-15,2012-03-01,Office Supplies,Pens & Art Supplies,Northwest Territories,Northwest Territories,Home Office,17,618.9,54.92,0.09
2009-08-10,2009-08-01,Technology,Telephones and Communication,Northwest Territories,Northwest Territories,Home Office,35,1665.0395,366.51,0.02
2010-04-01,2010-04-01,Furniture,Office Furnishings,Northwest Territories,Northwest Territories,Consumer,21,1049.79,135.79,0.08
2010-04-01,2010-04-01,Office Supplies,Storage & Organization,Northwest Territories,Northwest Territories,Consumer,16,817.18,103.38,0.1
2010-07-31,2010-07-01,Furniture,Office Furnishings,Northwest Territories,Northwest Territories,Corporate,49,465.83,-79.72,0.1
2009-05-29,2009-05-01,Technology,Telephones and Communication,Northwest Territories,Northwest Territories,Small Business,13,241.706,-92.96,0.0
2010-10-11,2010-10-01,Technology,Telephones and Communication,Northwest Territories,Northwest Territories,Corporate,44,275.91,-162.37,0.1
2010-05-18,2010-05-01,Office Supplies,Envelopes,Northwest Territories,Northwest Territories,Corporate,2,30.83,7.27,0.04
2011-02-08,2011-02-01,Office Supplies,Binders and Binder Accessories,Northwest Territories,Northwest Territories,Consumer,13,121.66,-11.8,0.03
2010-12-07,2010-12-01,Office Supplies,Paper,Northwest Territories,Northwest Territories,Corporate,16,108.42,-50.82,0.02
2010-12-07,2010-12-01,Office Supplies,Labels,Northwest Territories,Northwest Territories,Corporate,27,78.47,17.99,0.06
2009-01-06,2009-01-01,Furniture,Bookcases,Northwest Territories,Northwest Territories,Home Office,30,26133.39,-11053.6,0.04
2012-03-12,2012-03-01,Technology,Office Machines,Northwest Territories,Northwest Territories,Corporate,14,2671.21,636.18,0.06
2010-08-26,2010-08-01,Technology,Computer Peripherals,Northwest Territories,Northwest Territories,Home Office,26,531.66,135.65,0.08
2010-08-26,2010-08-01,Office Supplies,Envelopes,Northwest Territories,Northwest Territories,Home Office,28,317.85,-13.95,0.06
2010-08-26,2010-08-01,Office Supplies,Labels,Northwest Territories,Northwest Territories,Home Office,42,163.08,66.17,0.09
2011-06-20,2011-06-01,Office Supplies,Pens & Art Supplies,Northwest Territories,Northwest Territories,Corporate,38,103.07,-0.95,0.1
2010-08-04,2010-08-01,Technology,Computer Peripherals,Northwest Territories,Northwest Territories,Small Business,1,17.19,-35.34,0.0
2010-08-04,2010-08-01,Technology,Computer Peripherals,Northwest Territories,Northwest Territories,Small Business,27,2689.48,399.93,0.04
2010-08-04,2010-08-01,Office Supplies,Paper,Northwest Territories,Northwest Territories,Small Business,2,15.31,-8.15,0.01
2010-11-23,2010-11-01,Office Supplies,Paper,Northwest Territories,Northwest Territories,Corporate,13,270.63,7.07,0.1
2010-11-23,2010-11-01,Technology,Telephones and Communication,Northwest Territories,Northwest Territories,Corporate,43,6583.913,1459.79,0.09
2009-08-02,2009-08-01,Technology,Office Machines,Northwest Territories,Northwest Territories,Home Office,24,4865.72,1951.3,0.03
2011-08-10,2011-08-01,Furniture,Office Furnishings,Northwest Territories,Northwest Territories,Small Business,23,1003.31,51.9,0.01
2011-08-10,2011-08-01,Furniture,Tables,Northwest Territories,Northwest Territories,Small Business,17,6048.18,1418.36,0.04
2010-05-06,2010-05-01,Technology,Office Machines,Northwest Territories,Northwest Territories,Home Office,41,3051.27,121.48,0.1
2012-06-28,2012-06-01,Furniture,Chairs & Chairmats,Northwest Territories,Northwest Territories,Corporate,47,9633.59,176.67,0.06
2012-06-28,2012-06-01,Furniture,Chairs & Chairmats,Northwest Territories,Northwest Territories,Corporate,26,3758.77,753.61,0.0
2011-03-23,2011-03-01,Furniture,Office Furnishings,Northwest Territories,Northwest Territories,Corporate,6,143.78,75.3,0.04
2011-11-19,2011-11-01,Furniture,Office Furnishings,Northwest Territories,Northwest Territories,Small Business,22,440.92,-65.18,0.05
2012-11-26,2012-11-01,Technology,Office Machines,Northwest Territories,Northwest Territories,Corporate,3,4343.51,-3755.03,0.09
2010-07-29,2010-07-01,Technology,Computer Peripherals,Northwest Territories,Northwest Territories,Corporate,29,593.32,28.99,0.03
2010-07-29,2010-07-01,Office Supplies,Envelopes,Northwest Territories,Northwest Territories,Corporate,26,626.07,185.32,0.03
2012-05-12,2012-05-01,Office Supplies,Binders and Binder Accessories,Northwest Territories,Northwest Territories,Home Office,24,557.23,-42.99,0.09
2012-03-03,2012-03-01,Technology,Computer Peripherals,Northwest Territories,Northwest Territories,Corporate,7,261.88,-59.2,0.08
2012-03-03,2012-03-01,Office Supplies,Paper,Northwest Territories,Northwest Territories,Corporate,15,593.73,108.01,0.04
2010-08-20,2010-08-01,Office Supplies,Rubber Bands,Northwest Territories,Northwest Territories,Corporate,49,120.77,19.86,0.03
2010-06-27,2010-06-01,Furniture,Chairs & Chairmats,Northwest Territories,Northwest Territories,Home Office,22,795.74,-127.39,0.0
2010-06-27,2010-06-01,Technology,Computer Peripherals,Northwest Territories,Northwest Territories,Home Office,31,251.75,22.46,0.07
2012-10-29,2012-10-01,Office Supplies,Paper,Northwest Territories,Northwest Territories,Small Business,36,697.41,81.71,0.04
2010-01-16,2010-01-01,Furniture,Bookcases,Northwest Territories,Northwest Territories,Corporate,30,4684.9,-549.27,0.01
2012-06-29,2012-06-01,Furniture,Chairs & Chairmats,Northwest Territories,Northwest Territories,Home Office,6,905.94,-4.19,0.04
2011-08-08,2011-08-01,Office Supplies,Paper,Northwest Territories,Northwest Territories,Home Office,12,270.23,52.02,0.08
2011-08-08,2011-08-01,Office Supplies,Storage & Organization,Northwest Territories,Northwest Territories,Home Office,20,660.27,63.83,0.09
2010-02-21,2010-02-01,Office Supplies,Labels,Northwest Territories,Northwest Territories,Corporate,11,32.4,8.78,0.05
2011-06-20,2011-06-01,Technology,Telephones and Communication,Northwest Territories,Northwest Territories,Corporate,26,4688.9485,1215.44,0.0
2009-09-04,2009-09-01,Office Supplies,Binders and Binder Accessories,Northwest Territories,Northwest Territories,Corporate,8,50.7,-44.07,0.08
2009-09-04,2009-09-01,Technology,Computer Peripherals,Northwest Territories,Northwest Territories,Corporate,10,90.06,-100.51,0.09
2009-09-04,2009-09-01,Furniture,Office Furnishings,Northwest Territories,Northwest Territories,Corporate,22,338.52,-17.75,0.21
2009-09-04,2009-09-01,Technology,Telephones and Communication,Northwest Territories,Northwest Territories,Corporate,48,6109.817,1374.95,0.04
2009-06-21,2009-06-01,Furniture,Office Furnishings,Northwest Territories,Northwest Territories,Home Office,1,34.11,-12.95,0.02
2012-02-08,2012-02-01,Technology,Computer Peripherals,Northwest Territories,Northwest Territories,Consumer,48,538.22,-154.66,0.01
2009-03-11,2009-03-01,Technology,Computer Peripherals,Northwest Territories,Northwest Territories,Home Office,11,1064.23,-127.56,0.06
2009-03-11,2009-03-01,Office Supplies,Storage & Organization,Northwest Territories,Northwest Territories,Home Office,18,3497.05,282.18,0.0
2009-03-11,2009-03-01,Technology,Telephones and Communication,Northwest Territories,Northwest Territories,Home Office,44,774.0525,-96.34,0.08
2011-06-04,2011-06-01,Furniture,Office Furnishings,Northwest Territories,Northwest Territories,Small Business,3,74.05,44.54,0.02
2012-03-02,2012-03-01,Technology,Office Machines,Northwest Territories,Northwest Territories,Corporate,37,5753.85,2509.52,0.0
2011-08-12,2011-08-01,Office Supplies,Storage & Organization,Northwest Territories,Northwest Territories,Corporate,48,18235.47,1166.93,0.03
2011-08-12,2011-08-01,Technology,Telephones and Communication,Northwest Territories,Northwest Territories,Corporate,16,2631.107,297.11,0.0
2009-09-01,2009-09-01,Office Supplies,Paper,Northwest Territories,Northwest Territories,Consumer,32,209.42,65.41,0.1
2010-01-26,2010-01-01,Office Supplies,Appliances,Northwest Territories,Northwest Territories,Small Business,32,324.4,-46.98,0.1
2010-01-26,2010-01-01,Office Supplies,Paper,Northwest Territories,Northwest Territories,Small Business,19,137.02,-46.89,0.01
2011-09-02,2011-09-01,Office Supplies,Binders and Binder Accessories,Northwest Territories,Northwest Territories,Corporate,1,232.67,-105.14,0.02
2011-09-02,2011-09-01,Furniture,Bookcases,Northwest Territories,Northwest Territories,Corporate,34,4805.92,-393.96,0.07
2012-02-07,2012-02-01,Office Supplies,Paper,Northwest Territories,Northwest Territories,Corporate,1,62.26,-23.24,0.09
2012-02-07,2012-02-01,Office Supplies,Rubber Bands,Northwest Territories,Northwest Territories,Corporate,47,58.53,-24.86,0.07
2011-03-19,2011-03-01,Office Supplies,Paper,Northwest Territories,Northwest Territories,Corporate,31,157.79,-95.92,0.09
2011-05-08,2011-05-01,Office Supplies,Binders and Binder Accessories,Northwest Territories,Northwest Territories,Home Office,19,376.21,89.56,0.03
2009-09-25,2009-09-01,Office Supplies,Appliances,Northwest Territories,Northwest Territories,Corporate,37,1601.24,520.69,0.08
2009-09-25,2009-09-01,Office Supplies,"Scissors, Rulers and Trimmers",Northwest Territories,Northwest Territories,Corporate,40,501.31,38.23,0.05
2012-07-09,2012-07-01,Office Supplies,Binders and Binder Accessories,Northwest Territories,Northwest Territories,Corporate,2,24.96,-12.8,0.05
2010-01-14,2010-01-01,Office Supplies,Paper,Northwest Territories,Northwest Territories,Corporate,31,166.76,-46.03,0.01
2009-08-26,2009-08-01,Office Supplies,Storage & Organization,Northwest Territories,Northwest Territories,Corporate,2,811.13,-517.47,0.08
2009-10-08,2009-10-01,Technology,Telephones and Communication,Northwest Territories,Northwest Territories,Consumer,15,822.8425,4.39,0.1
2011-11-10,2011-11-01,Technology,Telephones and Communication,Northwest Territories,Northwest Territories,Corporate,35,3310.9455,822.4,0.05
2012-04-15,2012-04-01,Technology,Computer Peripherals,Northwest Territories,Northwest Territories,Small Business,10,55.02,-56.12,0.08
2012-01-02,2012-01-01,Office Supplies,Pens & Art Supplies,Northwest Territories,Northwest Territories,Corporate,10,192.58,24.6,0.05
2011-03-08,2011-03-01,Office Supplies,Binders and Binder Accessories,Northwest Territories,Northwest Territories,Small Business,40,291.67,54.46,0.01
2009-07-02,2009-07-01,Office Supplies,Binders and Binder Accessories,Northwest Territories,Northwest Territories,Consumer,50,281.39,-106.4,0.1
2009-07-02,2009-07-01,Technology,Office Machines,Northwest Territories,Northwest Territories,Consumer,49,12593.91,2699.67,0.09
2011-04-15,2011-04-01,Furniture,Bookcases,Northwest Territories,Northwest Territories,Home Office,22,6123.94,1292.44,0.01
2011-11-25,2011-11-01,Office Supplies,Binders and Binder Accessories,Northwest Territories,Northwest Territories,Small Business,49,19325.2,8793.54,0.05
2011-11-25,2011-11-01,Furniture,Bookcases,Northwest Territories,Northwest Territories,Small Business,48,8380.22,813.83,0.0
2012-04-25,2012-04-01,Office Supplies,Labels,Northwest Territories,Northwest Territories,Small Business,11,35.17,5.58,0.03
2011-03-26,2011-03-01,Technology,Copiers and Fax,Northwest Territories,Northwest Territories,Corporate,35,17387.65,6907.61,0.08
2011-03-26,2011-03-01,Office Supplies,Storage & Organization,Northwest Territories,Northwest Territories,Corporate,44,6040.22,-942.5,0.05
2010-07-14,2010-07-01,Office Supplies,Binders and Binder Accessories,Northwest Territories,Northwest Territories,Corporate,17,691.59,261.24,0.03
2010-07-14,2010-07-01,Office Supplies,Labels,Northwest Territories,Northwest Territories,Corporate,45,345.2,183.53,0.01
2010-10-23,2010-10-01,Technology,Telephones and Communication,Northwest Territories,Northwest Territories,Small Business,36,1955.0765,470.83,0.06
2009-08-24,2009-08-01,Office Supplies,Paper,Northwest Territories,Northwest Territories,Corporate,27,217.93,-29.02,0.03
2011-06-09,2011-06-01,Furniture,Office Furnishings,Northwest Territories,Northwest Territories,Home Office,6,254.76,109.88,0.06
2012-11-23,2012-11-01,Furniture,Chairs & Chairmats,Northwest Territories,Northwest Territories,Corporate,21,6806.66,801.72,0.0
2012-11-23,2012-11-01,Furniture,Chairs & Chairmats,Northwest Territories,Northwest Territories,Corporate,3,891.61,-328.36,0.1
2012-11-23,2012-11-01,Technology,Computer Peripherals,Northwest Territories,Northwest Territories,Corporate,5,165.04,-112.44,0.03
2009-05-01,2009-05-01,Office Supplies,Storage & Organization,Northwest Territories,Northwest Territories,Corporate,2,789.01,-539.59,0.07
2012-05-11,2012-05-01,Furniture,Office Furnishings,Northwest Territories,Northwest Territories,Corporate,4,97.57,-27.31,0.04
2012-05-11,2012-05-01,Office Supplies,"Scissors, Rulers and Trimmers",Northwest Territories,Northwest Territories,Corporate,31,110.32,-32.65,0.09
2010-10-15,2010-10-01,Office Supplies,Appliances,Northwest Territories,Northwest Territories,Small Business,26,321.68,-12.25,0.04
2010-10-15,2010-10-01,Office Supplies,Storage & Organization,Northwest Territories,Northwest Territories,Small Business,34,971.95,-21.1,0.09
2010-10-15,2010-10-01,Office Supplies,Storage & Organization,Northwest Territories,Northwest Territories,Small Business,23,2149.03,-235.56,0.03
2011-07-23,2011-07-01,Office Supplies,Appliances,Northwest Territories,Northwest Territories,Home Office,12,3671.3,900.06,0.04
2011-07-23,2011-07-01,Technology,Computer Peripherals,Northwest Territories,Northwest Territories,Home Office,42,1763.6,455.37,0.08
2011-07-11,2011-07-01,Office Supplies,Binders and Binder Accessories,Northwest Territories,Northwest Territories,Corporate,14,403.17,147.45,0.02
2012-09-16,2012-09-01,Office Supplies,Paper,Northwest Territories,Northwest Territories,Corporate,15,89.97,23.48,0.02
2012-09-16,2012-09-01,Office Supplies,Storage & Organization,Northwest Territories,Northwest Territories,Corporate,28,456.91,-328.18,0.04
2009-01-16,2009-01-01,Office Supplies,Binders and Binder Accessories,Northwest Territories,Northwest Territories,Corporate,46,249.02,-282.61,0.1
2009-01-16,2009-01-01,Office Supplies,Rubber Bands,Northwest Territories,Northwest Territories,Corporate,41,78.49,5.53,0.03
2010-10-20,2010-10-01,Office Supplies,Paper,Northwest Territories,Northwest Territories,Small Business,4,40.72,-10.25,0.1
2010-10-20,2010-10-01,Office Supplies,Rubber Bands,Northwest Territories,Northwest Territories,Small Business,27,113.3,37.33,0.02
2010-08-30,2010-08-01,Technology,Office Machines,Northwest Territories,Northwest Territories,Corporate,8,1219.19,44.37,0.02
2010-08-30,2010-08-01,Office Supplies,Pens & Art Supplies,Northwest Territories,Northwest Territories,Corporate,15,28.68,-0.12,0.0
2010-05-07,2010-05-01,Office Supplies,Appliances,Northwest Territories,Northwest Territories,Corporate,19,3548.67,1280.19,0.01
2011-06-21,2011-06-01,Furniture,Office Furnishings,Northwest Territories,Northwest Territories,Home Office,8,178.78,-28.34,0.02
2010-11-24,2010-11-01,Furniture,Bookcases,Northwest Territories,Northwest Territories,Corporate,41,6045.98,-996.67,0.08
2012-04-27,2012-04-01,Technology,Telephones and Communication,Northwest Territories,Northwest Territories,Corporate,3,56.695,-70.97,0.01
2012-08-28,2012-08-01,Technology,Telephones and Communication,Northwest Territories,Northwest Territories,Corporate,24,1350.531,221.18,0.01
2011-07-31,2011-07-01,Office Supplies,Paper,Northwest Territories,Northwest Territories,Corporate,20,100.4,11.94,0.06
2011-07-31,2011-07-01,Office Supplies,"Scissors, Rulers and Trimmers",Northwest Territories,Northwest Territories,Corporate,19,327.15,47.3,0.04
2012-10-06,2012-10-01,Office Supplies,Pens & Art Supplies,Northwest Territories,Northwest Territories,Corporate,11,30.51,-17.68,0.09
2012-10-06,2012-10-01,Office Supplies,Storage & Organization,Northwest Territories,Northwest Territories,Corporate,8,127.8,-30.48,0.07
2010-02-06,2010-02-01,Technology,Computer Peripherals,Northwest Territories,Northwest Territories,Corporate,4,242.36,-131.48,0.08
2010-02-06,2010-02-01,Office Supplies,Storage & Organization,Northwest Territories,Northwest Territories,Corporate,25,802.19,56.26,0.0
2010-02-06,2010-02-01,Office Supplies,Storage & Organization,Northwest Territories,Northwest Territories,Corporate,4,63.52,-8.47,0.08
2011-10-17,2011-10-01,Office Supplies,Paper,Northwest Territories,Northwest Territories,Corporate,13,371.94,106.53,0.05
2009-08-20,2009-08-01,Office Supplies,Binders and Binder Accessories,Northwest Territories,Northwest Territories,Home Office,31,349.43,-44.92,0.04
2009-08-20,2009-08-01,Office Supplies,Storage & Organization,Northwest Territories,Northwest Territories,Home Office,3,58.33,-35.08,0.02
2009-08-20,2009-08-01,Office Supplies,Storage & Organization,Northwest Territories,Northwest Territories,Home Office,47,10377.22,965.48,0.05
2010-06-14,2010-06-01,Office Supplies,Paper,Northwest Territories,Northwest Territories,Corporate,14,140.66,11.34,0.0
2010-06-14,2010-06-01,Office Supplies,"Scissors, Rulers and Trimmers",Northwest Territories,Northwest Territories,Corporate,5,42.89,-32.48,0.02
2010-06-14,2010-06-01,Technology,Computer Peripherals,Northwest Territories,Northwest Territories,Corporate,48,226.5,-173.15,0.09
2010-06-14,2010-06-01,Technology,Computer Peripherals,Northwest Territories,Northwest Territories,Corporate,13,438.93,-119.02,0.04
2010-02-27,2010-02-01,Technology,Office Machines,Northwest Territories,Northwest Territories,Home Office,31,15251.5,5353.19,0.06
2009-08-15,2009-08-01,Office Supplies,Labels,Northwest Territories,Northwest Territories,Corporate,13,34.42,9.47,0.02
2009-08-15,2009-08-01,Office Supplies,Labels,Northwest Territories,Northwest Territories,Corporate,26,172.76,73.18,0.1
2009-08-15,2009-08-01,Technology,Telephones and Communication,Northwest Territories,Northwest Territories,Corporate,50,853.162,-83.95,0.1
2011-05-14,2011-05-01,Office Supplies,Binders and Binder Accessories,Northwest Territories,Northwest Territories,Home Office,6,35.65,-5.92,0.02
2010-10-07,2010-10-01,Office Supplies,Appliances,Northwest Territories,Northwest Territories,Home Office,49,199.86,-257.11,0.03
2010-10-07,2010-10-01,Technology,Office Machines,Northwest Territories,Northwest Territories,Home Office,18,1888.02,192.33,0.03
2010-10-07,2010-10-01,Office Supplies,Envelopes,Northwest Territories,Northwest Territories,Home Office,27,322.69,1.91,0.01
2009-10-23,2009-10-01,Office Supplies,Binders and Binder Accessories,Northwest Territories,Northwest Territories,Corporate,5,22.06,-22.28,0.06
2009-10-23,2009-10-01,Technology,Copiers and Fax,Northwest Territories,Northwest Territories,Corporate,19,12616.2,2808.22,0.07
2010-06-09,2010-06-01,Office Supplies,Rubber Bands,Northwest Territories,Northwest Territories,Home Office,31,148.17,-7.06,0.0
2011-01-10,2011-01-01,Office Supplies,Pens & Art Supplies,Northwest Territories,Northwest Territories,Corporate,39,217.25,33.5,0.07
2011-01-10,2011-01-01,Furniture,Tables,Northwest Territories,Northwest Territories,Corporate,28,5993.74,-998.94,0.07
2009-01-30,2009-01-01,Technology,Computer Peripherals,Northwest Territories,Northwest Territories,Corporate,23,361.65,-144.27,0.08
2011-03-28,2011-03-01,Office Supplies,Binders and Binder Accessories,Northwest Territories,Northwest Territories,Home Office,45,1038.82,-78.36,0.05
2011-03-28,2011-03-01,Office Supplies,Binders and Binder Accessories,Northwest Territories,Northwest Territories,Home Office,47,564.39,51.82,0.09
2010-11-22,2010-11-01,Technology,Telephones and Communication,Northwest Territories,Northwest Territories,Corporate,6,826.9735,-413.33,0.01
2011-05-30,2011-05-01,Technology,Telephones and Communication,Northwest Territories,Northwest Territories,Consumer,33,999.226,381.17,0.02
2012-05-13,2012-05-01,Technology,Computer Peripherals,Northwest Territories,Northwest Territories,Corporate,24,2298.32,218.72,0.06
2010-06-08,2010-06-01,Office Supplies,Storage & Organization,Northwest Territories,Northwest Territories,Small Business,24,1168.15,-743.96,0.04
2009-11-29,2009-11-01,Office Supplies,Rubber Bands,Northwest Territories,Northwest Territories,Home Office,47,181.78,71.56,0.02
2012-09-01,2012-09-01,Technology,Computer Peripherals,Northwest Territories,Northwest Territories,Small Business,46,1184.32,-99.55,0.09
2010-02-26,2010-02-01,Technology,Computer Peripherals,Northwest Territories,Northwest Territories,Small Business,3,71.94,-70.68,0.01
2010-02-26,2010-02-01,Office Supplies,Paper,Northwest Territories,Northwest Territories,Small Business,10,550.61,98.32,0.08
2010-02-26,2010-02-01,Office Supplies,Storage & Organization,Northwest Territories,Northwest Territories,Small Business,18,1373.11,-599.54,0.1
2012-05-21,2012-05-01,Office Supplies,Storage & Organization,Northwest Territories,Northwest Territories,Corporate,32,368.18,-36.78,0.07
2009-11-08,2009-11-01,Office Supplies,"Scissors, Rulers and Trimmers",Northwest Territories,Northwest Territories,Corporate,16,224.47,-49.31,0.08
2010-08-27,2010-08-01,Furniture,Office Furnishings,Northwest Territories,Northwest Territories,Corporate,1,104.85,-98.31,0.07
2012-08-17,2012-08-01,Office Supplies,Paper,Northwest Territories,Northwest Territories,Consumer,47,256.0,-119.84,0.03
2012-08-17,2012-08-01,Furniture,Tables,Northwest Territories,Northwest Territories,Consumer,20,6067.76,-98.05,0.06
2012-11-09,2012-11-01,Furniture,Office Furnishings,Northwest Territories,Northwest Territories,Corporate,29,2754.93,-1.33,0.06
2012-11-09,2012-11-01,Office Supplies,Binders and Binder Accessories,Northwest Territories,Northwest Territories,Corporate,15,19417.55,8417.57,0.03
2011-06-02,2011-06-01,Furniture,Chairs & Chairmats,Northwest Territories,Northwest Territories,Home Office,40,4842.21,-1975.26,0.03
2011-08-10,2011-08-01,Office Supplies,Binders and Binder Accessories,Northwest Territories,Northwest Territories,Corporate,31,615.58,168.0,0.04
2011-08-10,2011-08-01,Furniture,Chairs & Chairmats,Northwest Territories,Northwest Territories,Corporate,41,8387.1,2113.95,0.1
2011-08-10,2011-08-01,Furniture,Office Furnishings,Northwest Territories,Northwest Territories,Corporate,6,126.02,66.97,0.09
2011-08-10,2011-08-01,Office Supplies,Rubber Bands,Northwest Territories,Northwest Territories,Corporate,30,68.14,6.37,0.0
2009-02-27,2009-02-01,Technology,Computer Peripherals,Northwest Territories,Northwest Territories,Corporate,14,71.47,-62.73,0.06
2010-06-07,2010-06-01,Technology,Telephones and Communication,Northwest Territories,Northwest Territories,Home Office,10,568.3355,-147.36,0.02
2012-02-17,2012-02-01,Technology,Telephones and Communication,Northwest Territories,Northwest Territories,Corporate,38,2157.3085,519.25,0.0
2012-02-23,2012-02-01,Furniture,Chairs & Chairmats,Northwest Territories,Northwest Territories,Corporate,26,1363.0,149.83,0.04
2012-02-23,2012-02-01,Furniture,Tables,Northwest Territories,Northwest Territories,Corporate,36,4698.5,-219.38,0.04
2012-02-23,2012-02-01,Office Supplies,Binders and Binder Accessories,Northwest Territories,Northwest Territories,Corporate,16,347.47,-86.2,0.09
2009-10-15,2009-10-01,Furniture,Office Furnishings,Northwest Territories,Northwest Territories,Consumer,23,1404.22,202.87,0.1
2009-03-13,2009-03-01,Office Supplies,Binders and Binder Accessories,Northwest Territories,Northwest Territories,Home Office,3,17.52,-12.16,0.05
2010-03-12,2010-03-01,Furniture,Chairs & Chairmats,Northwest Territories,Northwest Territories,Consumer,36,4273.8,-1775.83,0.06
2009-07-07,2009-07-01,Office Supplies,Binders and Binder Accessories,Northwest Territories,Northwest Territories,Home Office,25,192.18,-48.88,0.02
2012-11-21,2012-11-01,Office Supplies,Pens & Art Supplies,Northwest Territories,Northwest Territories,Home Office,22,483.96,-34.09,0.01
2012-11-21,2012-11-01,Technology,Telephones and Communication,Northwest Territories,Northwest Territories,Home Office,10,308.363,42.27,0.04
2012-11-21,2012-11-01,Technology,Telephones and Communication,Northwest Territories,Northwest Territories,Home Office,26,1911.4035,822.89,0.06
2009-03-02,2009-03-01,Technology,Computer Peripherals,Northwest Territories,Northwest Territories,Corporate,29,862.2,-45.1,0.1
2011-09-22,2011-09-01,Office Supplies,Storage & Organization,Northwest Territories,Northwest Territories,Home Office,7,120.03,-56.06,0.02
2011-07-21,2011-07-01,Office Supplies,Binders and Binder Accessories,Northwest Territories,Northwest Territories,Corporate,1,18.92,-18.25,0.0
2009-07-13,2009-07-01,Office Supplies,Appliances,Northwest Territories,Northwest Territories,Small Business,45,237.28,-2088.68,0.03
2010-03-29,2010-03-01,Office Supplies,Appliances,Northwest Territories,Northwest Territories,Corporate,5,324.55,-12.82,0.08
2010-03-29,2010-03-01,Furniture,Chairs & Chairmats,Northwest Territories,Northwest Territories,Corporate,31,8901.78,2795.36,0.04
2010-02-06,2010-02-01,Technology,Telephones and Communication,Northwest Territories,Northwest Territories,Consumer,15,1062.959,298.48,0.07
2012-09-12,2012-09-01,Furniture,Chairs & Chairmats,Northwest Territories,Northwest Territories,Small Business,35,7468.86,2155.41,0.02
2010-12-22,2010-12-01,Technology,Telephones and Communication,Northwest Territories,Northwest Territories,Small Business,12,710.328,-10.3,0.02
2009-05-30,2009-05-01,Office Supplies,Binders and Binder Accessories,Northwest Territories,Northwest Territories,Home Office,4,3510.82,232.44,0.05
2012-12-21,2012-12-01,Office Supplies,Binders and Binder Accessories,Northwest Territories,Northwest Territories,Corporate,19,281.84,-21.85,0.06
2012-12-21,2012-12-01,Technology,Computer Peripherals,Northwest Territories,Northwest Territories,Corporate,25,509.52,-145.78,0.05
2012-12-21,2012-12-01,Technology,Computer Peripherals,Northwest Territories,Northwest Territories,Corporate,10,97.02,-3.96,0.06
2012-02-14,2012-02-01,Office Supplies,Paper,Northwest Territories,Northwest Territories,Home Office,32,225.16,-33.69,0.02
2010-07-03,2010-07-01,Furniture,Office Furnishings,Northwest Territories,Northwest Territories,Corporate,20,205.33,10.68,0.0
2011-05-16,2011-05-01,Office Supplies,Appliances,Northwest Territories,Northwest Territories,Home Office,17,1368.14,171.26,0.05
2010-03-07,2010-03-01,Office Supplies,Appliances,Northwest Territories,Northwest Territories,Corporate,42,2475.83,752.37,0.09
2009-04-27,2009-04-01,Technology,Telephones and Communication,Northwest Territories,Northwest Territories,Home Office,40,2205.7585,337.04,0.03
2012-04-07,2012-04-01,Office Supplies,Envelopes,Northwest Territories,Northwest Territories,Corporate,21,524.2,158.98,0.04
2010-12-31,2010-12-01,Office Supplies,Envelopes,Northwest Territories,Northwest Territories,Small Business,39,6553.45,2969.81,0.03
2010-02-02,2010-02-01,Office Supplies,Envelopes,Northwest Territories,Northwest Territories,Small Business,45,497.14,240.41,0.05
2010-02-02,2010-02-01,Office Supplies,Binders and Binder Accessories,Northwest Territories,Northwest Territories,Small Business,21,917.39,393.41,0.02
2012-04-15,2012-04-01,Office Supplies,Binders and Binder Accessories,Northwest Territories,Northwest Territories,Corporate,19,110.67,-43.75,0.08
2012-04-15,2012-04-01,Technology,Telephones and Communication,Northwest Territories,Northwest Territories,Corporate,20,1163.123,83.84,0.0
2010-05-19,2010-05-01,Office Supplies,Binders and Binder Accessories,Northwest Territories,Northwest Territories,Corporate,48,224.58,-144.76,0.03
2010-05-19,2010-05-01,Office Supplies,Envelopes,Northwest Territories,Northwest Territories,Corporate,34,365.77,155.69,0.07
2010-05-19,2010-05-01,Technology,Office Machines,Northwest Territories,Northwest Territories,Corporate,34,16073.03,5386.32,0.01
2009-07-27,2009-07-01,Furniture,Office Furnishings,Northwest Territories,Northwest Territories,Small Business,15,30.68,-37.39,0.02
2009-03-31,2009-03-01,Technology,Telephones and Communication,Northwest Territories,Northwest Territories,Corporate,1,54.077,-232.99,0.07
2012-06-11,2012-06-01,Furniture,Office Furnishings,Northwest Territories,Northwest Territories,Consumer,27,899.97,-246.3,0.09
2010-09-01,2010-09-01,Technology,Telephones and Communication,Northwest Territories,Northwest Territories,Consumer,40,6789.9275,1864.66,0.08
2012-08-09,2012-08-01,Furniture,Chairs & Chairmats,Northwest Territories,Northwest Territories,Corporate,5,748.29,-183.6,0.02
2010-05-07,2010-05-01,Furniture,Office Furnishings,Northwest Territories,Northwest Territories,Home Office,37,2522.21,1026.07,0.0
2010-05-07,2010-05-01,Technology,Office Machines,Northwest Territories,Northwest Territories,Home Office,28,4181.82,1765.48,0.01
2011-08-25,2011-08-01,Technology,Telephones and Communication,Northwest Territories,Northwest Territories,Small Business,39,680.8585,319.1,0.05
2010-09-21,2010-09-01,Technology,Computer Peripherals,Northwest Territories,Northwest Territories,Home Office,20,759.84,162.83,0.06
2010-09-21,2010-09-01,Office Supplies,Paper,Northwest Territories,Northwest Territories,Home Office,19,147.39,-30.92,0.08
2012-06-30,2012-06-01,Furniture,Office Furnishings,Northwest Territories,Northwest Territories,Home Office,5,294.0,181.53,0.0
2011-01-17,2011-01-01,Office Supplies,Labels,Northwest Territories,Northwest Territories,Corporate,34,216.3,103.16,0.01
2010-10-10,2010-10-01,Office Supplies,Pens & Art Supplies,Northwest Territories,Northwest Territories,Corporate,12,31.6,-3.64,0.1
2011-06-09,2011-06-01,Office Supplies,Binders and Binder Accessories,Northwest Territories,Northwest Territories,Corporate,43,154.18,-166.92,0.08
2011-06-09,2011-06-01,Office Supplies,Pens & Art Supplies,Northwest Territories,Northwest Territories,Corporate,18,110.31,-1.22,0.05
2011-06-09,2011-06-01,Office Supplies,Rubber Bands,Northwest Territories,Northwest Territories,Corporate,41,137.51,21.62,0.02
2012-06-26,2012-06-01,Office Supplies,"Scissors, Rulers and Trimmers",Northwest Territories,Northwest Territories,Corporate,27,302.2,20.27,0.04
2010-03-16,2010-03-01,Office Supplies,"Scissors, Rulers and Trimmers",Northwest Territories,Northwest Territories,Small Business,46,399.58,-188.53,0.04
2010-11-13,2010-11-01,Furniture,Office Furnishings,Northwest Territories,Northwest Territories,Corporate,8,52.39,-17.38,0.08
2009-11-14,2009-11-01,Office Supplies,Labels,Northwest Territories,Northwest Territories,Home Office,12,61.09,24.06,0.04
2009-11-14,2009-11-01,Office Supplies,Pens & Art Supplies,Northwest Territories,Northwest Territories,Home Office,48,777.76,63.46,0.02
2011-09-12,2011-09-01,Office Supplies,Paper,Northwest Territories,Northwest Territories,Home Office,4,108.87,-39.92,0.05
2009-11-23,2009-11-01,Technology,Office Machines,Northwest Territories,Northwest Territories,Small Business,48,10051.52,4938.78,0.05
2010-07-10,2010-07-01,Office Supplies,Labels,Northwest Territories,Northwest Territories,Corporate,1,97.13,-37.06,0.05
2009-03-06,2009-03-01,Office Supplies,Appliances,Northwest Territories,Northwest Territories,Home Office,26,1523.5,-807.89,0.07
2011-02-17,2011-02-01,Technology,Office Machines,Northwest Territories,Northwest Territories,Small Business,5,756.15,-280.28,0.06
2011-02-17,2011-02-01,Office Supplies,Storage & Organization,Northwest Territories,Northwest Territories,Small Business,1,18.15,-7.26,0.04
2011-11-19,2011-11-01,Furniture,Office Furnishings,Northwest Territories,Northwest Territories,Corporate,12,1323.67,630.28,0.04
2011-06-03,2011-06-01,Office Supplies,Labels,Northwest Territories,Northwest Territories,Small Business,17,47.44,14.49,0.09
2010-05-25,2010-05-01,Office Supplies,Binders and Binder Accessories,Northwest Territories,Northwest Territories,Corporate,2,51.21,-27.53,0.0
2010-05-25,2010-05-01,Furniture,Tables,Northwest Territories,Northwest Territories,Corporate,20,2195.55,-355.94,0.01
2009-05-30,2009-05-01,Office Supplies,Binders and Binder Accessories,Northwest Territories,Northwest Territories,Home Office,30,3482.41,1443.35,0.05
2012-08-30,2012-08-01,Office Supplies,Envelopes,Northwest Territories,Northwest Territories,Corporate,43,683.46,-138.82,0.09
2011-12-16,2011-12-01,Office Supplies,"Scissors, Rulers and Trimmers",Northwest Territories,Northwest Territories,Home Office,50,600.22,27.86,0.08
2009-12-09,2009-12-01,Technology,Telephones and Communication,Northwest Territories,Northwest Territories,Consumer,9,64.0305,-58.34,0.06
2012-07-03,2012-07-01,Technology,Telephones and Communication,Northwest Territories,Northwest Territories,Corporate,49,8551.544,2763.13,0.03
2010-12-24,2010-12-01,Furniture,Office Furnishings,Northwest Territories,Northwest Territories,Home Office,2,291.66,-192.92,0.08
2011-05-17,2011-05-01,Technology,Telephones and Communication,Northwest Territories,Northwest Territories,Corporate,5,503.3275,-488.31,0.06
2012-01-11,2012-01-01,Technology,Office Machines,Northwest Territories,Northwest Territories,Small Business,1,171.71,-343.47,0.06
2011-10-03,2011-10-01,Office Supplies,Storage & Organization,Northwest Territories,Northwest Territories,Home Office,39,1326.04,-1129.96,0.02
2011-10-03,2011-10-01,Furniture,Tables,Northwest Territories,Northwest Territories,Home Office,22,3881.89,-803.52,0.06
2010-03-05,2010-03-01,Office Supplies,Labels,Northwest Territories,Northwest Territories,Corporate,1,17.89,10.51,0.04
2010-03-05,2010-03-01,Office Supplies,Pens & Art Supplies,Northwest Territories,Northwest Territories,Corporate,47,137.18,6.04,0.07
2011-11-05,2011-11-01,Office Supplies,Storage & Organization,Northwest Territories,Northwest Territories,Small Business,48,617.26,-37.52,0.04
2011-11-05,2011-11-01,Furniture,Tables,Northwest Territories,Northwest Territories,Small Business,45,13104.992,5626.42,0.03
2009-01-05,2009-01-01,Technology,Office Machines,Northwest Territories,Northwest Territories,Home Office,6,700.73,-188.58,0.08
2010-11-25,2010-11-01,Office Supplies,Pens & Art Supplies,Northwest Territories,Northwest Territories,Consumer,28,667.55,204.74,0.0
2011-04-08,2011-04-01,Technology,Office Machines,Northwest Territories,Northwest Territories,Small Business,43,701.46,-90.14,0.04
2011-04-08,2011-04-01,Office Supplies,Pens & Art Supplies,Northwest Territories,Northwest Territories,Small Business,19,53.94,-6.53,0.05
2011-04-08,2011-04-01,Office Supplies,Pens & Art Supplies,Northwest Territories,Northwest Territories,Small Business,7,46.94,7.34,0.02
2011-04-08,2011-04-01,Office Supplies,Rubber Bands,Northwest Territories,Northwest Territories,Small Business,20,77.99,19.68,0.03
2010-03-31,2010-03-01,Furniture,Office Furnishings,Northwest Territories,Northwest Territories,Corporate,44,5735.79,828.27,0.08
2012-03-10,2012-03-01,Office Supplies,Labels,Northwest Territories,Northwest Territories,Corporate,47,186.93,56.44,0.07
2009-02-20,2009-02-01,Office Supplies,Binders and Binder Accessories,Northwest Territories,Northwest Territories,Small Business,41,241.1,-243.24,0.07
2009-02-20,2009-02-01,Furniture,Office Furnishings,Northwest Territories,Northwest Territories,Small Business,49,491.93,-53.62,0.04
2009-10-01,2009-10-01,Furniture,Bookcases,Northwest Territories,Northwest Territories,Small Business,10,623.71,-213.32,0.01
2012-11-01,2012-11-01,Technology,Telephones and Communication,Northwest Territories,Northwest Territories,Corporate,44,4263.9315,1411.03,0.04
2011-07-21,2011-07-01,Office Supplies,Appliances,Northwest Territories,Northwest Territories,Home Office,10,2700.41,258.01,0.08
2010-11-23,2010-11-01,Office Supplies,Appliances,Northwest Territories,Northwest Territories,Corporate,20,1583.06,328.0,0.05
2010-02-06,2010-02-01,Office Supplies,Paper,Northwest Territories,Northwest Territories,Small Business,21,756.6,299.59,0.0
2011-01-04,2011-01-01,Office Supplies,Pens & Art Supplies,Northwest Territories,Northwest Territories,Consumer,17,207.19,-85.91,0.01
2011-01-04,2011-01-01,Office Supplies,Pens & Art Supplies,Northwest Territories,Northwest Territories,Consumer,8,88.0,-6.38,0.06
2009-08-02,2009-08-01,Furniture,Office Furnishings,Northwest Territories,Northwest Territories,Small Business,31,196.74,-61.59,0.09
2010-06-05,2010-06-01,Technology,Computer Peripherals,Northwest Territories,Northwest Territories,Home Office,21,471.24,115.54,0.07
2009-08-02,2009-08-01,Furniture,Chairs & Chairmats,Northwest Territories,Northwest Territories,Corporate,1,368.66,-165.6,0.01
2010-12-28,2010-12-01,Office Supplies,Storage & Organization,Northwest Territories,Northwest Territories,Consumer,14,2232.06,542.16,0.03
2012-10-10,2012-10-01,Technology,Computer Peripherals,Northwest Territories,Northwest Territories,Corporate,7,387.17,-204.65,0.1
2011-04-02,2011-04-01,Office Supplies,Binders and Binder Accessories,Northwest Territories,Northwest Territories,Corporate,28,168.57,16.65,0.02
2009-11-25,2009-11-01,Furniture,Office Furnishings,Northwest Territories,Northwest Territories,Small Business,50,413.86,39.29,0.0
2009-11-25,2009-11-01,Office Supplies,Storage & Organization,Northwest Territories,Northwest Territories,Small Business,31,178.45,-104.96,0.09
2012-04-11,2012-04-01,Technology,Office Machines,Northwest Territories,Northwest Territories,Corporate,1,2728.65,-5572.39,0.0
2010-02-16,2010-02-01,Office Supplies,Paper,Northwest Territories,Northwest Territories,Consumer,13,735.54,171.82,0.0
2010-09-24,2010-09-01,Technology,Telephones and Communication,Northwest Territories,Northwest Territories,Corporate,47,1060.0605,-71.03,0.1
2009-02-21,2009-02-01,Office Supplies,Labels,Northwest Territories,Northwest Territories,Home Office,39,199.39,101.13,0.1
2009-02-21,2009-02-01,Furniture,Tables,Northwest Territories,Northwest Territories,Home Office,11,2770.35,-202.58,0.09
2012-11-11,2012-11-01,Office Supplies,Binders and Binder Accessories,Northwest Territories,Northwest Territories,Small Business,32,1882.12,584.15,0.05
2012-11-11,2012-11-01,Office Supplies,Labels,Atlantic,Prince Edward Island,Small Business,44,186.94,85.81,0.05
2012-11-11,2012-11-01,Office Supplies,Paper,Atlantic,Prince Edward Island,Small Business,12,407.2,-8.42,0.01
2011-10-27,2011-10-01,Furniture,Office Furnishings,Atlantic,Prince Edward Island,Consumer,26,208.6,-56.45,0.0
2009-12-16,2009-12-01,Office Supplies,Paper,Atlantic,Prince Edward Island,Small Business,29,778.38,257.32,0.01
2010-05-07,2010-05-01,Office Supplies,Binders and Binder Accessories,Atlantic,Prince Edward Island,Corporate,24,60.36,-119.62,0.03
2011-01-08,2011-01-01,Office Supplies,Appliances,Atlantic,Prince Edward Island,Corporate,36,1936.3,278.12,0.03
2012-07-09,2012-07-01,Furniture,Office Furnishings,Atlantic,Prince Edward Island,Corporate,4,14.23,-4.43,0.0
2012-07-09,2012-07-01,Office Supplies,Paper,Atlantic,Prince Edward Island,Corporate,39,272.07,-206.46,0.02
2012-07-09,2012-07-01,Office Supplies,Storage & Organization,Atlantic,Prince Edward Island,Corporate,5,325.43,-76.11,0.09
2009-03-09,2009-03-01,Furniture,Office Furnishings,Atlantic,Prince Edward Island,Home Office,42,843.53,268.32,0.04
2011-12-30,2011-12-01,Furniture,Chairs & Chairmats,Atlantic,Prince Edward Island,Small Business,23,6641.14,673.77,0.05
2011-12-30,2011-12-01,Furniture,Chairs & Chairmats,Atlantic,Prince Edward Island,Small Business,21,10469.03,2608.72,0.07
2011-12-30,2011-12-01,Technology,Computer Peripherals,Atlantic,Prince Edward Island,Small Business,18,835.55,171.59,0.04
2009-03-29,2009-03-01,Office Supplies,Pens & Art Supplies,Atlantic,Prince Edward Island,Small Business,18,215.93,-41.87,0.08
2011-02-13,2011-02-01,Office Supplies,Binders and Binder Accessories,Atlantic,Prince Edward Island,Small Business,30,140.24,32.87,0.05
2011-01-28,2011-01-01,Technology,Computer Peripherals,Atlantic,Prince Edward Island,Corporate,10,266.94,19.2,0.09
2011-01-28,2011-01-01,Furniture,Office Furnishings,Atlantic,Prince Edward Island,Corporate,26,113.85,-93.93,0.06
2012-09-08,2012-09-01,Office Supplies,Labels,Atlantic,Prince Edward Island,Consumer,7,83.81,21.92,0.09
2012-09-08,2012-09-01,Office Supplies,Pens & Art Supplies,Atlantic,Prince Edward Island,Consumer,36,218.81,7.45,0.03
2009-05-18,2009-05-01,Furniture,Tables,Atlantic,Prince Edward Island,Corporate,42,9502.736,-945.56,0.02
2012-07-29,2012-07-01,Office Supplies,Appliances,Atlantic,Prince Edward Island,Corporate,32,5686.25,2109.21,0.04
2012-07-29,2012-07-01,Furniture,Chairs & Chairmats,Atlantic,Prince Edward Island,Corporate,16,797.24,11.46,0.04
2012-04-22,2012-04-01,Office Supplies,Paper,Atlantic,Prince Edward Island,Small Business,20,963.3,367.12,0.06
2012-07-16,2012-07-01,Office Supplies,Labels,Atlantic,Prince Edward Island,Small Business,34,94.56,37.73,0.0
2012-09-22,2012-09-01,Technology,Office Machines,Atlantic,Prince Edward Island,Consumer,45,712.04,-110.93,0.07
2010-05-20,2010-05-01,Office Supplies,Binders and Binder Accessories,Atlantic,Prince Edward Island,Corporate,36,283.21,-196.06,0.08
2010-05-20,2010-05-01,Furniture,Office Furnishings,Atlantic,Prince Edward Island,Corporate,18,45.8,-52.92,0.04
2009-12-02,2009-12-01,Office Supplies,Binders and Binder Accessories,Atlantic,Prince Edward Island,Consumer,42,557.85,89.45,0.05
2010-06-01,2010-06-01,Technology,Office Machines,Atlantic,Prince Edward Island,Consumer,37,4261.94,4.15,0.02
2010-09-25,2010-09-01,Technology,Telephones and Communication,Atlantic,Prince Edward Island,Home Office,38,2071.3395,324.93,0.06
2012-11-19,2012-11-01,Technology,Computer Peripherals,Atlantic,Prince Edward Island,Corporate,14,222.91,20.21,0.05
2010-12-14,2010-12-01,Office Supplies,Storage & Organization,Atlantic,Prince Edward Island,Small Business,12,1634.98,-120.45,0.09
2012-10-25,2012-10-01,Office Supplies,Pens & Art Supplies,Atlantic,Prince Edward Island,Home Office,50,204.11,28.71,0.06
2010-06-17,2010-06-01,Office Supplies,Appliances,Atlantic,Prince Edward Island,Corporate,18,1038.4,112.36,0.01
2010-06-17,2010-06-01,Office Supplies,Storage & Organization,Atlantic,Prince Edward Island,Corporate,1,305.82,-232.24,0.05
2012-06-29,2012-06-01,Office Supplies,Binders and Binder Accessories,Atlantic,Prince Edward Island,Corporate,46,7441.29,2665.4,0.1
2009-02-01,2009-02-01,Office Supplies,Labels,Atlantic,Prince Edward Island,Corporate,17,55.45,21.42,0.01
2011-08-25,2011-08-01,Furniture,Chairs & Chairmats,Atlantic,Prince Edward Island,Home Office,37,4896.93,1467.82,0.04
2009-06-20,2009-06-01,Office Supplies,Envelopes,Atlantic,Prince Edward Island,Corporate,42,433.68,44.1,0.07
2010-05-03,2010-05-01,Technology,Computer Peripherals,Atlantic,Prince Edward Island,Home Office,24,717.29,191.29,0.01
2009-04-07,2009-04-01,Technology,Computer Peripherals,Atlantic,Prince Edward Island,Corporate,36,1423.35,-580.32,0.1
2011-09-02,2011-09-01,Technology,Telephones and Communication,Atlantic,Prince Edward Island,Consumer,30,932.892,458.98,0.05
2011-04-14,2011-04-01,Office Supplies,Appliances,Atlantic,Prince Edward Island,Consumer,36,5977.63,-86.68,0.1
2011-02-13,2011-02-01,Furniture,Bookcases,Atlantic,Prince Edward Island,Small Business,6,906.02,-382.38,0.1
2011-02-13,2011-02-01,Office Supplies,Binders and Binder Accessories,Atlantic,Prince Edward Island,Small Business,43,170.88,-149.09,0.01
2011-07-30,2011-07-01,Office Supplies,Binders and Binder Accessories,Atlantic,Prince Edward Island,Corporate,40,434.62,-68.98,0.08
2010-08-10,2010-08-01,Office Supplies,Pens & Art Supplies,Atlantic,Prince Edward Island,Corporate,38,871.25,-14.31,0.06
2010-08-10,2010-08-01,Office Supplies,Pens & Art Supplies,Atlantic,Prince Edward Island,Corporate,46,537.87,-162.24,0.05
2009-04-06,2009-04-01,Office Supplies,"Scissors, Rulers and Trimmers",Atlantic,Prince Edward Island,Consumer,50,608.21,-175.13,0.09
2010-10-26,2010-10-01,Office Supplies,Binders and Binder Accessories,Atlantic,Prince Edward Island,Home Office,17,285.84,-27.26,0.02
2010-10-26,2010-10-01,Furniture,Bookcases,Atlantic,Prince Edward Island,Home Office,40,12450.48,3030.16,0.01
2012-05-26,2012-05-01,Technology,Telephones and Communication,Atlantic,Prince Edward Island,Home Office,39,2083.0525,354.96,0.09
2012-05-26,2012-05-01,Office Supplies,Labels,Atlantic,Prince Edward Island,Home Office,49,233.28,112.35,0.04
2012-05-26,2012-05-01,Office Supplies,Storage & Organization,Atlantic,Prince Edward Island,Home Office,1,47.01,-19.32,0.09
2012-09-10,2012-09-01,Furniture,Office Furnishings,Atlantic,Prince Edward Island,Corporate,32,3245.73,569.57,0.09
2012-09-10,2012-09-01,Office Supplies,"Scissors, Rulers and Trimmers",Atlantic,Prince Edward Island,Corporate,27,63.02,-119.66,0.07
2012-09-10,2012-09-01,Technology,Copiers and Fax,Atlantic,Prince Edward Island,Corporate,9,6420.87,-690.21,0.02
2012-09-10,2012-09-01,Technology,Telephones and Communication,Atlantic,Prince Edward Island,Corporate,25,2407.693,424.14,0.04
2011-03-16,2011-03-01,Office Supplies,Pens & Art Supplies,Atlantic,Prince Edward Island,Corporate,31,109.49,26.09,0.04
2011-06-18,2011-06-01,Office Supplies,Envelopes,Atlantic,Prince Edward Island,Home Office,31,283.17,119.64,0.0
2011-01-11,2011-01-01,Office Supplies,Binders and Binder Accessories,Atlantic,Prince Edward Island,Corporate,6,17.0,-4.61,0.07
2011-01-11,2011-01-01,Furniture,Office Furnishings,Atlantic,Prince Edward Island,Corporate,15,67.41,-49.6,0.04
2011-01-11,2011-01-01,Office Supplies,Paper,Atlantic,Prince Edward Island,Corporate,19,130.67,-77.18,0.05
2011-01-11,2011-01-01,Office Supplies,Pens & Art Supplies,Atlantic,Prince Edward Island,Corporate,21,77.62,-50.88,0.01
2009-03-05,2009-03-01,Office Supplies,Envelopes,Atlantic,Prince Edward Island,Corporate,45,440.39,186.64,0.05
2009-03-05,2009-03-01,Office Supplies,Pens & Art Supplies,Atlantic,Prince Edward Island,Corporate,27,96.99,-66.35,0.02
2009-12-14,2009-12-01,Office Supplies,Binders and Binder Accessories,Atlantic,Prince Edward Island,Consumer,46,590.43,82.59,0.09
2009-12-14,2009-12-01,Office Supplies,Binders and Binder Accessories,Atlantic,Prince Edward Island,Consumer,8,216.33,-17.37,0.0
2009-02-02,2009-02-01,Technology,Computer Peripherals,Atlantic,Prince Edward Island,Corporate,38,3152.75,1166.4,0.04
2009-02-02,2009-02-01,Furniture,Office Furnishings,Atlantic,Prince Edward Island,Corporate,42,3609.88,-1396.22,0.07
2009-08-26,2009-08-01,Office Supplies,Paper,Atlantic,Prince Edward Island,Corporate,26,188.05,-21.41,0.04
2012-03-06,2012-03-01,Technology,Computer Peripherals,Atlantic,Prince Edward Island,Corporate,42,1681.6,167.37,0.07
2009-11-19,2009-11-01,Furniture,Chairs & Chairmats,Atlantic,Prince Edward Island,Corporate,17,5203.9,636.2,0.07
2009-11-19,2009-11-01,Office Supplies,Storage & Organization,Atlantic,Prince Edward Island,Corporate,33,744.12,-1163.21,0.01
2010-07-24,2010-07-01,Office Supplies,Paper,Atlantic,Prince Edward Island,Corporate,48,293.3,-193.48,0.04
2010-08-04,2010-08-01,Office Supplies,Paper,Atlantic,Prince Edward Island,Consumer,9,50.93,-34.98,0.06
2010-08-04,2010-08-01,Office Supplies,Paper,Atlantic,Prince Edward Island,Consumer,44,792.8,26.27,0.08
2010-08-04,2010-08-01,Technology,Telephones and Communication,Atlantic,Prince Edward Island,Consumer,14,782.4505,-11.4,0.06
2011-03-07,2011-03-01,Furniture,Office Furnishings,Atlantic,Prince Edward Island,Corporate,44,226.18,-115.54,0.01
2011-10-20,2011-10-01,Technology,Telephones and Communication,Atlantic,Prince Edward Island,Small Business,17,1856.9695,176.87,0.0
2009-08-04,2009-08-01,Office Supplies,Paper,Atlantic,Prince Edward Island,Consumer,43,241.19,-103.65,0.08
2010-04-28,2010-04-01,Furniture,Bookcases,Atlantic,Prince Edward Island,Corporate,30,4177.52,-443.78,0.04
2010-04-28,2010-04-01,Furniture,Chairs & Chairmats,Atlantic,Prince Edward Island,Corporate,26,3351.08,-1086.43,0.05
2009-04-22,2009-04-01,Office Supplies,Paper,Atlantic,Prince Edward Island,Consumer,29,159.11,64.01,0.07
2011-12-04,2011-12-01,Technology,Computer Peripherals,Atlantic,Prince Edward Island,Corporate,44,1127.81,425.08,0.1
2010-08-06,2010-08-01,Office Supplies,Appliances,Atlantic,Prince Edward Island,Small Business,27,9293.82,2437.17,0.08
2010-08-06,2010-08-01,Office Supplies,Pens & Art Supplies,Atlantic,Prince Edward Island,Small Business,27,80.79,12.58,0.0
2011-09-15,2011-09-01,Technology,Computer Peripherals,Atlantic,Prince Edward Island,Corporate,18,925.03,-3.68,0.06
2009-10-02,2009-10-01,Furniture,Office Furnishings,Atlantic,Prince Edward Island,Corporate,27,566.12,-19.33,0.03
2009-03-01,2009-03-01,Office Supplies,Binders and Binder Accessories,Atlantic,Prince Edward Island,Corporate,8,327.61,54.9,0.07
2009-06-24,2009-06-01,Furniture,Office Furnishings,Atlantic,Prince Edward Island,Corporate,16,178.4,20.08,0.04
2009-06-24,2009-06-01,Office Supplies,Pens & Art Supplies,Atlantic,Prince Edward Island,Corporate,40,115.01,5.81,0.03
2011-01-16,2011-01-01,Office Supplies,Paper,Atlantic,Prince Edward Island,Small Business,29,181.83,-43.36,0.03
2012-01-20,2012-01-01,Technology,Office Machines,Atlantic,Prince Edward Island,Corporate,38,952.47,270.69,0.03
2012-01-20,2012-01-01,Technology,Telephones and Communication,Atlantic,Prince Edward Island,Corporate,3,171.9635,-296.37,0.07
2010-05-21,2010-05-01,Technology,Copiers and Fax,Atlantic,Prince Edward Island,Corporate,5,2543.95,-1011.32,0.04
2012-03-15,2012-03-01,Furniture,Bookcases,Atlantic,Prince Edward Island,Consumer,3,317.95,-144.43,0.1
2012-03-15,2012-03-01,Furniture,Office Furnishings,Atlantic,Prince Edward Island,Consumer,8,435.29,122.41,0.03
2011-08-07,2011-08-01,Office Supplies,Binders and Binder Accessories,Atlantic,Prince Edward Island,Corporate,34,937.04,391.6,0.08
2011-08-07,2011-08-01,Technology,Computer Peripherals,Atlantic,Prince Edward Island,Corporate,17,1616.64,26.94,0.07
2011-05-21,2011-05-01,Office Supplies,Pens & Art Supplies,Atlantic,Prince Edward Island,Corporate,18,404.3,-27.34,0.04
2011-05-21,2011-05-01,Furniture,Tables,Atlantic,Prince Edward Island,Corporate,43,11674.968,715.18,0.05
2010-10-11,2010-10-01,Office Supplies,Appliances,Atlantic,Prince Edward Island,Corporate,24,1482.81,-678.63,0.03
2010-10-11,2010-10-01,Furniture,Tables,Atlantic,Prince Edward Island,Corporate,23,6693.28,40.32,0.02
2010-12-22,2010-12-01,Technology,Computer Peripherals,Atlantic,Prince Edward Island,Corporate,10,309.3,-77.89,0.05
2009-07-03,2009-07-01,Office Supplies,Paper,Atlantic,Prince Edward Island,Consumer,44,444.52,161.13,0.02
2009-05-27,2009-05-01,Furniture,Office Furnishings,Atlantic,Prince Edward Island,Corporate,50,742.21,122.21,0.03
2011-06-20,2011-06-01,Technology,Telephones and Communication,Atlantic,Prince Edward Island,Corporate,15,896.1805,82.04,0.0
2012-08-22,2012-08-01,Office Supplies,Paper,Atlantic,Prince Edward Island,Corporate,19,120.56,-79.35,0.07
2012-08-22,2012-08-01,Technology,Telephones and Communication,Atlantic,Prince Edward Island,Corporate,46,2640.6865,751.38,0.03
2011-01-26,2011-01-01,Technology,Copiers and Fax,Atlantic,Prince Edward Island,Corporate,15,8662.34,-704.66,0.0
2012-12-03,2012-12-01,Office Supplies,Appliances,Atlantic,Prince Edward Island,Corporate,24,1689.97,-564.74,0.06
2010-09-06,2010-09-01,Office Supplies,Binders and Binder Accessories,Atlantic,Prince Edward Island,Small Business,20,112.03,-57.99,0.05
2011-03-29,2011-03-01,Office Supplies,Binders and Binder Accessories,Atlantic,Prince Edward Island,Corporate,6,2528.49,580.15,0.07
2011-03-29,2011-03-01,Furniture,Office Furnishings,Atlantic,Prince Edward Island,Corporate,42,1146.11,330.63,0.09
2010-08-20,2010-08-01,Office Supplies,Pens & Art Supplies,Atlantic,Prince Edward Island,Home Office,16,102.5,13.84,0.1
2010-12-02,2010-12-01,Office Supplies,Appliances,Atlantic,Prince Edward Island,Consumer,36,7783.36,3506.24,0.07
2010-12-02,2010-12-01,Office Supplies,Pens & Art Supplies,Atlantic,Prince Edward Island,Consumer,21,61.76,4.34,0.0
2010-12-02,2010-12-01,Furniture,Tables,Atlantic,Prince Edward Island,Consumer,36,1280.34,-1048.25,0.0
2011-03-26,2011-03-01,Furniture,Office Furnishings,Atlantic,Prince Edward Island,Corporate,12,76.61,-31.83,0.09
2009-12-19,2009-12-01,Technology,Computer Peripherals,Atlantic,Prince Edward Island,Consumer,38,1483.44,439.77,0.04
2009-12-19,2009-12-01,Furniture,Office Furnishings,Atlantic,Prince Edward Island,Consumer,39,145.68,12.0,0.04
2011-04-29,2011-04-01,Office Supplies,Storage & Organization,Atlantic,Prince Edward Island,Home Office,45,500.48,-48.2,0.08
2010-10-24,2010-10-01,Technology,Telephones and Communication,Atlantic,Prince Edward Island,Corporate,50,8221.2935,2342.21,0.06
2010-10-24,2010-10-01,Office Supplies,Binders and Binder Accessories,Atlantic,Prince Edward Island,Corporate,7,1158.26,170.08,0.06
2010-05-12,2010-05-01,Office Supplies,Paper,Atlantic,Prince Edward Island,Corporate,9,298.52,73.19,0.0
2010-05-12,2010-05-01,Office Supplies,Paper,Atlantic,Prince Edward Island,Corporate,34,667.35,80.92,0.04
2010-04-11,2010-04-01,Technology,Telephones and Communication,Atlantic,Prince Edward Island,Corporate,31,3206.965,575.33,0.08
2009-01-24,2009-01-01,Furniture,Chairs & Chairmats,Atlantic,Prince Edward Island,Small Business,30,6654.39,1151.69,0.1
2009-01-24,2009-01-01,Technology,Copiers and Fax,Atlantic,Prince Edward Island,Small Business,21,4429.69,983.55,0.03
2010-11-17,2010-11-01,Office Supplies,Envelopes,Atlantic,Prince Edward Island,Small Business,42,239.35,78.96,0.05
2010-11-17,2010-11-01,Furniture,Office Furnishings,Atlantic,Prince Edward Island,Small Business,34,684.66,35.09,0.07
2010-09-29,2010-09-01,Technology,Office Machines,Atlantic,Prince Edward Island,Consumer,28,2531.35,415.55,0.09
2010-08-03,2010-08-01,Office Supplies,Rubber Bands,Atlantic,Prince Edward Island,Home Office,15,22.45,0.78,0.03
2011-06-13,2011-06-01,Office Supplies,Appliances,Atlantic,Prince Edward Island,Home Office,44,7765.13,433.63,0.06
2010-05-05,2010-05-01,Office Supplies,Appliances,Atlantic,Prince Edward Island,Corporate,44,2435.32,650.56,0.09
2010-05-05,2010-05-01,Technology,Copiers and Fax,Atlantic,Prince Edward Island,Corporate,21,4242.76,340.88,0.07
2010-08-30,2010-08-01,Furniture,Office Furnishings,Atlantic,Prince Edward Island,Corporate,1,14.4,-7.39,0.1
2012-10-30,2012-10-01,Office Supplies,Envelopes,Atlantic,Prince Edward Island,Consumer,16,92.06,5.66,0.1
2012-10-30,2012-10-01,Office Supplies,Pens & Art Supplies,Atlantic,Prince Edward Island,Consumer,33,199.62,42.34,0.01
2009-07-15,2009-07-01,Office Supplies,Binders and Binder Accessories,Atlantic,Prince Edward Island,Corporate,40,196.5,-99.76,0.08
2009-07-15,2009-07-01,Technology,Copiers and Fax,Atlantic,Prince Edward Island,Corporate,1,3672.89,-3061.82,0.01
2009-07-15,2009-07-01,Office Supplies,Pens & Art Supplies,Atlantic,Prince Edward Island,Corporate,8,46.97,-0.01,0.03
2012-08-07,2012-08-01,Furniture,Tables,Atlantic,Prince Edward Island,Small Business,45,20333.816,-1430.45,0.02
2009-02-01,2009-02-01,Technology,Computer Peripherals,Atlantic,Prince Edward Island,Corporate,37,1697.44,523.43,0.06
2012-07-07,2012-07-01,Technology,Telephones and Communication,Atlantic,Prince Edward Island,Corporate,15,572.4325,-19.44,0.05
2009-03-27,2009-03-01,Technology,Computer Peripherals,Atlantic,Prince Edward Island,Corporate,41,322.03,-82.83,0.06
2009-03-27,2009-03-01,Furniture,Office Furnishings,Atlantic,Prince Edward Island,Corporate,49,2470.84,25.04,0.05
2009-03-27,2009-03-01,Office Supplies,Pens & Art Supplies,Atlantic,Prince Edward Island,Corporate,2,15.26,-7.51,0.01
2009-03-27,2009-03-01,Technology,Telephones and Communication,Atlantic,Prince Edward Island,Corporate,39,5250.6625,930.99,0.1
2010-09-23,2010-09-01,Technology,Copiers and Fax,Atlantic,Prince Edward Island,Corporate,23,10791.38,-234.79,0.08
2011-03-28,2011-03-01,Furniture,Office Furnishings,Atlantic,Prince Edward Island,Corporate,1,26.68,-10.74,0.04
2009-07-01,2009-07-01,Office Supplies,Pens & Art Supplies,Atlantic,Prince Edward Island,Small Business,27,123.46,26.66,0.07
2010-12-11,2010-12-01,Office Supplies,Pens & Art Supplies,Atlantic,Prince Edward Island,Consumer,28,588.54,-30.72,0.04
2009-09-16,2009-09-01,Office Supplies,Paper,Atlantic,Prince Edward Island,Home Office,44,284.38,-62.43,0.04
2011-02-04,2011-02-01,Office Supplies,Binders and Binder Accessories,Atlantic,Prince Edward Island,Consumer,49,165.51,-269.91,0.08
2010-09-11,2010-09-01,Office Supplies,Binders and Binder Accessories,Atlantic,Prince Edward Island,Small Business,29,2046.81,469.28,0.02
2010-03-02,2010-03-01,Office Supplies,Labels,Atlantic,Prince Edward Island,Corporate,10,28.81,7.15,0.02
2010-03-02,2010-03-01,Furniture,Office Furnishings,Atlantic,Prince Edward Island,Corporate,35,1445.6,126.03,0.08
2010-03-02,2010-03-01,Office Supplies,Paper,Atlantic,Prince Edward Island,Corporate,13,119.03,29.62,0.06
2009-09-15,2009-09-01,Furniture,Office Furnishings,Atlantic,Prince Edward Island,Consumer,2,34.88,-22.12,0.09
2010-12-30,2010-12-01,Technology,Computer Peripherals,Atlantic,Prince Edward Island,Small Business,13,1272.83,250.47,0.04
2010-12-30,2010-12-01,Office Supplies,Paper,Atlantic,Prince Edward Island,Small Business,25,165.36,-94.79,0.09
2011-07-25,2011-07-01,Technology,Computer Peripherals,Atlantic,Prince Edward Island,Home Office,9,883.37,51.3,0.1
2009-12-23,2009-12-01,Technology,Copiers and Fax,Atlantic,Prince Edward Island,Corporate,38,23255.61,-734.33,0.0
2012-10-31,2012-10-01,Office Supplies,Pens & Art Supplies,Atlantic,Prince Edward Island,Corporate,8,23.19,-13.27,0.02
2009-12-22,2009-12-01,Office Supplies,Binders and Binder Accessories,Atlantic,Prince Edward Island,Corporate,31,639.19,274.9,0.09
2012-04-14,2012-04-01,Office Supplies,Appliances,Atlantic,Prince Edward Island,Corporate,4,62.45,-141.76,0.08
2011-05-13,2011-05-01,Office Supplies,Envelopes,Atlantic,Prince Edward Island,Corporate,42,152.55,-20.27,0.06
2011-05-13,2011-05-01,Office Supplies,Paper,Atlantic,Prince Edward Island,Corporate,36,152.96,-123.87,0.09
2011-12-07,2011-12-01,Office Supplies,Binders and Binder Accessories,Atlantic,Prince Edward Island,Home Office,19,7608.88,3049.45,0.06
2011-12-07,2011-12-01,Furniture,Office Furnishings,Atlantic,Prince Edward Island,Home Office,50,1270.03,221.81,0.1
2010-12-04,2010-12-01,Office Supplies,Envelopes,Atlantic,Prince Edward Island,Corporate,18,101.34,26.11,0.06
2009-11-24,2009-11-01,Office Supplies,Binders and Binder Accessories,Atlantic,Prince Edward Island,Small Business,26,393.59,-8.08,0.06
2009-11-24,2009-11-01,Technology,Computer Peripherals,Atlantic,Prince Edward Island,Small Business,14,551.18,-326.97,0.09
2009-11-24,2009-11-01,Office Supplies,Storage & Organization,Atlantic,Prince Edward Island,Small Business,1,18.73,-6.68,0.05
2011-09-13,2011-09-01,Office Supplies,Binders and Binder Accessories,Atlantic,Prince Edward Island,Corporate,32,294.04,-5.53,0.03
2011-09-13,2011-09-01,Furniture,Chairs & Chairmats,Atlantic,Prince Edward Island,Corporate,18,2022.65,-157.63,0.05
2010-12-03,2010-12-01,Office Supplies,Paper,Atlantic,Prince Edward Island,Consumer,24,2289.92,1037.55,0.09
2011-12-18,2011-12-01,Furniture,Chairs & Chairmats,Atlantic,Prince Edward Island,Corporate,36,1773.86,133.3,0.06
2011-12-18,2011-12-01,Furniture,Office Furnishings,Atlantic,Prince Edward Island,Corporate,35,543.22,68.44,0.0
2011-12-18,2011-12-01,Furniture,Office Furnishings,Atlantic,Prince Edward Island,Corporate,18,813.9,256.66,0.06
2012-08-09,2012-08-01,Technology,Computer Peripherals,Atlantic,Prince Edward Island,Home Office,44,865.27,11.55,0.03
2012-08-09,2012-08-01,Technology,Computer Peripherals,Atlantic,Prince Edward Island,Home Office,41,429.28,-168.95,0.06
2010-08-24,2010-08-01,Office Supplies,Binders and Binder Accessories,Atlantic,Prince Edward Island,Corporate,31,341.71,32.19,0.04
2011-05-22,2011-05-01,Office Supplies,Binders and Binder Accessories,Atlantic,Prince Edward Island,Corporate,46,648.26,30.48,0.07
2011-05-22,2011-05-01,Technology,Office Machines,Atlantic,Prince Edward Island,Corporate,46,410.43,-54.58,0.1
2012-11-18,2012-11-01,Furniture,Chairs & Chairmats,Atlantic,Prince Edward Island,Small Business,43,9750.55,1061.61,0.0
2012-06-28,2012-06-01,Furniture,Office Furnishings,Atlantic,Prince Edward Island,Consumer,39,835.55,326.43,0.07
2012-06-28,2012-06-01,Technology,Telephones and Communication,Atlantic,Prince Edward Island,Consumer,38,1799.6115,557.6,0.07
2009-02-04,2009-02-01,Technology,Computer Peripherals,Atlantic,Prince Edward Island,Corporate,50,1441.57,475.26,0.07
2009-02-04,2009-02-01,Office Supplies,Paper,Atlantic,Prince Edward Island,Corporate,20,173.09,-6.71,0.03
2009-12-25,2009-12-01,Furniture,Tables,Atlantic,Prince Edward Island,Small Business,38,5016.25,-189.35,0.01
2011-09-26,2011-09-01,Office Supplies,Paper,Atlantic,Prince Edward Island,Corporate,47,945.03,267.64,0.0
2011-09-22,2011-09-01,Furniture,Office Furnishings,Atlantic,Prince Edward Island,Corporate,38,325.75,-124.25,0.1
2011-09-22,2011-09-01,Office Supplies,Pens & Art Supplies,Atlantic,Prince Edward Island,Corporate,24,136.42,-8.38,0.09
2009-02-15,2009-02-01,Office Supplies,Binders and Binder Accessories,Atlantic,Prince Edward Island,Consumer,23,93.05,15.27,0.03
2009-02-15,2009-02-01,Office Supplies,Paper,Atlantic,Prince Edward Island,Consumer,20,154.13,57.31,0.07
2009-02-15,2009-02-01,Furniture,Tables,Atlantic,Prince Edward Island,Consumer,46,18824.42,-575.35,0.07
2009-10-11,2009-10-01,Office Supplies,Paper,Atlantic,Prince Edward Island,Corporate,3,33.64,-22.45,0.01
2011-03-10,2011-03-01,Office Supplies,Binders and Binder Accessories,Atlantic,Prince Edward Island,Corporate,30,176.15,-125.36,0.01
2012-08-11,2012-08-01,Furniture,Office Furnishings,Atlantic,Prince Edward Island,Corporate,5,66.43,-9.45,0.01
2012-08-11,2012-08-01,Furniture,Office Furnishings,Atlantic,Prince Edward Island,Corporate,25,2674.18,631.99,0.06
2012-08-11,2012-08-01,Furniture,Office Furnishings,Atlantic,Prince Edward Island,Corporate,50,5513.82,1581.93,0.03
2012-08-11,2012-08-01,Office Supplies,Paper,Atlantic,Prince Edward Island,Corporate,37,241.14,-120.08,0.08
2009-12-25,2009-12-01,Office Supplies,Appliances,Atlantic,Prince Edward Island,Small Business,8,365.22,58.08,0.04
2012-06-29,2012-06-01,Technology,Telephones and Communication,Atlantic,Prince Edward Island,Small Business,31,3229.66,695.06,0.05
2012-06-29,2012-06-01,Technology,Telephones and Communication,Atlantic,Prince Edward Island,Small Business,24,4010.9375,630.7,0.0
2009-01-18,2009-01-01,Office Supplies,Envelopes,Atlantic,Prince Edward Island,Corporate,47,672.46,279.74,0.1
2012-05-20,2012-05-01,Technology,Telephones and Communication,Atlantic,Prince Edward Island,Corporate,49,8223.07,2549.4,0.06
2009-03-19,2009-03-01,Office Supplies,Binders and Binder Accessories,Atlantic,Prince Edward Island,Home Office,11,259.69,-45.82,0.1
2009-03-19,2009-03-01,Technology,Office Machines,Prarie,Manitoba,Home Office,9,2503.86,-172.48,0.06
2009-03-19,2009-03-01,Office Supplies,Paper,Prarie,Manitoba,Home Office,29,374.67,30.63,0.0
2009-09-05,2009-09-01,Technology,Office Machines,Prarie,Manitoba,Corporate,11,5155.35,501.51,0.0
2009-11-03,2009-11-01,Furniture,Bookcases,Prarie,Manitoba,Corporate,7,538.51,-88.75,0.0
2011-03-26,2011-03-01,Office Supplies,Storage & Organization,Prarie,Manitoba,Corporate,18,3780.43,905.57,0.05
2011-03-26,2011-03-01,Furniture,Tables,Prarie,Manitoba,Corporate,10,1961.68,-367.0,0.04
2012-02-10,2012-02-01,Technology,Computer Peripherals,Prarie,Manitoba,Corporate,20,638.72,-130.88,0.04
2009-05-06,2009-05-01,Office Supplies,Binders and Binder Accessories,Prarie,Manitoba,Small Business,37,1599.54,578.14,0.0
2009-05-06,2009-05-01,Furniture,Tables,Prarie,Manitoba,Small Business,2,942.42,-634.87,0.02
2010-11-23,2010-11-01,Technology,Telephones and Communication,Prarie,Manitoba,Small Business,43,1290.2065,-160.68,0.06
2011-02-10,2011-02-01,Furniture,Office Furnishings,Prarie,Manitoba,Corporate,43,858.53,-97.54,0.07
2010-03-29,2010-03-01,Office Supplies,Paper,Prarie,Manitoba,Corporate,34,245.4,-87.27,0.0
2010-03-29,2010-03-01,Furniture,Tables,Prarie,Manitoba,Corporate,47,4177.66,85.29,0.04
2012-09-05,2012-09-01,Office Supplies,Binders and Binder Accessories,Prarie,Manitoba,Consumer,13,63.33,-39.96,0.0
2012-09-05,2012-09-01,Furniture,Office Furnishings,Prarie,Manitoba,Consumer,36,1436.55,-4.01,0.1
2011-01-31,2011-01-01,Office Supplies,Appliances,Prarie,Manitoba,Corporate,21,848.2,163.78,0.06
2011-01-31,2011-01-01,Furniture,Office Furnishings,Prarie,Manitoba,Corporate,30,717.21,217.06,0.0
2009-08-07,2009-08-01,Office Supplies,Appliances,Prarie,Manitoba,Corporate,44,642.8,-253.11,0.08
2012-05-05,2012-05-01,Furniture,Chairs & Chairmats,Prarie,Manitoba,Corporate,32,3114.05,-1207.18,0.01
2012-05-05,2012-05-01,Furniture,Chairs & Chairmats,Prarie,Manitoba,Corporate,27,8161.93,1261.44,0.06
2012-05-05,2012-05-01,Office Supplies,Paper,Prarie,Manitoba,Corporate,36,1314.65,536.87,0.06
2012-05-05,2012-05-01,Office Supplies,Storage & Organization,Prarie,Manitoba,Corporate,28,4479.16,610.9,0.07
2009-11-10,2009-11-01,Technology,Computer Peripherals,Prarie,Manitoba,Consumer,13,1072.22,149.64,0.03
2009-11-10,2009-11-01,Technology,Office Machines,Prarie,Manitoba,Consumer,25,342.85,-32.42,0.06
2009-11-10,2009-11-01,Office Supplies,Paper,Prarie,Manitoba,Consumer,4,62.48,1.06,0.06
2010-06-14,2010-06-01,Office Supplies,Storage & Organization,Prarie,Manitoba,Corporate,14,1966.26,-34.79,0.06
2012-01-07,2012-01-01,Office Supplies,Appliances,Prarie,Manitoba,Corporate,24,114.17,-80.05,0.01
2012-01-07,2012-01-01,Office Supplies,Binders and Binder Accessories,Prarie,Manitoba,Corporate,39,197.11,-89.42,0.03
2010-12-19,2010-12-01,Technology,Telephones and Communication,Prarie,Manitoba,Corporate,15,653.871,-311.05,0.09
2012-11-29,2012-11-01,Technology,Telephones and Communication,Prarie,Manitoba,Corporate,36,2039.082,481.7,0.01
2012-11-29,2012-11-01,Technology,Office Machines,Prarie,Manitoba,Corporate,16,225.46,-33.03,0.09
2012-11-29,2012-11-01,Office Supplies,Storage & Organization,Prarie,Manitoba,Corporate,38,783.96,-1195.29,0.05
2009-04-18,2009-04-01,Technology,Telephones and Communication,Prarie,Manitoba,Corporate,36,4711.244,1380.32,0.06
2009-09-24,2009-09-01,Office Supplies,Storage & Organization,Prarie,Manitoba,Corporate,22,1132.54,-628.38,0.0
2011-03-11,2011-03-01,Furniture,Chairs & Chairmats,Prarie,Manitoba,Consumer,16,1648.33,-210.14,0.07
2010-12-13,2010-12-01,Office Supplies,Envelopes,Prarie,Manitoba,Small Business,13,50.35,-8.24,0.05
2012-01-21,2012-01-01,Technology,Telephones and Communication,Prarie,Manitoba,Corporate,48,1494.232,479.95,0.04
2012-01-06,2012-01-01,Office Supplies,Paper,Prarie,Manitoba,Home Office,46,1483.49,65.82,0.02
2012-01-06,2012-01-01,Furniture,Tables,Prarie,Manitoba,Home Office,42,14729.36,3277.57,0.07
2009-12-10,2009-12-01,Office Supplies,Paper,Prarie,Manitoba,Small Business,42,258.19,-103.27,0.1
2010-02-12,2010-02-01,Furniture,Chairs & Chairmats,Prarie,Manitoba,Corporate,17,4621.1,-635.65,0.09
2010-02-12,2010-02-01,Office Supplies,Paper,Prarie,Manitoba,Corporate,42,460.2,-214.39,0.01
2009-06-26,2009-06-01,Office Supplies,Binders and Binder Accessories,Prarie,Manitoba,Corporate,10,155.45,-19.68,0.03
2011-02-08,2011-02-01,Office Supplies,"Scissors, Rulers and Trimmers",Prarie,Manitoba,Corporate,50,343.26,-287.28,0.04
2011-02-20,2011-02-01,Office Supplies,"Scissors, Rulers and Trimmers",Prarie,Manitoba,Corporate,42,134.86,-62.84,0.04
2012-09-10,2012-09-01,Furniture,Office Furnishings,Prarie,Manitoba,Corporate,37,3512.9,2093.7,0.08
2012-09-10,2012-09-01,Technology,Telephones and Communication,Prarie,Manitoba,Corporate,4,281.5455,-434.56,0.1
2010-02-12,2010-02-01,Furniture,Chairs & Chairmats,Prarie,Manitoba,Consumer,23,5186.31,1009.38,0.03
2010-02-01,2010-02-01,Technology,Computer Peripherals,Prarie,Manitoba,Corporate,31,983.78,43.72,0.04
2011-09-26,2011-09-01,Office Supplies,Paper,Prarie,Manitoba,Home Office,48,410.15,102.58,0.01
2011-09-26,2011-09-01,Office Supplies,Paper,Prarie,Manitoba,Home Office,28,135.72,-67.79,0.09
2010-08-12,2010-08-01,Furniture,Office Furnishings,West,British Columbia,Corporate,37,589.63,70.8,0.03
2010-08-20,2010-08-01,Furniture,Bookcases,West,British Columbia,Corporate,3,336.84,-160.46,0.08
2010-08-20,2010-08-01,Furniture,Office Furnishings,West,British Columbia,Corporate,30,397.17,7.69,0.1
2012-05-17,2012-05-01,Technology,Computer Peripherals,West,British Columbia,Home Office,24,2094.12,717.12,0.0
2012-05-17,2012-05-01,Office Supplies,Paper,West,British Columbia,Home Office,46,1714.02,741.27,0.04
2010-07-09,2010-07-01,Office Supplies,Paper,West,British Columbia,Corporate,34,223.59,-66.05,0.04
2011-10-22,2011-10-01,Office Supplies,Pens & Art Supplies,West,British Columbia,Corporate,30,288.56,60.72,0.03
2011-10-22,2011-10-01,Technology,Telephones and Communication,West,British Columbia,Corporate,14,1892.848,48.99,0.01
2010-07-15,2010-07-01,Office Supplies,Storage & Organization,West,British Columbia,Home Office,35,6375.28,489.02,0.06
2011-03-04,2011-03-01,Office Supplies,Pens & Art Supplies,West,British Columbia,Consumer,29,1000.78,109.33,0.05
2011-03-04,2011-03-01,Office Supplies,Storage & Organization,West,British Columbia,Consumer,35,543.72,-211.13,0.05
2009-01-05,2009-01-01,Technology,Computer Peripherals,West,British Columbia,Consumer,6,165.75,-28.46,0.03
2009-01-05,2009-01-01,Technology,Telephones and Communication,West,British Columbia,Consumer,11,2021.147,-60.39,0.01
2009-05-12,2009-05-01,Office Supplies,Paper,West,British Columbia,Corporate,4,42.58,-7.61,0.0
2010-02-22,2010-02-01,Furniture,Chairs & Chairmats,West,British Columbia,Corporate,49,4577.18,205.83,0.0
2010-02-22,2010-02-01,Office Supplies,Storage & Organization,West,British Columbia,Corporate,39,845.9,52.53,0.04
2011-06-23,2011-06-01,Technology,Computer Peripherals,West,British Columbia,Consumer,28,1082.45,271.87,0.04
2009-03-20,2009-03-01,Office Supplies,Labels,West,British Columbia,Corporate,9,23.46,4.58,0.06
2011-01-22,2011-01-01,Office Supplies,Storage & Organization,West,British Columbia,Consumer,34,2154.34,177.66,0.1
2011-07-28,2011-07-01,Technology,Computer Peripherals,West,British Columbia,Small Business,40,1699.52,734.75,0.04
2011-07-28,2011-07-01,Office Supplies,Storage & Organization,West,British Columbia,Small Business,50,760.85,-109.1,0.03
2010-04-03,2010-04-01,Office Supplies,Appliances,West,British Columbia,Consumer,8,1042.25,195.16,0.08
2010-04-03,2010-04-01,Technology,Telephones and Communication,West,British Columbia,Consumer,29,5010.7415,1196.37,0.03
2010-11-21,2010-11-01,Technology,Copiers and Fax,West,British Columbia,Home Office,40,19109.61,-379.29,0.1
2010-09-11,2010-09-01,Furniture,Office Furnishings,West,British Columbia,Consumer,25,409.08,78.86,0.1
2011-08-31,2011-08-01,Furniture,Office Furnishings,West,British Columbia,Corporate,48,3397.72,-912.08,0.01
2011-08-31,2011-08-01,Furniture,Tables,West,British Columbia,Corporate,1,449.42,-261.61,0.07
2009-06-07,2009-06-01,Office Supplies,Paper,West,British Columbia,Corporate,13,59.58,14.49,0.07
2009-03-22,2009-03-01,Technology,Computer Peripherals,West,British Columbia,Home Office,17,642.9,88.72,0.07
2009-03-22,2009-03-01,Office Supplies,Labels,West,British Columbia,Home Office,9,47.28,17.05,0.0
2010-09-30,2010-09-01,Furniture,Bookcases,West,British Columbia,Home Office,38,6900.13,552.97,0.01
2010-09-15,2010-09-01,Furniture,Chairs & Chairmats,West,British Columbia,Consumer,10,1449.21,-270.0,0.06
2010-01-10,2010-01-01,Technology,Computer Peripherals,West,British Columbia,Small Business,32,162.25,-43.21,0.05
2010-06-26,2010-06-01,Office Supplies,Storage & Organization,West,British Columbia,Consumer,27,384.9,-108.28,0.07
2011-07-23,2011-07-01,Office Supplies,Binders and Binder Accessories,West,British Columbia,Consumer,14,84.09,-73.14,0.02
2010-10-10,2010-10-01,Technology,Computer Peripherals,West,British Columbia,Home Office,43,319.69,-73.66,0.0
2009-02-05,2009-02-01,Office Supplies,Pens & Art Supplies,West,British Columbia,Small Business,48,139.86,9.59,0.07
2009-02-05,2009-02-01,Technology,Telephones and Communication,West,British Columbia,Small Business,6,926.585,-655.42,0.1
2011-11-09,2011-11-01,Office Supplies,Paper,West,British Columbia,Home Office,4,27.34,-12.38,0.06
2011-11-09,2011-11-01,Technology,Computer Peripherals,West,British Columbia,Home Office,23,683.68,-95.54,0.0
2009-07-26,2009-07-01,Office Supplies,Pens & Art Supplies,West,British Columbia,Corporate,26,100.41,-69.91,0.04
2009-07-26,2009-07-01,Technology,Telephones and Communication,West,British Columbia,Corporate,48,8101.9875,2369.84,0.05
2009-07-26,2009-07-01,Technology,Telephones and Communication,West,British Columbia,Corporate,8,1313.811,-457.16,0.07
2009-04-18,2009-04-01,Office Supplies,Storage & Organization,West,British Columbia,Corporate,28,1350.34,-517.17,0.1
2009-04-18,2009-04-01,Furniture,Bookcases,West,British Columbia,Corporate,8,861.26,-429.86,0.07
2009-04-18,2009-04-01,Technology,Telephones and Communication,West,British Columbia,Corporate,20,1531.411,365.42,0.03
2012-02-24,2012-02-01,Office Supplies,Rubber Bands,West,British Columbia,Small Business,40,57.24,-14.1,0.04
2012-07-28,2012-07-01,Office Supplies,Paper,West,British Columbia,Corporate,46,247.21,-63.72,0.02
2012-07-28,2012-07-01,Technology,Telephones and Communication,West,British Columbia,Corporate,27,1541.781,14.35,0.07
2011-12-14,2011-12-01,Office Supplies,Binders and Binder Accessories,West,British Columbia,Corporate,2,19.0,-10.73,0.01
2011-12-14,2011-12-01,Office Supplies,Storage & Organization,West,British Columbia,Corporate,50,8289.51,3051.62,0.01
2010-06-13,2010-06-01,Office Supplies,Binders and Binder Accessories,West,British Columbia,Consumer,20,42.22,-7.73,0.04
2010-06-13,2010-06-01,Furniture,Chairs & Chairmats,West,British Columbia,Consumer,4,653.44,-187.75,0.06
2010-10-01,2010-10-01,Office Supplies,Storage & Organization,West,British Columbia,Consumer,22,245.96,-33.82,0.03
2012-04-27,2012-04-01,Technology,Computer Peripherals,West,British Columbia,Consumer,34,1014.87,319.52,0.04
2011-09-24,2011-09-01,Office Supplies,Pens & Art Supplies,West,British Columbia,Consumer,18,35.51,-13.95,0.02
2011-09-24,2011-09-01,Office Supplies,Storage & Organization,West,British Columbia,Consumer,39,1105.66,-136.2,0.02
2012-06-30,2012-06-01,Office Supplies,Binders and Binder Accessories,West,British Columbia,Home Office,18,78.93,-88.61,0.04
2011-11-10,2011-11-01,Office Supplies,Storage & Organization,West,British Columbia,Consumer,37,608.33,-70.04,0.02
2009-11-05,2009-11-01,Furniture,Office Furnishings,West,British Columbia,Corporate,20,155.8,27.22,0.0
2009-02-19,2009-02-01,Office Supplies,Pens & Art Supplies,West,British Columbia,Corporate,37,226.65,46.41,0.0
2009-02-19,2009-02-01,Office Supplies,"Scissors, Rulers and Trimmers",West,British Columbia,Corporate,4,10.96,-8.02,0.02
2009-02-19,2009-02-01,Office Supplies,Paper,West,British Columbia,Corporate,29,185.61,-47.12,0.02
2010-03-02,2010-03-01,Technology,Telephones and Communication,West,British Columbia,Home Office,29,1098.506,218.73,0.05
2009-06-28,2009-06-01,Office Supplies,Binders and Binder Accessories,West,British Columbia,Home Office,46,160.27,-183.36,0.06
2009-06-28,2009-06-01,Furniture,Bookcases,West,British Columbia,Home Office,46,4601.02,-129.53,0.09
2009-06-28,2009-06-01,Office Supplies,Paper,West,British Columbia,Home Office,15,89.89,-72.28,0.1
2009-01-26,2009-01-01,Furniture,Office Furnishings,West,British Columbia,Consumer,30,447.33,115.21,0.03
2011-08-02,2011-08-01,Office Supplies,Envelopes,West,British Columbia,Corporate,23,104.82,6.84,0.02
2010-07-04,2010-07-01,Office Supplies,Binders and Binder Accessories,West,British Columbia,Corporate,6,34.88,-18.34,0.06
2012-10-01,2012-10-01,Office Supplies,Storage & Organization,West,British Columbia,Consumer,17,224.09,-27.92,0.0
2011-07-14,2011-07-01,Technology,Telephones and Communication,West,British Columbia,Corporate,7,384.2,-164.46,0.05
2010-07-25,2010-07-01,Technology,Office Machines,West,British Columbia,Home Office,23,6366.52,935.8,0.07
2009-07-06,2009-07-01,Office Supplies,Binders and Binder Accessories,West,British Columbia,Corporate,4,31.01,-4.49,0.03
2009-07-06,2009-07-01,Office Supplies,Binders and Binder Accessories,West,British Columbia,Corporate,46,331.83,-101.25,0.05
2009-07-06,2009-07-01,Technology,Computer Peripherals,West,British Columbia,Corporate,22,446.46,-1.88,0.04
2009-07-06,2009-07-01,Office Supplies,Binders and Binder Accessories,West,British Columbia,Corporate,31,1252.89,339.75,0.05
2009-07-06,2009-07-01,Office Supplies,Binders and Binder Accessories,West,British Columbia,Corporate,12,47.79,-57.75,0.04
2009-07-06,2009-07-01,Office Supplies,Storage & Organization,West,British Columbia,Corporate,3,63.84,-47.97,0.02
2012-12-11,2012-12-01,Technology,Telephones and Communication,West,British Columbia,Corporate,29,531.063,24.56,0.03
2012-12-11,2012-12-01,Furniture,Office Furnishings,West,British Columbia,Corporate,10,152.84,38.02,0.05
2011-12-01,2011-12-01,Technology,Computer Peripherals,West,British Columbia,Small Business,33,271.14,29.21,0.05
2011-12-01,2011-12-01,Office Supplies,Paper,West,British Columbia,Small Business,26,1150.3,418.19,0.1
2009-04-04,2009-04-01,Office Supplies,Paper,West,British Columbia,Home Office,49,305.96,-191.49,0.06
2010-06-25,2010-06-01,Office Supplies,Paper,West,British Columbia,Home Office,2,48.84,-21.2,0.01
2011-02-16,2011-02-01,Office Supplies,Envelopes,West,British Columbia,Home Office,37,223.74,39.63,0.01
2011-02-16,2011-02-01,Furniture,Office Furnishings,West,British Columbia,Home Office,2,26.82,26.21,0.0
2010-08-26,2010-08-01,Technology,Computer Peripherals,West,British Columbia,Corporate,23,631.99,-43.96,0.08
2010-11-04,2010-11-01,Furniture,Office Furnishings,West,British Columbia,Home Office,23,413.8,51.36,0.08
2010-11-04,2010-11-01,Office Supplies,Paper,West,British Columbia,Home Office,36,336.25,25.95,0.0
2010-11-04,2010-11-01,Technology,Telephones and Communication,West,British Columbia,Home Office,22,4001.4685,884.91,0.02
2009-04-28,2009-04-01,Office Supplies,Pens & Art Supplies,West,British Columbia,Small Business,30,102.95,-175.86,0.06
2009-08-06,2009-08-01,Office Supplies,Paper,West,British Columbia,Small Business,9,65.81,-15.44,0.01
2009-03-18,2009-03-01,Office Supplies,Appliances,West,British Columbia,Small Business,32,2564.45,650.73,0.01
2009-03-18,2009-03-01,Office Supplies,Paper,West,British Columbia,Small Business,7,53.55,-43.5,0.07
2009-01-05,2009-01-01,Furniture,Chairs & Chairmats,West,British Columbia,Corporate,5,1244.19,-131.31,0.08
2012-10-08,2012-10-01,Office Supplies,Envelopes,West,British Columbia,Home Office,4,207.55,16.23,0.08
2010-11-05,2010-11-01,Office Supplies,Appliances,West,British Columbia,Corporate,29,1158.45,267.16,0.1
2010-11-05,2010-11-01,Office Supplies,Envelopes,West,British Columbia,Corporate,43,2568.71,590.77,0.1
2012-12-10,2012-12-01,Office Supplies,"Scissors, Rulers and Trimmers",West,British Columbia,Corporate,14,154.45,-2.31,0.09
2009-02-05,2009-02-01,Office Supplies,Appliances,West,British Columbia,Small Business,23,6133.18,1243.17,0.06
2011-09-28,2011-09-01,Technology,Telephones and Communication,West,British Columbia,Home Office,34,2632.4755,1325.82,0.01
2012-06-05,2012-06-01,Office Supplies,Paper,West,British Columbia,Corporate,43,170.81,-133.68,0.1
2012-06-05,2012-06-01,Technology,Telephones and Communication,West,British Columbia,Corporate,31,4726.595,1176.48,0.05
2010-09-26,2010-09-01,Technology,Office Machines,West,British Columbia,Corporate,46,3780.16,1265.82,0.1
2010-09-26,2010-09-01,Technology,Telephones and Communication,West,British Columbia,Corporate,31,1784.048,394.45,0.05
2009-01-21,2009-01-01,Office Supplies,Binders and Binder Accessories,West,British Columbia,Corporate,46,1482.01,709.33,0.02
2012-10-05,2012-10-01,Office Supplies,Binders and Binder Accessories,West,British Columbia,Corporate,14,91.75,2.82,0.07
2012-10-05,2012-10-01,Technology,Computer Peripherals,West,British Columbia,Corporate,31,346.57,-116.45,0.0
2009-03-25,2009-03-01,Furniture,Office Furnishings,West,British Columbia,Corporate,20,234.09,-11.69,0.01
2012-09-20,2012-09-01,Office Supplies,Appliances,West,British Columbia,Corporate,19,82.43,-94.76,0.04
2012-09-20,2012-09-01,Office Supplies,Binders and Binder Accessories,West,British Columbia,Corporate,31,295.97,5.02,0.02
2012-09-20,2012-09-01,Office Supplies,Labels,West,British Columbia,Corporate,29,94.5,39.9,0.02
2010-02-05,2010-02-01,Office Supplies,Appliances,West,British Columbia,Home Office,39,1836.06,437.07,0.04
2010-02-05,2010-02-01,Office Supplies,Binders and Binder Accessories,West,British Columbia,Home Office,2,21.03,-10.48,0.03
2010-03-19,2010-03-01,Office Supplies,"Scissors, Rulers and Trimmers",West,British Columbia,Corporate,46,507.64,42.76,0.04
2011-11-19,2011-11-01,Office Supplies,Paper,West,British Columbia,Corporate,39,301.36,48.45,0.09
2011-11-19,2011-11-01,Office Supplies,Paper,West,British Columbia,Corporate,17,114.28,-38.72,0.08
2011-11-19,2011-11-01,Office Supplies,Pens & Art Supplies,West,British Columbia,Corporate,49,1889.04,182.15,0.1
2009-04-29,2009-04-01,Furniture,Tables,West,British Columbia,Corporate,49,7002.08,-1640.51,0.1
2011-04-03,2011-04-01,Office Supplies,Binders and Binder Accessories,West,British Columbia,Home Office,47,91.43,-22.9,0.08
2011-04-16,2011-04-01,Office Supplies,Binders and Binder Accessories,West,British Columbia,Corporate,7,27.99,-0.17,0.06
2011-04-16,2011-04-01,Office Supplies,Labels,West,British Columbia,Corporate,6,21.07,2.28,0.08
2010-06-15,2010-06-01,Office Supplies,Labels,West,British Columbia,Corporate,37,102.46,36.64,0.08
2010-06-15,2010-06-01,Furniture,Office Furnishings,West,British Columbia,Corporate,43,1097.6,216.12,0.05
2009-08-09,2009-08-01,Office Supplies,Binders and Binder Accessories,West,British Columbia,Corporate,3,21.64,-13.33,0.08
2009-09-20,2009-09-01,Office Supplies,Labels,West,British Columbia,Home Office,48,128.0,45.51,0.09
2009-09-20,2009-09-01,Office Supplies,Paper,West,British Columbia,Home Office,5,252.66,32.86,0.02
2012-03-20,2012-03-01,Office Supplies,Pens & Art Supplies,West,British Columbia,Corporate,16,44.1,-6.22,0.04
2012-03-23,2012-03-01,Office Supplies,Binders and Binder Accessories,West,British Columbia,Consumer,45,132.31,10.91,0.02
2010-07-19,2010-07-01,Office Supplies,Labels,West,British Columbia,Home Office,47,178.51,82.3,0.0
2010-07-19,2010-07-01,Office Supplies,Rubber Bands,West,British Columbia,Home Office,15,31.32,-30.26,0.0
2012-11-21,2012-11-01,Technology,Telephones and Communication,West,British Columbia,Home Office,28,1538.8655,-186.33,0.05
2009-03-27,2009-03-01,Office Supplies,Appliances,West,British Columbia,Small Business,25,286.07,-35.94,0.07
2009-03-27,2009-03-01,Office Supplies,Binders and Binder Accessories,West,British Columbia,Small Business,26,733.92,302.8,0.03
2009-03-27,2009-03-01,Technology,Computer Peripherals,West,British Columbia,Small Business,6,99.11,-12.46,0.01
2010-05-14,2010-05-01,Furniture,Office Furnishings,West,British Columbia,Corporate,17,2475.08,958.8,0.0
2010-05-14,2010-05-01,Furniture,Office Furnishings,West,British Columbia,Corporate,49,1610.42,813.35,0.0
2010-10-17,2010-10-01,Furniture,Chairs & Chairmats,West,British Columbia,Corporate,48,5620.2,176.04,0.01
2010-08-24,2010-08-01,Furniture,Office Furnishings,West,British Columbia,Corporate,26,1382.31,372.26,0.03
2010-08-24,2010-08-01,Office Supplies,Paper,West,British Columbia,Corporate,46,991.36,212.06,0.01
2011-08-10,2011-08-01,Furniture,Office Furnishings,West,British Columbia,Home Office,19,1410.44,545.11,0.07
2009-09-24,2009-09-01,Office Supplies,Binders and Binder Accessories,West,British Columbia,Home Office,10,268.18,74.64,0.06
2009-09-24,2009-09-01,Technology,Telephones and Communication,West,British Columbia,Home Office,9,477.054,-170.53,0.1
2012-10-30,2012-10-01,Furniture,Office Furnishings,West,British Columbia,Home Office,35,738.69,109.16,0.1
2012-10-30,2012-10-01,Furniture,Tables,West,British Columbia,Home Office,5,1015.4,-234.59,0.0
2010-05-07,2010-05-01,Office Supplies,Envelopes,West,British Columbia,Corporate,17,184.09,4.79,0.07
2011-04-09,2011-04-01,Office Supplies,Paper,West,British Columbia,Consumer,36,1646.05,649.8,0.08
2010-06-03,2010-06-01,Office Supplies,Storage & Organization,West,British Columbia,Home Office,46,7807.45,1660.15,0.02
2010-05-22,2010-05-01,Office Supplies,Rubber Bands,West,British Columbia,Corporate,45,261.0,-43.45,0.04
2010-05-22,2010-05-01,Office Supplies,Storage & Organization,West,British Columbia,Corporate,4,127.56,-41.75,0.05
2012-10-25,2012-10-01,Office Supplies,Binders and Binder Accessories,West,British Columbia,Home Office,35,144.06,-117.27,0.01
2012-10-25,2012-10-01,Furniture,Chairs & Chairmats,West,British Columbia,Home Office,32,3205.24,-1115.99,0.01
2012-10-25,2012-10-01,Office Supplies,Rubber Bands,West,British Columbia,Home Office,46,339.27,48.59,0.1
2012-10-25,2012-10-01,Furniture,Tables,West,British Columbia,Home Office,9,902.024,-153.25,0.04
2010-01-05,2010-01-01,Furniture,Office Furnishings,West,British Columbia,Home Office,34,702.79,-44.81,0.04
2010-01-05,2010-01-01,Office Supplies,Storage & Organization,West,British Columbia,Home Office,44,712.64,-27.72,0.06
2011-12-30,2011-12-01,Office Supplies,Rubber Bands,West,British Columbia,Consumer,40,239.86,-32.06,0.04
2011-12-30,2011-12-01,Technology,Computer Peripherals,West,British Columbia,Consumer,48,1269.79,-65.33,0.08
2011-02-14,2011-02-01,Technology,Telephones and Communication,West,British Columbia,Home Office,17,1529.014,14.01,0.07
2010-05-28,2010-05-01,Furniture,Bookcases,West,British Columbia,Consumer,3,336.84,-160.46,0.08
2010-05-28,2010-05-01,Technology,Office Machines,West,British Columbia,Consumer,7,1120.27,16.81,0.0
2010-06-28,2010-06-01,Technology,Telephones and Communication,West,British Columbia,Small Business,47,5677.609,1680.79,0.04
2011-03-01,2011-03-01,Office Supplies,Appliances,West,British Columbia,Consumer,21,1222.68,300.97,0.06
2011-03-01,2011-03-01,Furniture,Office Furnishings,West,British Columbia,Consumer,26,390.2,45.0,0.02
2012-02-27,2012-02-01,Technology,Computer Peripherals,West,British Columbia,Home Office,26,892.38,366.48,0.0
2012-02-27,2012-02-01,Office Supplies,Pens & Art Supplies,West,British Columbia,Home Office,10,29.41,-2.06,0.01
2012-03-19,2012-03-01,Office Supplies,Appliances,West,British Columbia,Home Office,24,1449.3,-712.14,0.08
2012-03-19,2012-03-01,Technology,Telephones and Communication,West,British Columbia,Home Office,43,4374.6865,973.16,0.05
2012-03-19,2012-03-01,Technology,Telephones and Communication,West,British Columbia,Home Office,44,4283.235,676.13,0.1
2012-03-04,2012-03-01,Furniture,Chairs & Chairmats,West,British Columbia,Corporate,7,1874.37,67.84,0.08
2012-03-09,2012-03-01,Furniture,Office Furnishings,West,British Columbia,Home Office,35,1476.39,-303.62,0.06
2012-03-09,2012-03-01,Technology,Telephones and Communication,West,British Columbia,Home Office,8,863.583,-264.28,0.04
2010-01-05,2010-01-01,Office Supplies,Paper,West,British Columbia,Small Business,6,49.55,-20.33,0.06
2010-01-05,2010-01-01,Technology,Telephones and Communication,West,British Columbia,Small Business,15,606.56,20.23,0.04
2012-04-21,2012-04-01,Technology,Computer Peripherals,West,British Columbia,Home Office,24,715.4,-99.34,0.08
2009-06-17,2009-06-01,Office Supplies,Binders and Binder Accessories,West,British Columbia,Small Business,25,113.75,-77.34,0.0
2009-06-17,2009-06-01,Furniture,Bookcases,West,British Columbia,Small Business,24,3081.95,-662.8,0.1
2012-06-13,2012-06-01,Office Supplies,"Scissors, Rulers and Trimmers",West,British Columbia,Home Office,41,133.23,-59.91,0.0
2012-07-16,2012-07-01,Office Supplies,Envelopes,West,British Columbia,Corporate,50,1406.64,424.36,0.02
2009-05-15,2009-05-01,Technology,Computer Peripherals,West,British Columbia,Corporate,46,3197.45,97.16,0.08
2009-05-15,2009-05-01,Office Supplies,"Scissors, Rulers and Trimmers",West,British Columbia,Corporate,21,78.57,-20.65,0.02
2011-01-02,2011-01-01,Furniture,Chairs & Chairmats,West,British Columbia,Corporate,16,5403.75,103.83,0.08
2011-01-02,2011-01-01,Furniture,Chairs & Chairmats,West,British Columbia,Corporate,1,192.49,-98.3,0.02
2011-01-02,2011-01-01,Furniture,Tables,West,British Columbia,Corporate,24,6408.3,539.54,0.1
2012-01-05,2012-01-01,Technology,Computer Peripherals,West,British Columbia,Corporate,13,2323.36,220.39,0.08
2009-01-23,2009-01-01,Office Supplies,"Scissors, Rulers and Trimmers",West,British Columbia,Consumer,18,136.41,-99.34,0.0
2011-12-24,2011-12-01,Office Supplies,Envelopes,West,British Columbia,Small Business,20,761.23,107.93,0.0
2012-11-20,2012-11-01,Office Supplies,Binders and Binder Accessories,West,British Columbia,Corporate,26,187.16,29.33,0.01
2012-12-29,2012-12-01,Office Supplies,Paper,West,British Columbia,Small Business,27,176.1,-75.71,0.09
2010-01-31,2010-01-01,Office Supplies,Paper,West,British Columbia,Corporate,7,44.05,-21.77,0.07
2009-02-04,2009-02-01,Office Supplies,Binders and Binder Accessories,West,British Columbia,Small Business,47,671.03,67.86,0.07
2011-12-24,2011-12-01,Office Supplies,Binders and Binder Accessories,West,British Columbia,Consumer,9,3800.4,1234.57,0.03
2010-02-27,2010-02-01,Office Supplies,Labels,West,British Columbia,Corporate,2,13.3,-7.86,0.09
2010-02-27,2010-02-01,Furniture,Bookcases,West,British Columbia,Corporate,27,3379.01,-801.09,0.06
2010-02-27,2010-02-01,Office Supplies,Paper,West,British Columbia,Corporate,15,687.52,223.76,0.08
2010-02-27,2010-02-01,Office Supplies,Storage & Organization,West,British Columbia,Corporate,40,4538.66,506.86,0.0
2012-06-25,2012-06-01,Office Supplies,Appliances,West,British Columbia,Corporate,17,3816.59,191.47,0.01
2012-03-13,2012-03-01,Furniture,Office Furnishings,West,British Columbia,Consumer,10,194.29,68.89,0.1
2010-12-28,2010-12-01,Office Supplies,Pens & Art Supplies,West,British Columbia,Corporate,34,195.49,33.8,0.05
2012-07-03,2012-07-01,Office Supplies,Labels,West,British Columbia,Consumer,13,47.93,15.82,0.04
2012-04-05,2012-04-01,Office Supplies,Labels,West,British Columbia,Corporate,47,168.55,71.77,0.05
2012-04-05,2012-04-01,Office Supplies,"Scissors, Rulers and Trimmers",West,British Columbia,Corporate,26,77.03,-47.75,0.08
2009-07-24,2009-07-01,Office Supplies,Appliances,West,British Columbia,Corporate,20,939.39,-122.77,0.07
2011-07-18,2011-07-01,Office Supplies,Envelopes,West,British Columbia,Corporate,3,279.33,-44.18,0.0
2010-04-15,2010-04-01,Technology,Computer Peripherals,West,British Columbia,Small Business,5,365.93,-243.02,0.05
2010-06-15,2010-06-01,Technology,Computer Peripherals,West,British Columbia,Corporate,1,12.2,-33.93,0.01
2011-03-15,2011-03-01,Office Supplies,Binders and Binder Accessories,West,British Columbia,Corporate,36,170.42,-98.31,0.1
2011-03-15,2011-03-01,Furniture,Chairs & Chairmats,West,British Columbia,Corporate,3,431.29,-164.59,0.1
2011-03-15,2011-03-01,Office Supplies,Pens & Art Supplies,West,British Columbia,Corporate,48,294.26,88.8,0.0
2009-12-06,2009-12-01,Furniture,Chairs & Chairmats,West,British Columbia,Small Business,3,549.92,-210.97,0.09
2009-12-06,2009-12-01,Office Supplies,Paper,West,British Columbia,Small Business,26,182.09,-28.15,0.0
2010-07-22,2010-07-01,Office Supplies,Appliances,West,British Columbia,Small Business,7,285.08,2.3,0.08
2010-06-25,2010-06-01,Technology,Copiers and Fax,West,British Columbia,Home Office,46,27875.54,-635.69,0.0
2010-06-25,2010-06-01,Office Supplies,Paper,West,British Columbia,Home Office,49,2030.44,938.26,0.04
2010-06-25,2010-06-01,Office Supplies,Storage & Organization,West,British Columbia,Home Office,47,695.99,-157.44,0.09
2011-10-08,2011-10-01,Technology,Telephones and Communication,West,British Columbia,Corporate,17,477.5045,-245.56,0.09
2010-09-07,2010-09-01,Office Supplies,Pens & Art Supplies,West,British Columbia,Corporate,44,777.63,-70.54,0.03
2012-01-22,2012-01-01,Technology,Computer Peripherals,West,British Columbia,Home Office,40,1500.17,423.87,0.06
2012-01-22,2012-01-01,Office Supplies,Paper,West,British Columbia,Home Office,45,377.31,87.96,0.02
2012-04-05,2012-04-01,Office Supplies,Paper,West,British Columbia,Small Business,30,204.49,-142.3,0.05
2009-12-12,2009-12-01,Furniture,Bookcases,West,British Columbia,Consumer,41,5572.92,-639.47,0.07
2012-03-23,2012-03-01,Office Supplies,Binders and Binder Accessories,West,British Columbia,Small Business,33,3977.97,1733.47,0.06
2011-09-13,2011-09-01,Technology,Telephones and Communication,West,British Columbia,Corporate,45,3116.7715,-106.51,0.08
2012-09-05,2012-09-01,Furniture,Tables,West,British Columbia,Small Business,16,986.272,-647.14,0.02
2010-08-21,2010-08-01,Office Supplies,Paper,West,British Columbia,Home Office,30,201.37,59.84,0.1
2012-10-26,2012-10-01,Technology,Computer Peripherals,West,British Columbia,Small Business,42,939.77,9.72,0.0
2010-10-06,2010-10-01,Office Supplies,Paper,West,British Columbia,Corporate,42,187.28,-94.36,0.06
2010-03-13,2010-03-01,Technology,Telephones and Communication,West,British Columbia,Home Office,8,763.6485,-277.78,0.06
2011-05-25,2011-05-01,Furniture,Chairs & Chairmats,West,British Columbia,Corporate,45,12457.63,1063.46,0.08
2011-05-09,2011-05-01,Office Supplies,Binders and Binder Accessories,West,British Columbia,Small Business,16,32.35,-63.19,0.08
2011-05-09,2011-05-01,Office Supplies,Labels,West,British Columbia,Small Business,23,116.56,50.66,0.04
2010-01-18,2010-01-01,Technology,Telephones and Communication,West,British Columbia,Small Business,7,117.062,-63.7,0.09
2009-12-12,2009-12-01,Office Supplies,Paper,West,British Columbia,Corporate,16,72.08,-54.75,0.04
2009-12-12,2009-12-01,Furniture,Tables,West,British Columbia,Corporate,29,10338.93,-871.52,0.06
2009-12-12,2009-12-01,Furniture,Tables,West,British Columbia,Corporate,37,15897.01,455.02,0.06
2009-12-12,2009-12-01,Technology,Telephones and Communication,West,British Columbia,Corporate,8,1265.293,-554.44,0.06
2010-01-22,2010-01-01,Furniture,Chairs & Chairmats,West,British Columbia,Small Business,24,2722.85,-112.62,0.08
2010-01-22,2010-01-01,Technology,Computer Peripherals,West,British Columbia,Small Business,2,59.93,-147.81,0.09
2010-01-22,2010-01-01,Office Supplies,Paper,West,British Columbia,Small Business,19,851.52,307.64,0.08
2012-12-09,2012-12-01,Furniture,Office Furnishings,West,British Columbia,Home Office,50,919.0,89.6,0.0
2009-08-28,2009-08-01,Technology,Telephones and Communication,West,British Columbia,Corporate,25,453.2455,3.31,0.05
2012-11-04,2012-11-01,Furniture,Chairs & Chairmats,West,British Columbia,Consumer,23,6276.83,813.49,0.09
2010-07-20,2010-07-01,Office Supplies,Paper,West,British Columbia,Home Office,26,122.51,45.14,0.06
2010-07-20,2010-07-01,Technology,Telephones and Communication,West,British Columbia,Home Office,27,2846.361,453.65,0.08
2011-11-15,2011-11-01,Office Supplies,Binders and Binder Accessories,West,British Columbia,Corporate,39,71.04,-20.65,0.07
2009-03-22,2009-03-01,Technology,Computer Peripherals,West,British Columbia,Corporate,16,2232.66,-521.09,0.1
2009-08-06,2009-08-01,Office Supplies,Binders and Binder Accessories,West,British Columbia,Small Business,45,177.88,-146.97,0.07
2009-08-06,2009-08-01,Office Supplies,Envelopes,West,British Columbia,Small Business,30,139.59,5.9,0.0
2012-03-23,2012-03-01,Technology,Computer Peripherals,West,British Columbia,Corporate,35,253.15,-72.43,0.03
2011-04-13,2011-04-01,Office Supplies,Binders and Binder Accessories,West,British Columbia,Small Business,22,83.02,9.24,0.08
2011-04-13,2011-04-01,Furniture,Chairs & Chairmats,West,British Columbia,Small Business,35,10278.79,1512.07,0.04
2011-09-06,2011-09-01,Office Supplies,Binders and Binder Accessories,West,British Columbia,Small Business,8,53.14,-41.26,0.0
2012-05-23,2012-05-01,Office Supplies,Paper,West,British Columbia,Small Business,50,295.37,-97.23,0.04
2012-03-04,2012-03-01,Office Supplies,Rubber Bands,West,British Columbia,Home Office,12,50.69,-6.33,0.04
2009-11-03,2009-11-01,Furniture,Chairs & Chairmats,West,British Columbia,Home Office,11,1865.94,116.1,0.04
2009-11-03,2009-11-01,Technology,Computer Peripherals,West,British Columbia,Home Office,43,784.72,-87.96,0.01
2009-11-03,2009-11-01,Technology,Telephones and Communication,West,British Columbia,Home Office,24,2343.076,311.64,0.06
2009-08-12,2009-08-01,Furniture,Chairs & Chairmats,West,British Columbia,Small Business,5,627.64,-151.46,0.05
2010-07-07,2010-07-01,Office Supplies,Labels,West,British Columbia,Corporate,25,67.45,24.28,0.05
2010-11-05,2010-11-01,Office Supplies,Paper,West,British Columbia,Small Business,28,199.94,-147.27,0.01
2012-05-05,2012-05-01,Furniture,Office Furnishings,West,British Columbia,Consumer,32,1282.49,154.74,0.07
2010-06-23,2010-06-01,Technology,Computer Peripherals,West,British Columbia,Small Business,22,346.42,67.96,0.05
2010-06-23,2010-06-01,Furniture,Office Furnishings,West,British Columbia,Small Business,41,773.44,133.83,0.08
2010-06-23,2010-06-01,Office Supplies,Paper,West,British Columbia,Small Business,43,881.84,153.8,0.0
2010-06-23,2010-06-01,Technology,Telephones and Communication,West,British Columbia,Small Business,50,5067.5725,1275.91,0.09
2012-07-28,2012-07-01,Furniture,Chairs & Chairmats,West,British Columbia,Small Business,31,2245.78,-432.46,0.05
2009-03-07,2009-03-01,Technology,Office Machines,West,British Columbia,Small Business,20,9418.14,909.36,0.09
2011-01-24,2011-01-01,Technology,Office Machines,West,British Columbia,Corporate,45,1090.6,300.91,0.07
2009-08-15,2009-08-01,Office Supplies,Appliances,West,British Columbia,Corporate,42,1811.3,520.41,0.07
2009-08-15,2009-08-01,Furniture,Chairs & Chairmats,West,British Columbia,Corporate,43,4095.76,-444.14,0.03
2009-08-15,2009-08-01,Technology,Computer Peripherals,West,British Columbia,Corporate,22,482.37,34.03,0.03
2009-10-02,2009-10-01,Office Supplies,Storage & Organization,West,British Columbia,Small Business,43,7036.11,1268.65,0.0
2012-01-01,2012-01-01,Technology,Computer Peripherals,West,British Columbia,Corporate,45,2354.8,332.97,0.03
2012-01-01,2012-01-01,Office Supplies,Paper,West,British Columbia,Corporate,50,187.88,-38.23,0.08
2009-11-27,2009-11-01,Technology,Copiers and Fax,West,British Columbia,Corporate,29,20872.16,-4437.91,0.03
2010-08-04,2010-08-01,Office Supplies,Binders and Binder Accessories,West,British Columbia,Consumer,41,152.28,-154.81,0.06
2010-11-08,2010-11-01,Office Supplies,Binders and Binder Accessories,West,British Columbia,Home Office,14,125.54,-15.74,0.03
2012-12-04,2012-12-01,Office Supplies,Paper,West,British Columbia,Corporate,36,228.01,-185.54,0.06
2011-03-10,2011-03-01,Technology,Computer Peripherals,West,British Columbia,Home Office,2,57.5,-83.18,0.02
2009-07-16,2009-07-01,Technology,Computer Peripherals,West,British Columbia,Small Business,22,604.38,167.58,0.09
2009-07-16,2009-07-01,Technology,Telephones and Communication,West,British Columbia,Small Business,45,2404.599,496.89,0.08
2009-02-22,2009-02-01,Technology,Computer Peripherals,West,British Columbia,Consumer,27,132.36,-98.35,0.05
2009-02-22,2009-02-01,Furniture,Office Furnishings,West,British Columbia,Consumer,42,1498.46,565.37,0.02
2012-09-21,2012-09-01,Office Supplies,Pens & Art Supplies,West,British Columbia,Small Business,22,985.29,138.37,0.04
2012-11-10,2012-11-01,Furniture,Office Furnishings,West,British Columbia,Corporate,6,323.53,136.32,0.06
2012-11-10,2012-11-01,Technology,Telephones and Communication,West,British Columbia,Corporate,1,65.7475,-252.48,0.1
2010-04-12,2010-04-01,Office Supplies,Paper,West,British Columbia,Home Office,17,118.36,-60.65,0.08
2011-08-25,2011-08-01,Office Supplies,Paper,West,British Columbia,Corporate,2,29.31,-12.78,0.0
2011-08-25,2011-08-01,Office Supplies,Paper,West,British Columbia,Corporate,11,80.26,-22.55,0.06
2010-11-20,2010-11-01,Office Supplies,Envelopes,West,British Columbia,Home Office,34,398.76,0.82,0.07
2010-06-15,2010-06-01,Office Supplies,Rubber Bands,West,British Columbia,Small Business,25,67.58,16.8,0.09
2012-04-14,2012-04-01,Technology,Computer Peripherals,West,British Columbia,Small Business,19,159.24,8.3,0.09
2012-04-14,2012-04-01,Office Supplies,Paper,West,British Columbia,Small Business,6,48.77,5.95,0.0
2012-04-14,2012-04-01,Office Supplies,Pens & Art Supplies,West,British Columbia,Small Business,5,26.5,2.61,0.01
2012-03-18,2012-03-01,Technology,Telephones and Communication,West,British Columbia,Corporate,20,2634.8555,257.76,0.08
2012-03-18,2012-03-01,Office Supplies,Paper,West,British Columbia,Corporate,46,281.0,-291.59,0.1
2009-05-05,2009-05-01,Office Supplies,Binders and Binder Accessories,West,British Columbia,Small Business,33,4064.05,1408.19,0.06
2009-05-05,2009-05-01,Office Supplies,Appliances,West,British Columbia,Small Business,47,3213.87,-1069.72,0.08
2012-04-18,2012-04-01,Office Supplies,Binders and Binder Accessories,West,British Columbia,Corporate,1,14.68,-13.78,0.06
2012-04-18,2012-04-01,Office Supplies,Binders and Binder Accessories,West,British Columbia,Corporate,11,10145.14,3724.57,0.03
2012-04-18,2012-04-01,Office Supplies,Binders and Binder Accessories,West,British Columbia,Corporate,16,68.45,-57.88,0.08
2011-01-09,2011-01-01,Office Supplies,Binders and Binder Accessories,West,British Columbia,Corporate,3,1326.09,-20.55,0.0
2011-01-09,2011-01-01,Office Supplies,Pens & Art Supplies,West,British Columbia,Corporate,30,339.49,-74.21,0.08
2009-03-06,2009-03-01,Furniture,Chairs & Chairmats,West,British Columbia,Small Business,10,1187.12,-127.3,0.06
2009-03-06,2009-03-01,Office Supplies,Paper,West,British Columbia,Small Business,16,108.31,-52.77,0.05
2010-06-07,2010-06-01,Technology,Telephones and Communication,West,British Columbia,Small Business,36,2051.016,483.97,0.02
2012-01-16,2012-01-01,Office Supplies,Pens & Art Supplies,West,British Columbia,Small Business,29,106.78,-98.05,0.0
2010-02-02,2010-02-01,Office Supplies,Rubber Bands,West,British Columbia,Home Office,25,79.37,6.14,0.07
2012-08-18,2012-08-01,Office Supplies,Appliances,West,British Columbia,Small Business,36,218.12,-1642.65,0.02
2012-10-06,2012-10-01,Office Supplies,Binders and Binder Accessories,West,British Columbia,Corporate,16,118.38,-42.46,0.04
2011-03-24,2011-03-01,Office Supplies,Envelopes,West,British Columbia,Consumer,45,253.89,-83.66,0.01
2012-10-02,2012-10-01,Office Supplies,Appliances,West,British Columbia,Corporate,22,1556.87,-521.42,0.04
2012-10-02,2012-10-01,Office Supplies,Paper,West,British Columbia,Corporate,33,195.98,-71.47,0.08
2012-10-02,2012-10-01,Office Supplies,Appliances,West,British Columbia,Corporate,32,9235.97,2848.17,0.04
2012-10-02,2012-10-01,Office Supplies,Paper,West,British Columbia,Corporate,48,274.38,-94.82,0.04
2012-08-14,2012-08-01,Furniture,Office Furnishings,West,British Columbia,Small Business,8,17.72,-15.34,0.02
2011-02-26,2011-02-01,Technology,Computer Peripherals,West,British Columbia,Corporate,9,65.61,-39.74,0.08
2011-02-26,2011-02-01,Office Supplies,Storage & Organization,West,British Columbia,Corporate,21,309.62,-80.2,0.0
2012-11-10,2012-11-01,Office Supplies,Binders and Binder Accessories,West,British Columbia,Corporate,16,4901.99,1724.68,0.04
2012-09-13,2012-09-01,Office Supplies,Storage & Organization,West,British Columbia,Corporate,30,4305.79,1020.32,0.0
2012-05-10,2012-05-01,Technology,Telephones and Communication,West,British Columbia,Corporate,45,1991.703,559.11,0.07
2010-12-25,2010-12-01,Furniture,Office Furnishings,West,British Columbia,Home Office,34,2932.99,-1448.83,0.07
2010-12-25,2010-12-01,Furniture,Tables,West,British Columbia,Home Office,45,9194.8,-1760.57,0.1
2010-12-25,2010-12-01,Furniture,Bookcases,West,British Columbia,Home Office,17,2285.12,-455.8,0.08
2012-03-24,2012-03-01,Office Supplies,Envelopes,West,British Columbia,Small Business,42,355.69,-149.46,0.09
2009-05-20,2009-05-01,Office Supplies,Appliances,West,British Columbia,Consumer,15,297.05,-16.89,0.09
2009-05-20,2009-05-01,Office Supplies,Envelopes,West,British Columbia,Consumer,7,108.26,25.51,0.06
2009-06-21,2009-06-01,Office Supplies,Labels,West,British Columbia,Corporate,24,67.35,22.63,0.07
2009-06-21,2009-06-01,Furniture,Tables,West,British Columbia,Corporate,4,1472.31,-223.59,0.03
2011-08-07,2011-08-01,Technology,Computer Peripherals,West,British Columbia,Corporate,29,857.42,51.18,0.07
2011-08-07,2011-08-01,Office Supplies,Rubber Bands,West,British Columbia,Corporate,1,2.24,-1.97,0.01
2010-03-26,2010-03-01,Furniture,Office Furnishings,West,British Columbia,Corporate,22,446.72,-39.0,0.05
2010-03-26,2010-03-01,Technology,Telephones and Communication,West,British Columbia,Corporate,30,1580.6005,303.53,0.07
2012-12-15,2012-12-01,Office Supplies,Appliances,West,British Columbia,Corporate,47,16002.29,4604.79,0.09
2012-12-15,2012-12-01,Office Supplies,Binders and Binder Accessories,West,British Columbia,Corporate,9,182.26,60.61,0.01
2009-12-07,2009-12-01,Technology,Office Machines,West,British Columbia,Home Office,7,3565.27,-502.81,0.04
2009-12-07,2009-12-01,Office Supplies,Paper,West,British Columbia,Home Office,50,241.01,-4.69,0.0
2009-12-09,2009-12-01,Office Supplies,Labels,West,British Columbia,Home Office,32,209.02,101.8,0.04
2010-12-21,2010-12-01,Technology,Computer Peripherals,West,British Columbia,Small Business,33,729.92,99.31,0.0
2012-08-10,2012-08-01,Furniture,Office Furnishings,West,British Columbia,Consumer,32,2593.08,-673.31,0.0
2012-08-10,2012-08-01,Technology,Telephones and Communication,West,British Columbia,Consumer,25,2529.396,371.21,0.06
2010-11-12,2010-11-01,Furniture,Chairs & Chairmats,West,British Columbia,Corporate,3,441.43,-154.45,0.06
2010-11-12,2010-11-01,Technology,Telephones and Communication,West,British Columbia,Corporate,14,2145.6975,-176.79,0.08
2010-11-12,2010-11-01,Technology,Telephones and Communication,West,British Columbia,Corporate,18,1341.963,180.78,0.0
2012-05-05,2012-05-01,Technology,Computer Peripherals,West,British Columbia,Home Office,12,1712.66,-390.77,0.1
2010-07-21,2010-07-01,Furniture,Office Furnishings,West,British Columbia,Corporate,20,310.31,51.5,0.02
2012-05-04,2012-05-01,Furniture,Office Furnishings,West,British Columbia,Corporate,35,246.98,-94.78,0.1
2010-08-24,2010-08-01,Office Supplies,Paper,West,British Columbia,Small Business,35,233.39,-197.39,0.06
2011-03-10,2011-03-01,Office Supplies,Binders and Binder Accessories,West,British Columbia,Small Business,23,135.31,-49.32,0.06
2011-11-12,2011-11-01,Technology,Office Machines,West,British Columbia,Small Business,9,181.66,-27.47,0.0
2012-03-22,2012-03-01,Technology,Computer Peripherals,West,British Columbia,Consumer,29,1194.96,107.45,0.04
2009-11-16,2009-11-01,Technology,Telephones and Communication,West,British Columbia,Corporate,6,184.331,-89.2,0.07
2009-11-16,2009-11-01,Technology,Telephones and Communication,West,British Columbia,Corporate,23,1223.3795,83.57,0.08
2009-09-05,2009-09-01,Office Supplies,Binders and Binder Accessories,West,British Columbia,Corporate,28,128.69,28.29,0.04
2012-07-19,2012-07-01,Technology,Computer Peripherals,West,British Columbia,Home Office,17,686.27,-345.36,0.06
2012-08-20,2012-08-01,Office Supplies,Storage & Organization,West,British Columbia,Small Business,19,242.63,-36.11,0.0
2010-08-23,2010-08-01,Technology,Office Machines,West,British Columbia,Home Office,45,4729.85,2014.82,0.03
2012-12-25,2012-12-01,Furniture,Chairs & Chairmats,West,British Columbia,Corporate,36,4852.05,-1197.58,0.0
2011-06-16,2011-06-01,Office Supplies,Paper,West,British Columbia,Home Office,5,70.33,1.07,0.1
2010-06-23,2010-06-01,Technology,Telephones and Communication,West,British Columbia,Corporate,39,677.518,168.22,0.09
2010-10-29,2010-10-01,Technology,Computer Peripherals,West,British Columbia,Home Office,9,302.05,-58.81,0.0
2009-07-15,2009-07-01,Office Supplies,Pens & Art Supplies,West,British Columbia,Corporate,24,66.12,4.85,0.09
2009-04-26,2009-04-01,Office Supplies,Pens & Art Supplies,West,British Columbia,Small Business,34,109.86,19.04,0.07
2011-09-04,2011-09-01,Furniture,Chairs & Chairmats,West,British Columbia,Small Business,49,12979.1,2820.44,0.03
2012-09-24,2012-09-01,Furniture,Office Furnishings,West,British Columbia,Home Office,30,2052.82,-870.61,0.05
2011-10-11,2011-10-01,Technology,Computer Peripherals,West,British Columbia,Consumer,46,1905.79,675.65,0.01
2012-02-17,2012-02-01,Office Supplies,Binders and Binder Accessories,West,British Columbia,Corporate,24,68.88,1.31,0.0
2009-06-18,2009-06-01,Office Supplies,Pens & Art Supplies,West,British Columbia,Corporate,11,110.79,-11.13,0.1
2011-05-26,2011-05-01,Furniture,Office Furnishings,West,British Columbia,Corporate,44,823.63,375.02,0.03
2011-05-26,2011-05-01,Office Supplies,Paper,West,British Columbia,Corporate,42,286.73,-141.51,0.05
2010-09-20,2010-09-01,Furniture,Chairs & Chairmats,West,British Columbia,Home Office,44,3819.42,-821.87,0.1
2010-09-20,2010-09-01,Furniture,Office Furnishings,West,British Columbia,Home Office,42,208.78,24.87,0.05
2011-05-28,2011-05-01,Furniture,Bookcases,West,British Columbia,Small Business,6,647.78,-144.87,0.0
2012-07-28,2012-07-01,Technology,Telephones and Communication,West,British Columbia,Consumer,49,2692.6895,768.32,0.03
2012-07-28,2012-07-01,Office Supplies,Rubber Bands,West,British Columbia,Consumer,38,151.19,60.63,0.03
2012-05-05,2012-05-01,Office Supplies,Envelopes,West,British Columbia,Home Office,16,102.73,16.33,0.03
2010-06-17,2010-06-01,Technology,Computer Peripherals,West,British Columbia,Home Office,4,167.37,-132.15,0.1
2010-06-17,2010-06-01,Technology,Telephones and Communication,West,British Columbia,Home Office,18,1026.6385,-201.05,0.0
2010-07-19,2010-07-01,Technology,Telephones and Communication,West,British Columbia,Corporate,40,2405.4575,571.54,0.01
2011-07-04,2011-07-01,Technology,Telephones and Communication,West,British Columbia,Home Office,20,2162.8165,223.25,0.01
2012-06-12,2012-06-01,Office Supplies,Appliances,West,British Columbia,Corporate,27,399.76,48.13,0.04
2012-06-12,2012-06-01,Technology,Office Machines,West,British Columbia,Corporate,22,5393.27,353.72,0.1
2012-04-13,2012-04-01,Technology,Computer Peripherals,West,British Columbia,Home Office,9,264.63,-66.78,0.02
2012-10-25,2012-10-01,Furniture,Office Furnishings,West,British Columbia,Corporate,34,239.3,41.31,0.06
2012-10-25,2012-10-01,Office Supplies,Paper,West,British Columbia,Corporate,38,260.41,-45.75,0.0
2009-08-01,2009-08-01,Technology,Computer Peripherals,West,British Columbia,Corporate,50,3075.83,1207.91,0.03
2009-08-01,2009-08-01,Office Supplies,Labels,West,British Columbia,Corporate,24,73.37,16.1,0.04
2009-08-01,2009-08-01,Office Supplies,Paper,West,British Columbia,Corporate,50,527.6,221.59,0.0
2012-04-11,2012-04-01,Technology,Office Machines,West,British Columbia,Corporate,32,4800.44,1912.92,0.08
2012-04-11,2012-04-01,Office Supplies,Storage & Organization,West,British Columbia,Corporate,29,271.33,-191.09,0.07
2011-09-20,2011-09-01,Office Supplies,Storage & Organization,West,British Columbia,Home Office,2,206.68,-156.47,0.0
2012-11-13,2012-11-01,Office Supplies,Binders and Binder Accessories,West,British Columbia,Home Office,19,36.75,-9.82,0.06
2012-11-13,2012-11-01,Technology,Computer Peripherals,West,British Columbia,Home Office,41,1115.2,301.31,0.09
2012-06-16,2012-06-01,Furniture,Office Furnishings,West,British Columbia,Corporate,6,97.86,-21.09,0.04
2010-02-26,2010-02-01,Furniture,Office Furnishings,West,British Columbia,Consumer,42,173.44,-172.4,0.05
2009-08-11,2009-08-01,Furniture,Bookcases,West,British Columbia,Corporate,31,7477.78,883.29,0.09
2009-08-11,2009-08-01,Furniture,Office Furnishings,West,British Columbia,Corporate,24,270.39,-30.42,0.01
2009-08-11,2009-08-01,Office Supplies,Paper,West,British Columbia,Corporate,30,201.35,-107.37,0.02
2009-01-26,2009-01-01,Office Supplies,Labels,West,British Columbia,Consumer,5,15.38,1.61,0.01
2012-11-22,2012-11-01,Office Supplies,Binders and Binder Accessories,West,British Columbia,Corporate,22,43.97,-9.05,0.04
2012-07-21,2012-07-01,Furniture,Chairs & Chairmats,West,British Columbia,Consumer,39,6152.52,768.06,0.08
2009-04-10,2009-04-01,Office Supplies,Pens & Art Supplies,West,British Columbia,Consumer,5,20.17,-15.42,0.05
2009-04-10,2009-04-01,Office Supplies,"Scissors, Rulers and Trimmers",West,British Columbia,Consumer,21,235.98,11.82,0.03
2011-11-18,2011-11-01,Technology,Computer Peripherals,West,British Columbia,Corporate,19,195.96,-104.82,0.1
2010-01-14,2010-01-01,Technology,Copiers and Fax,West,British Columbia,Corporate,34,6607.92,1462.72,0.06
2011-02-24,2011-02-01,Office Supplies,Paper,West,British Columbia,Corporate,30,278.94,-143.7,0.01
2009-02-13,2009-02-01,Furniture,Office Furnishings,West,British Columbia,Home Office,42,8549.04,2861.01,0.03
2010-06-15,2010-06-01,Technology,Computer Peripherals,West,British Columbia,Consumer,15,670.94,87.51,0.02
2011-10-29,2011-10-01,Technology,Computer Peripherals,West,British Columbia,Corporate,36,9544.18,3392.88,0.0
2011-10-29,2011-10-01,Office Supplies,Rubber Bands,West,British Columbia,Corporate,8,32.92,-7.73,0.05
2010-10-22,2010-10-01,Office Supplies,Paper,West,British Columbia,Corporate,11,336.91,42.5,0.1
2011-04-08,2011-04-01,Office Supplies,Appliances,West,British Columbia,Home Office,20,138.52,-895.24,0.03
2011-04-08,2011-04-01,Furniture,Chairs & Chairmats,West,British Columbia,Home Office,11,1735.59,-506.43,0.02
2012-07-09,2012-07-01,Office Supplies,Appliances,West,British Columbia,Consumer,37,443.35,-21.73,0.02
2012-07-09,2012-07-01,Furniture,Office Furnishings,West,British Columbia,Consumer,41,392.61,-100.15,0.08
2012-07-09,2012-07-01,Office Supplies,Paper,West,British Columbia,Consumer,4,30.85,-12.88,0.03
2012-06-23,2012-06-01,Office Supplies,Pens & Art Supplies,West,British Columbia,Corporate,25,1081.22,130.8,0.08
2012-06-23,2012-06-01,Furniture,Office Furnishings,West,British Columbia,Corporate,14,36.41,-31.45,0.01
2010-07-16,2010-07-01,Furniture,Tables,West,British Columbia,Small Business,45,5205.83,-818.77,0.08
2009-07-26,2009-07-01,Furniture,Bookcases,West,British Columbia,Consumer,32,3416.38,-1142.2,0.01
2009-07-26,2009-07-01,Office Supplies,Paper,West,British Columbia,Consumer,14,142.81,39.64,0.01
2009-08-23,2009-08-01,Furniture,Tables,West,British Columbia,Consumer,24,4636.62,-318.45,0.1
2009-08-23,2009-08-01,Office Supplies,Paper,West,British Columbia,Consumer,20,100.11,-41.7,0.07
2011-08-01,2011-08-01,Furniture,Tables,West,British Columbia,Home Office,36,5140.08,-582.43,0.06
2012-05-29,2012-05-01,Office Supplies,Appliances,West,British Columbia,Corporate,14,633.08,145.48,0.04
2012-05-29,2012-05-01,Furniture,Office Furnishings,West,British Columbia,Corporate,22,110.42,-36.6,0.09
2010-05-06,2010-05-01,Office Supplies,Appliances,West,British Columbia,Consumer,5,25.34,-21.29,0.1
2010-05-06,2010-05-01,Office Supplies,Binders and Binder Accessories,West,British Columbia,Consumer,11,178.57,-37.39,0.05
2009-10-18,2009-10-01,Office Supplies,Paper,West,British Columbia,Home Office,24,265.35,-128.69,0.02
2009-10-18,2009-10-01,Office Supplies,Paper,West,British Columbia,Home Office,41,1993.94,931.7,0.02
2009-10-18,2009-10-01,Office Supplies,Paper,West,British Columbia,Home Office,3,24.73,-10.77,0.04
2010-07-15,2010-07-01,Technology,Telephones and Communication,West,British Columbia,Corporate,25,1809.0125,795.05,0.01
2009-07-12,2009-07-01,Technology,Computer Peripherals,West,British Columbia,Corporate,1,31.96,-74.64,0.01
2012-05-10,2012-05-01,Technology,Computer Peripherals,West,British Columbia,Home Office,25,767.26,-29.56,0.07
2012-05-10,2012-05-01,Office Supplies,Paper,West,British Columbia,Home Office,40,253.89,-103.77,0.09
2012-05-10,2012-05-01,Office Supplies,Paper,West,British Columbia,Home Office,20,127.9,-80.41,0.07
2011-07-24,2011-07-01,Technology,Computer Peripherals,West,British Columbia,Corporate,44,73.64,-58.87,0.07
2012-08-30,2012-08-01,Technology,Telephones and Communication,West,British Columbia,Home Office,13,603.347,142.98,0.08
2012-08-30,2012-08-01,Office Supplies,Storage & Organization,West,British Columbia,Home Office,44,770.53,30.17,0.04
2011-11-19,2011-11-01,Technology,Copiers and Fax,West,British Columbia,Small Business,40,7813.7,2154.33,0.09
2011-11-19,2011-11-01,Office Supplies,Paper,West,British Columbia,Small Business,31,164.92,-54.36,0.04
2009-09-16,2009-09-01,Furniture,Office Furnishings,West,British Columbia,Home Office,8,507.74,-118.54,0.05
2009-09-16,2009-09-01,Technology,Office Machines,West,British Columbia,Home Office,30,12600.99,2963.48,0.05
2011-09-15,2011-09-01,Office Supplies,Envelopes,West,British Columbia,Small Business,47,181.13,-11.39,0.0
2009-01-22,2009-01-01,Furniture,Office Furnishings,West,British Columbia,Corporate,9,206.04,-49.81,0.0
2009-11-03,2009-11-01,Furniture,Office Furnishings,West,British Columbia,Home Office,22,668.39,344.61,0.07
2009-11-03,2009-11-01,Technology,Office Machines,West,British Columbia,Home Office,16,4657.35,322.66,0.05
2009-11-03,2009-11-01,Furniture,Tables,West,British Columbia,Home Office,7,2097.94,-404.05,0.07
2011-05-28,2011-05-01,Office Supplies,Paper,West,British Columbia,Corporate,44,246.0,-207.36,0.1
2012-06-11,2012-06-01,Office Supplies,Paper,West,British Columbia,Small Business,23,871.32,315.16,0.1
2010-01-20,2010-01-01,Office Supplies,Appliances,West,British Columbia,Corporate,8,468.49,-6.37,0.03
2010-01-20,2010-01-01,Furniture,Office Furnishings,West,British Columbia,Corporate,48,446.53,-261.45,0.04
2010-01-20,2010-01-01,Office Supplies,Paper,West,British Columbia,Corporate,5,217.85,-25.31,0.02
2010-05-02,2010-05-01,Technology,Office Machines,West,British Columbia,Home Office,44,4260.73,251.58,0.07
2012-07-11,2012-07-01,Furniture,Office Furnishings,West,British Columbia,Corporate,22,196.75,0.13,0.03
2011-07-03,2011-07-01,Office Supplies,Binders and Binder Accessories,West,British Columbia,Corporate,40,1477.39,641.4,0.03
2012-06-17,2012-06-01,Furniture,Office Furnishings,West,British Columbia,Consumer,37,740.14,29.73,0.06
2010-12-12,2010-12-01,Office Supplies,Binders and Binder Accessories,West,British Columbia,Corporate,8,16.47,-6.82,0.1
2010-12-12,2010-12-01,Furniture,Chairs & Chairmats,West,British Columbia,Corporate,5,173.62,-88.64,0.09
2010-12-12,2010-12-01,Furniture,Office Furnishings,West,British Columbia,Corporate,50,690.97,-16.94,0.03
2012-04-26,2012-04-01,Technology,Telephones and Communication,West,British Columbia,Consumer,21,2024.0285,4.9,0.1
2009-08-05,2009-08-01,Technology,Telephones and Communication,West,British Columbia,Home Office,40,4054.058,914.19,0.09
2010-09-06,2010-09-01,Office Supplies,Envelopes,West,British Columbia,Home Office,34,2833.19,1409.87,0.06
2010-09-06,2010-09-01,Furniture,Tables,West,British Columbia,Home Office,30,4452.65,-265.12,0.09
2012-09-15,2012-09-01,Office Supplies,"Scissors, Rulers and Trimmers",West,British Columbia,Corporate,29,321.95,20.76,0.03
2012-09-15,2012-09-01,Furniture,Tables,West,British Columbia,Corporate,39,13244.04,275.93,0.05
2011-07-27,2011-07-01,Furniture,Chairs & Chairmats,West,British Columbia,Consumer,13,1193.62,-304.47,0.08
2011-07-27,2011-07-01,Furniture,Office Furnishings,West,British Columbia,Consumer,47,363.23,40.58,0.05
2009-06-25,2009-06-01,Furniture,Office Furnishings,West,British Columbia,Consumer,27,2780.88,595.38,0.07
2009-08-27,2009-08-01,Office Supplies,Binders and Binder Accessories,West,British Columbia,Corporate,16,33.76,-7.15,0.04
2009-08-27,2009-08-01,Furniture,Chairs & Chairmats,West,British Columbia,Corporate,19,3537.39,232.78,0.0
2009-08-27,2009-08-01,Technology,Computer Peripherals,West,British Columbia,Corporate,18,986.24,68.9,0.02
2009-08-27,2009-08-01,Office Supplies,Paper,West,British Columbia,Corporate,15,81.66,-31.99,0.05
2011-01-10,2011-01-01,Office Supplies,Labels,West,British Columbia,Corporate,13,49.74,17.7,0.0
2012-03-31,2012-03-01,Furniture,Office Furnishings,West,British Columbia,Corporate,21,480.39,144.66,0.01
2011-04-22,2011-04-01,Technology,Office Machines,West,British Columbia,Small Business,44,11904.55,3909.33,0.0
2009-08-28,2009-08-01,Furniture,Office Furnishings,West,British Columbia,Corporate,33,332.95,-28.16,0.05
2009-08-05,2009-08-01,Office Supplies,Pens & Art Supplies,West,British Columbia,Consumer,42,447.36,40.92,0.01
2012-09-05,2012-09-01,Office Supplies,Binders and Binder Accessories,West,British Columbia,Corporate,26,53.93,-10.95,0.04
2011-10-09,2011-10-01,Office Supplies,Binders and Binder Accessories,West,British Columbia,Consumer,9,43.26,3.9,0.1
2011-10-09,2011-10-01,Office Supplies,Paper,West,British Columbia,Consumer,25,174.03,-42.37,0.02
2010-08-22,2010-08-01,Office Supplies,Binders and Binder Accessories,West,British Columbia,Corporate,44,1190.8,502.49,0.07
2012-08-04,2012-08-01,Office Supplies,Labels,West,British Columbia,Corporate,42,121.65,30.76,0.05
2012-08-04,2012-08-01,Furniture,Office Furnishings,West,British Columbia,Corporate,2,19.02,10.73,0.05
2012-08-04,2012-08-01,Technology,Telephones and Communication,West,British Columbia,Corporate,2,103.105,-316.32,0.09
2010-12-14,2010-12-01,Furniture,Office Furnishings,West,British Columbia,Corporate,7,263.8,165.33,0.0
2010-12-14,2010-12-01,Technology,Telephones and Communication,West,British Columbia,Corporate,28,1546.3965,226.72,0.07
2009-12-24,2009-12-01,Furniture,Bookcases,West,British Columbia,Corporate,11,1935.1,-42.96,0.01
2010-10-12,2010-10-01,Technology,Office Machines,West,British Columbia,Corporate,45,18775.76,8504.47,0.03
2009-01-15,2009-01-01,Office Supplies,Binders and Binder Accessories,West,British Columbia,Corporate,48,447.89,-26.78,0.0
2011-04-05,2011-04-01,Office Supplies,Storage & Organization,West,British Columbia,Home Office,12,189.19,-56.71,0.08
2012-01-20,2012-01-01,Technology,Office Machines,West,British Columbia,Corporate,28,697.5,169.89,0.02
2011-09-24,2011-09-01,Office Supplies,Appliances,West,British Columbia,Consumer,7,497.2,-219.61,0.0
2011-10-09,2011-10-01,Furniture,Office Furnishings,West,British Columbia,Consumer,4,198.72,-34.43,0.01
2011-05-04,2011-05-01,Technology,Office Machines,West,British Columbia,Corporate,8,955.29,-286.2,0.05
2011-10-09,2011-10-01,Office Supplies,Appliances,West,British Columbia,Small Business,10,109.37,-21.66,0.1
2011-10-09,2011-10-01,Technology,Computer Peripherals,West,British Columbia,Small Business,43,1461.1,674.46,0.01
2011-10-09,2011-10-01,Office Supplies,Paper,West,British Columbia,Small Business,1,9.75,-6.72,0.0
2010-04-10,2010-04-01,Furniture,Office Furnishings,West,British Columbia,Corporate,8,184.07,75.63,0.04
2012-08-19,2012-08-01,Office Supplies,Paper,West,British Columbia,Corporate,29,573.97,55.82,0.05
2012-08-19,2012-08-01,Office Supplies,Paper,West,British Columbia,Corporate,39,223.79,-89.88,0.01
2012-07-01,2012-07-01,Office Supplies,Paper,West,British Columbia,Corporate,20,129.16,-56.15,0.07
2009-11-20,2009-11-01,Office Supplies,Paper,West,British Columbia,Corporate,29,843.55,168.76,0.08
2012-09-16,2012-09-01,Office Supplies,Paper,West,British Columbia,Home Office,40,260.96,-96.7,0.09
2009-09-17,2009-09-01,Office Supplies,Binders and Binder Accessories,West,British Columbia,Consumer,47,263.81,-237.54,0.03
2010-07-21,2010-07-01,Furniture,Office Furnishings,West,British Columbia,Corporate,16,60.76,5.25,0.03
2010-11-09,2010-11-01,Furniture,Chairs & Chairmats,West,British Columbia,Corporate,29,3636.91,-1284.24,0.0
2011-01-10,2011-01-01,Technology,Copiers and Fax,West,British Columbia,Consumer,8,27663.92,-391.92,0.05
2010-12-24,2010-12-01,Technology,Telephones and Communication,West,British Columbia,Corporate,16,2744.361,201.03,0.01
2012-05-30,2012-05-01,Technology,Telephones and Communication,West,British Columbia,Small Business,49,1201.934,47.42,0.03
2012-05-30,2012-05-01,Furniture,Office Furnishings,West,British Columbia,Small Business,38,395.84,8.42,0.0
2009-02-12,2009-02-01,Office Supplies,Paper,West,British Columbia,Consumer,31,206.54,-178.82,0.02
2009-09-04,2009-09-01,Office Supplies,Paper,West,British Columbia,Corporate,25,318.14,49.67,0.01
2010-08-26,2010-08-01,Technology,Computer Peripherals,West,British Columbia,Home Office,5,177.05,-50.67,0.0
2009-07-21,2009-07-01,Technology,Computer Peripherals,West,British Columbia,Home Office,40,1184.03,-20.79,0.04
2011-09-12,2011-09-01,Office Supplies,Binders and Binder Accessories,West,British Columbia,Consumer,27,4722.83,1749.78,0.01
2009-03-18,2009-03-01,Office Supplies,Paper,West,British Columbia,Home Office,23,130.16,-49.53,0.1
2010-01-27,2010-01-01,Office Supplies,"Scissors, Rulers and Trimmers",West,British Columbia,Corporate,1,5.06,-2.64,0.01
2011-09-11,2011-09-01,Furniture,Office Furnishings,Atlantic,Nova Scotia,Home Office,4,103.9,-19.26,0.07
2011-02-03,2011-02-01,Office Supplies,Pens & Art Supplies,Atlantic,Nova Scotia,Consumer,35,1327.59,371.28,0.05
2011-02-03,2011-02-01,Office Supplies,Storage & Organization,Atlantic,Nova Scotia,Consumer,39,3401.8,-508.87,0.09
2011-02-15,2011-02-01,Office Supplies,Binders and Binder Accessories,Atlantic,Nova Scotia,Corporate,44,181.61,-150.26,0.03
2011-02-15,2011-02-01,Office Supplies,"Scissors, Rulers and Trimmers",Atlantic,Nova Scotia,Corporate,35,111.55,-54.25,0.05
2012-03-01,2012-03-01,Technology,Computer Peripherals,Atlantic,Nova Scotia,Small Business,36,1435.95,486.9,0.05
2012-03-01,2012-03-01,Furniture,Office Furnishings,Atlantic,Nova Scotia,Small Business,28,961.06,361.82,0.05
2009-08-10,2009-08-01,Office Supplies,Paper,Atlantic,Nova Scotia,Consumer,19,146.63,-30.06,0.01
2009-08-10,2009-08-01,Technology,Telephones and Communication,Atlantic,Nova Scotia,Consumer,35,2506.2675,1160.58,0.03
2010-12-13,2010-12-01,Technology,Computer Peripherals,Atlantic,Nova Scotia,Corporate,23,188.54,9.82,0.09
2009-10-15,2009-10-01,Furniture,Office Furnishings,Atlantic,Nova Scotia,Consumer,19,359.68,187.15,0.07
2009-10-15,2009-10-01,Technology,Office Machines,Atlantic,Nova Scotia,Consumer,7,131.55,-43.74,0.06
2009-10-15,2009-10-01,Office Supplies,Paper,Atlantic,Nova Scotia,Consumer,26,258.11,9.95,0.1
2009-10-15,2009-10-01,Technology,Telephones and Communication,Atlantic,Nova Scotia,Consumer,9,1288.515,-382.57,0.08
2009-10-07,2009-10-01,Office Supplies,Binders and Binder Accessories,Atlantic,Nova Scotia,Consumer,36,277.88,-64.41,0.09
2009-10-07,2009-10-01,Furniture,Chairs & Chairmats,Atlantic,Nova Scotia,Consumer,13,3939.89,598.24,0.05
2009-10-07,2009-10-01,Office Supplies,Paper,Atlantic,Nova Scotia,Consumer,47,925.3,257.31,0.04
2010-09-17,2010-09-01,Furniture,Chairs & Chairmats,Atlantic,Nova Scotia,Home Office,48,12072.9,3064.51,0.04
2009-07-03,2009-07-01,Technology,Telephones and Communication,Atlantic,Nova Scotia,Home Office,34,3419.1505,858.58,0.0
2010-06-15,2010-06-01,Office Supplies,Storage & Organization,Atlantic,Nova Scotia,Corporate,1,195.04,-149.41,0.08
2010-10-09,2010-10-01,Furniture,Chairs & Chairmats,Atlantic,Nova Scotia,Corporate,32,1859.01,-588.9,0.09
2010-10-09,2010-10-01,Technology,Computer Peripherals,Atlantic,Nova Scotia,Corporate,19,1781.11,51.44,0.1
2010-10-09,2010-10-01,Furniture,Office Furnishings,Atlantic,Nova Scotia,Corporate,44,185.32,-192.56,0.03
2010-10-09,2010-10-01,Office Supplies,Binders and Binder Accessories,Atlantic,Nova Scotia,Corporate,15,73.41,-44.79,0.08
2010-10-09,2010-10-01,Office Supplies,Rubber Bands,Atlantic,Nova Scotia,Corporate,28,43.66,5.77,0.04
2009-09-23,2009-09-01,Technology,Computer Peripherals,Atlantic,Nova Scotia,Consumer,16,130.11,-47.69,0.03
2009-09-23,2009-09-01,Office Supplies,Storage & Organization,Atlantic,Nova Scotia,Consumer,15,4012.58,-425.14,0.05
2009-09-23,2009-09-01,Office Supplies,Paper,Atlantic,Nova Scotia,Consumer,31,1295.54,214.23,0.06
2011-10-02,2011-10-01,Office Supplies,Storage & Organization,Atlantic,Nova Scotia,Corporate,24,238.25,-83.55,0.05
2012-03-23,2012-03-01,Office Supplies,Appliances,Atlantic,Nova Scotia,Consumer,39,403.73,-44.13,0.06
2012-03-23,2012-03-01,Technology,Computer Peripherals,Atlantic,Nova Scotia,Consumer,3,86.85,-67.22,0.05
2011-01-19,2011-01-01,Furniture,Bookcases,Atlantic,Nova Scotia,Consumer,15,1795.49,-626.04,0.05
2011-01-19,2011-01-01,Furniture,Tables,Atlantic,Nova Scotia,Consumer,4,926.58,-226.51,0.03
2011-01-22,2011-01-01,Office Supplies,Binders and Binder Accessories,Atlantic,Nova Scotia,Corporate,4,38.76,-12.13,0.1
2009-03-23,2009-03-01,Technology,Office Machines,Atlantic,Nova Scotia,Corporate,36,551.44,28.7,0.0
2011-01-07,2011-01-01,Technology,Telephones and Communication,Atlantic,Nova Scotia,Home Office,27,834.0625,192.29,0.01
2011-06-22,2011-06-01,Office Supplies,Pens & Art Supplies,Atlantic,Nova Scotia,Small Business,15,417.88,-13.95,0.08
2011-08-03,2011-08-01,Technology,Office Machines,Atlantic,Nova Scotia,Consumer,42,493.56,12.73,0.06
2011-11-07,2011-11-01,Technology,Computer Peripherals,Atlantic,Nova Scotia,Home Office,18,360.24,-36.24,0.04
2011-11-07,2011-11-01,Office Supplies,Storage & Organization,Atlantic,Nova Scotia,Home Office,46,1463.27,104.22,0.09
2010-08-26,2010-08-01,Office Supplies,Binders and Binder Accessories,Atlantic,Nova Scotia,Consumer,44,210.46,50.04,0.03
2010-03-17,2010-03-01,Office Supplies,Paper,Atlantic,Nova Scotia,Consumer,32,195.57,-132.93,0.09
2009-07-07,2009-07-01,Furniture,Office Furnishings,Atlantic,Nova Scotia,Consumer,47,691.52,107.02,0.03
2009-07-07,2009-07-01,Furniture,Tables,Atlantic,Nova Scotia,Consumer,37,2756.17,-1561.72,0.04
2009-07-07,2009-07-01,Technology,Telephones and Communication,Atlantic,Nova Scotia,Consumer,29,5159.3725,1252.48,0.02
2009-03-27,2009-03-01,Office Supplies,Paper,Atlantic,Nova Scotia,Corporate,36,307.65,91.73,0.07
2010-02-17,2010-02-01,Office Supplies,Appliances,Atlantic,Nova Scotia,Consumer,11,558.62,118.32,0.03
2011-02-01,2011-02-01,Furniture,Chairs & Chairmats,Atlantic,Nova Scotia,Home Office,21,556.45,-124.42,0.08
2012-03-17,2012-03-01,Technology,Computer Peripherals,Atlantic,Nova Scotia,Home Office,11,61.46,-47.83,0.08
2009-01-10,2009-01-01,Furniture,Bookcases,Atlantic,Nova Scotia,Consumer,31,2137.1,-686.01,0.05
2009-01-10,2009-01-01,Office Supplies,Pens & Art Supplies,Atlantic,Nova Scotia,Consumer,48,571.17,129.87,0.05
2010-04-16,2010-04-01,Office Supplies,Binders and Binder Accessories,Atlantic,Nova Scotia,Consumer,24,135.88,-75.39,0.1
2010-03-07,2010-03-01,Technology,Computer Peripherals,Atlantic,Nova Scotia,Consumer,20,857.95,51.85,0.08
2012-10-16,2012-10-01,Furniture,Office Furnishings,Atlantic,Nova Scotia,Consumer,33,662.21,256.57,0.01
2009-09-11,2009-09-01,Office Supplies,Pens & Art Supplies,Atlantic,Nova Scotia,Corporate,36,100.68,-45.21,0.0
2010-10-12,2010-10-01,Office Supplies,Paper,Atlantic,Nova Scotia,Home Office,22,846.35,341.53,0.04
2010-10-12,2010-10-01,Technology,Telephones and Communication,Atlantic,Nova Scotia,Home Office,26,1976.3945,473.36,0.0
2011-06-19,2011-06-01,Furniture,Office Furnishings,Atlantic,Nova Scotia,Small Business,44,442.72,-168.38,0.07
2011-06-19,2011-06-01,Technology,Telephones and Communication,Atlantic,Nova Scotia,Small Business,6,326.893,-223.21,0.07
2012-11-07,2012-11-01,Office Supplies,Labels,Atlantic,Nova Scotia,Consumer,6,22.78,3.96,0.01
2011-11-12,2011-11-01,Technology,Computer Peripherals,Atlantic,Nova Scotia,Corporate,38,1806.43,134.85,0.04
2011-05-06,2011-05-01,Office Supplies,Paper,Atlantic,Nova Scotia,Corporate,29,1669.88,548.92,0.02
2011-09-08,2011-09-01,Furniture,Office Furnishings,Atlantic,Nova Scotia,Corporate,29,2018.45,-812.25,0.08
2011-03-21,2011-03-01,Office Supplies,Labels,Atlantic,Nova Scotia,Corporate,29,87.68,23.14,0.03
2011-03-21,2011-03-01,Furniture,Tables,Atlantic,Nova Scotia,Corporate,46,3732.25,-1255.86,0.1
2010-05-11,2010-05-01,Office Supplies,Paper,Atlantic,Nova Scotia,Corporate,23,144.55,-60.17,0.07
2012-02-06,2012-02-01,Office Supplies,Paper,Atlantic,Nova Scotia,Consumer,13,75.89,-31.01,0.09
2010-12-28,2010-12-01,Furniture,Office Furnishings,Atlantic,Nova Scotia,Consumer,43,586.11,98.44,0.11
2011-09-08,2011-09-01,Office Supplies,Pens & Art Supplies,Atlantic,Nova Scotia,Consumer,42,75.14,0.82,0.05
2012-05-31,2012-05-01,Furniture,Bookcases,Atlantic,Nova Scotia,Corporate,27,3874.12,-305.98,0.0
2012-05-31,2012-05-01,Furniture,Tables,Atlantic,Nova Scotia,Corporate,8,1452.216,-277.29,0.05
2009-09-12,2009-09-01,Office Supplies,Paper,Atlantic,Nova Scotia,Home Office,34,840.07,-83.75,0.0
2012-06-17,2012-06-01,Furniture,Bookcases,Atlantic,Nova Scotia,Corporate,48,4789.89,421.15,0.09
2010-12-29,2010-12-01,Office Supplies,Envelopes,Atlantic,Nova Scotia,Corporate,40,430.88,39.0,0.05
2011-04-30,2011-04-01,Office Supplies,Binders and Binder Accessories,Atlantic,Nova Scotia,Home Office,7,82.06,-26.99,0.07
2011-04-30,2011-04-01,Technology,Copiers and Fax,Atlantic,Nova Scotia,Home Office,41,23281.05,9097.65,0.09
2010-05-03,2010-05-01,Furniture,Tables,Atlantic,Nova Scotia,Consumer,3,523.11,-214.53,0.05
2010-05-03,2010-05-01,Technology,Telephones and Communication,Atlantic,Nova Scotia,Consumer,29,913.41,237.14,0.01
2012-08-22,2012-08-01,Office Supplies,Paper,Atlantic,Nova Scotia,Corporate,49,213.71,-208.02,0.06
2012-08-22,2012-08-01,Office Supplies,Pens & Art Supplies,Atlantic,Nova Scotia,Corporate,23,133.66,-5.6,0.07
2011-07-03,2011-07-01,Technology,Computer Peripherals,Atlantic,Nova Scotia,Consumer,7,127.74,-5.57,0.04
2011-07-03,2011-07-01,Furniture,Office Furnishings,Atlantic,Nova Scotia,Consumer,33,325.92,-36.47,0.03
2010-02-22,2010-02-01,Office Supplies,Binders and Binder Accessories,Atlantic,Nova Scotia,Small Business,50,325.24,-79.42,0.05
2011-11-30,2011-11-01,Office Supplies,Binders and Binder Accessories,Atlantic,Nova Scotia,Small Business,40,1765.05,749.22,0.05
2010-08-13,2010-08-01,Office Supplies,Pens & Art Supplies,Atlantic,Nova Scotia,Corporate,4,12.8,-2.21,0.0
2011-10-29,2011-10-01,Furniture,Bookcases,Atlantic,Nova Scotia,Consumer,3,709.04,-337.92,0.1
2011-10-29,2011-10-01,Office Supplies,Paper,Atlantic,Nova Scotia,Consumer,25,978.77,220.91,0.06
2009-11-28,2009-11-01,Office Supplies,Pens & Art Supplies,Atlantic,Nova Scotia,Corporate,46,129.44,-5.54,0.02
2009-11-28,2009-11-01,Technology,Telephones and Communication,Atlantic,Nova Scotia,Corporate,32,1829.387,482.45,0.02
2011-08-02,2011-08-01,Office Supplies,Appliances,Atlantic,Nova Scotia,Small Business,34,9626.86,1882.2,0.08
2012-11-03,2012-11-01,Technology,Telephones and Communication,Atlantic,Nova Scotia,Consumer,42,813.535,435.95,0.0
2011-07-21,2011-07-01,Technology,Office Machines,Atlantic,Nova Scotia,Corporate,36,18028.07,8157.7,0.02
2010-10-12,2010-10-01,Technology,Computer Peripherals,Atlantic,Nova Scotia,Home Office,47,1880.8,775.88,0.07
2010-10-12,2010-10-01,Technology,Telephones and Communication,Atlantic,Nova Scotia,Home Office,42,7143.927,2374.73,0.02
2012-05-10,2012-05-01,Office Supplies,Binders and Binder Accessories,Atlantic,Nova Scotia,Home Office,8,118.98,-12.77,0.05
2012-05-10,2012-05-01,Technology,Computer Peripherals,Atlantic,Nova Scotia,Home Office,31,4910.09,1669.38,0.01
2012-05-10,2012-05-01,Office Supplies,Storage & Organization,Atlantic,Nova Scotia,Home Office,36,1058.45,-386.02,0.01
2012-02-11,2012-02-01,Technology,Telephones and Communication,Atlantic,Nova Scotia,Corporate,5,820.5645,-800.25,0.09
2009-03-22,2009-03-01,Technology,Office Machines,Atlantic,Nova Scotia,Consumer,5,7486.09,-2561.32,0.05
2009-03-22,2009-03-01,Office Supplies,Paper,Atlantic,Nova Scotia,Consumer,18,881.32,373.67,0.02
2009-03-22,2009-03-01,Office Supplies,Pens & Art Supplies,Atlantic,Nova Scotia,Consumer,5,22.77,-6.2,0.03
2011-10-22,2011-10-01,Technology,Telephones and Communication,Atlantic,Nova Scotia,Home Office,5,220.7875,-305.32,0.09
2009-11-04,2009-11-01,Furniture,Office Furnishings,Atlantic,Nova Scotia,Home Office,20,160.29,1.35,0.01
2009-01-02,2009-01-01,Office Supplies,Binders and Binder Accessories,Atlantic,Nova Scotia,Consumer,3,124.81,-11.94,0.06
2012-10-28,2012-10-01,Office Supplies,Pens & Art Supplies,Atlantic,Nova Scotia,Corporate,47,706.68,6.6,0.1
2011-04-03,2011-04-01,Furniture,Tables,Atlantic,Nova Scotia,Consumer,24,6408.3,539.54,0.1
2009-10-05,2009-10-01,Furniture,Office Furnishings,Atlantic,Nova Scotia,Corporate,27,63.71,-96.03,0.01
2009-10-05,2009-10-01,Office Supplies,Storage & Organization,Atlantic,Nova Scotia,Corporate,14,5388.8,-115.08,0.03
2012-01-30,2012-01-01,Office Supplies,Binders and Binder Accessories,Atlantic,Nova Scotia,Corporate,43,1751.68,771.83,0.1
2012-01-30,2012-01-01,Office Supplies,Binders and Binder Accessories,Atlantic,Nova Scotia,Corporate,17,86.47,-9.35,0.07
2012-01-30,2012-01-01,Office Supplies,Pens & Art Supplies,Atlantic,Nova Scotia,Corporate,31,684.5,-27.99,0.02
2012-02-12,2012-02-01,Technology,Computer Peripherals,Atlantic,Nova Scotia,Home Office,27,435.27,-147.51,0.05
2012-02-12,2012-02-01,Furniture,Office Furnishings,Atlantic,Nova Scotia,Home Office,26,723.82,-40.98,0.05
2012-01-19,2012-01-01,Office Supplies,Storage & Organization,Atlantic,Nova Scotia,Consumer,16,1684.96,-553.06,0.08
2012-01-19,2012-01-01,Furniture,Tables,Atlantic,Nova Scotia,Consumer,9,1662.048,-471.26,0.03
2012-01-19,2012-01-01,Furniture,Tables,Atlantic,Nova Scotia,Consumer,42,11460.76,4264.82,0.1
2009-06-25,2009-06-01,Furniture,Chairs & Chairmats,Atlantic,Nova Scotia,Corporate,1,159.51,-103.63,0.04
2009-06-25,2009-06-01,Technology,Telephones and Communication,Atlantic,Nova Scotia,Corporate,30,5015.051,1090.43,0.05
2011-05-28,2011-05-01,Office Supplies,Appliances,Atlantic,Nova Scotia,Corporate,45,168.66,-167.06,0.08
2009-08-04,2009-08-01,Technology,Computer Peripherals,Atlantic,Nova Scotia,Corporate,34,2560.59,670.96,0.07
2009-08-04,2009-08-01,Office Supplies,Storage & Organization,Atlantic,Nova Scotia,Corporate,16,189.04,-74.77,0.08
2010-08-17,2010-08-01,Office Supplies,Paper,Atlantic,Nova Scotia,Small Business,37,2116.62,745.45,0.06
2009-01-22,2009-01-01,Furniture,Bookcases,Atlantic,Nova Scotia,Home Office,32,28180.08,7513.88,0.02
2011-03-07,2011-03-01,Office Supplies,Pens & Art Supplies,Atlantic,Nova Scotia,Corporate,12,27.05,1.0,0.0
2010-01-31,2010-01-01,Technology,Office Machines,Atlantic,Nova Scotia,Small Business,34,6580.16,2786.35,0.1
2010-03-08,2010-03-01,Technology,Office Machines,Atlantic,Nova Scotia,Corporate,37,5610.84,2366.51,0.07
2010-03-08,2010-03-01,Office Supplies,Storage & Organization,Atlantic,Nova Scotia,Corporate,20,455.34,-932.55,0.06
2010-03-08,2010-03-01,Technology,Telephones and Communication,Atlantic,Nova Scotia,Corporate,35,2329.646,-310.24,0.1
2010-11-04,2010-11-01,Office Supplies,Paper,Atlantic,Nova Scotia,Corporate,36,275.06,-237.87,0.05
2009-09-25,2009-09-01,Furniture,Office Furnishings,Atlantic,Nova Scotia,Small Business,1,27.96,-9.13,0.17
2009-02-13,2009-02-01,Technology,Office Machines,Atlantic,Nova Scotia,Home Office,45,3699.22,565.18,0.05
2009-02-13,2009-02-01,Office Supplies,Paper,Atlantic,Nova Scotia,Home Office,6,48.93,-38.72,0.0
2011-08-19,2011-08-01,Technology,Computer Peripherals,Atlantic,Nova Scotia,Corporate,5,397.55,-152.47,0.08
2011-08-19,2011-08-01,Office Supplies,Paper,Atlantic,Nova Scotia,Corporate,34,676.26,181.98,0.06
2011-03-12,2011-03-01,Furniture,Office Furnishings,Atlantic,Nova Scotia,Corporate,42,451.32,1.16,0.04
2011-03-12,2011-03-01,Office Supplies,Appliances,Atlantic,Nova Scotia,Corporate,15,217.66,-24.91,0.1
2011-03-12,2011-03-01,Office Supplies,Appliances,Atlantic,Nova Scotia,Corporate,5,1374.67,-126.34,0.08
2011-03-12,2011-03-01,Office Supplies,Pens & Art Supplies,Atlantic,Nova Scotia,Corporate,12,76.42,20.44,0.02
2012-03-28,2012-03-01,Office Supplies,Appliances,Atlantic,Nova Scotia,Small Business,27,4891.86,253.14,0.02
2012-03-28,2012-03-01,Furniture,Bookcases,Atlantic,Nova Scotia,Small Business,37,6039.1,-345.92,0.01
2012-03-28,2012-03-01,Office Supplies,Paper,Atlantic,Nova Scotia,Small Business,31,206.49,80.07,0.05
2012-03-28,2012-03-01,Office Supplies,Rubber Bands,Atlantic,Nova Scotia,Small Business,41,80.54,-18.72,0.01
2009-09-25,2009-09-01,Furniture,Bookcases,Atlantic,Nova Scotia,Small Business,8,1217.62,-221.5,0.03
2009-09-25,2009-09-01,Technology,Telephones and Communication,Atlantic,Nova Scotia,Small Business,32,1725.0325,206.35,0.08
2012-08-12,2012-08-01,Office Supplies,Labels,Atlantic,Nova Scotia,Home Office,20,82.97,32.5,0.04
2012-08-12,2012-08-01,Furniture,Tables,Atlantic,Nova Scotia,Home Office,25,13701.35,-3687.65,0.01
2012-01-31,2012-01-01,Office Supplies,Storage & Organization,Atlantic,Nova Scotia,Small Business,24,512.83,-221.56,0.01
2010-02-27,2010-02-01,Office Supplies,Rubber Bands,Atlantic,Nova Scotia,Corporate,35,41.23,-21.51,0.09
2010-06-28,2010-06-01,Technology,Telephones and Communication,Atlantic,Nova Scotia,Corporate,7,381.1995,-233.56,0.08
2012-05-19,2012-05-01,Office Supplies,Labels,Atlantic,Nova Scotia,Consumer,32,135.2,59.4,0.02
2011-01-14,2011-01-01,Furniture,Chairs & Chairmats,Atlantic,Nova Scotia,Corporate,35,5428.49,-1046.78,0.05
2009-06-01,2009-06-01,Furniture,Chairs & Chairmats,Atlantic,Nova Scotia,Consumer,41,5178.17,531.69,0.03
2009-06-01,2009-06-01,Furniture,Office Furnishings,Atlantic,Nova Scotia,Consumer,32,535.24,216.43,0.01
2010-08-21,2010-08-01,Office Supplies,Binders and Binder Accessories,Atlantic,Nova Scotia,Corporate,32,563.08,112.97,0.1
2010-02-19,2010-02-01,Technology,Computer Peripherals,Atlantic,Nova Scotia,Consumer,5,192.12,-74.85,0.04
2010-02-19,2010-02-01,Technology,Office Machines,Atlantic,Nova Scotia,Consumer,33,3917.61,40.76,0.08
2010-02-19,2010-02-01,Office Supplies,Storage & Organization,Atlantic,Nova Scotia,Consumer,34,2788.04,-849.18,0.01
2009-11-23,2009-11-01,Office Supplies,"Scissors, Rulers and Trimmers",Atlantic,Nova Scotia,Home Office,4,56.47,-29.9,0.05
2009-12-18,2009-12-01,Furniture,Office Furnishings,Atlantic,Nova Scotia,Consumer,19,216.25,58.84,0.09
2009-07-06,2009-07-01,Office Supplies,Appliances,Atlantic,Nova Scotia,Home Office,40,1861.36,627.85,0.0
2009-07-06,2009-07-01,Office Supplies,Appliances,Atlantic,Nova Scotia,Home Office,42,937.62,187.2,0.03
2009-07-06,2009-07-01,Office Supplies,Labels,Atlantic,Nova Scotia,Home Office,11,33.02,8.4,0.08
2012-07-17,2012-07-01,Technology,Computer Peripherals,Atlantic,Nova Scotia,Corporate,5,199.16,-64.87,0.1
2009-06-12,2009-06-01,Office Supplies,Paper,Atlantic,Nova Scotia,Corporate,28,967.27,309.31,0.07
2012-07-19,2012-07-01,Office Supplies,Paper,Atlantic,Nova Scotia,Corporate,45,483.74,206.27,0.02
2012-07-19,2012-07-01,Office Supplies,Pens & Art Supplies,Atlantic,Nova Scotia,Corporate,27,159.65,-1.79,0.06
2011-03-19,2011-03-01,Technology,Telephones and Communication,Atlantic,Nova Scotia,Corporate,43,7452.137,2028.36,0.02
2012-12-27,2012-12-01,Office Supplies,Appliances,Atlantic,Nova Scotia,Small Business,37,173.11,-121.58,0.02
2012-12-27,2012-12-01,Office Supplies,Appliances,Atlantic,Nova Scotia,Small Business,11,86.68,-474.91,0.08
2012-12-27,2012-12-01,Office Supplies,Binders and Binder Accessories,Atlantic,Nova Scotia,Small Business,41,833.51,364.99,0.05
2011-09-08,2011-09-01,Technology,Computer Peripherals,Atlantic,Nova Scotia,Corporate,9,1031.06,39.36,0.03
2010-12-08,2010-12-01,Furniture,Office Furnishings,West,British Columbia,Corporate,14,138.31,-31.16,0.07
2009-03-15,2009-03-01,Office Supplies,Pens & Art Supplies,West,British Columbia,Corporate,17,30.62,-1.56,0.01
2011-10-20,2011-10-01,Furniture,Chairs & Chairmats,West,British Columbia,Home Office,12,2266.7,180.8,0.07
2011-01-13,2011-01-01,Technology,Computer Peripherals,West,British Columbia,Home Office,23,38.99,-33.52,0.09
2009-08-14,2009-08-01,Office Supplies,Pens & Art Supplies,West,British Columbia,Consumer,48,80.33,-12.95,0.09
2009-01-31,2009-01-01,Furniture,Chairs & Chairmats,West,British Columbia,Home Office,42,6244.18,470.3,0.09
2009-01-31,2009-01-01,Office Supplies,Labels,West,British Columbia,Home Office,41,239.75,105.91,0.09
2009-01-31,2009-01-01,Office Supplies,Paper,West,British Columbia,Home Office,30,150.2,62.46,0.0
2009-08-15,2009-08-01,Office Supplies,Binders and Binder Accessories,West,British Columbia,Consumer,5,2019.65,289.88,0.05
2009-07-03,2009-07-01,Office Supplies,Paper,West,British Columbia,Home Office,7,55.81,-35.04,0.03
2009-07-03,2009-07-01,Office Supplies,Pens & Art Supplies,West,British Columbia,Home Office,38,373.07,149.53,0.07
2009-04-08,2009-04-01,Office Supplies,Binders and Binder Accessories,West,British Columbia,Home Office,37,161.02,32.19,0.08
2012-08-18,2012-08-01,Office Supplies,Pens & Art Supplies,West,British Columbia,Corporate,39,679.95,-93.3,0.08
2012-08-18,2012-08-01,Office Supplies,Paper,West,British Columbia,Corporate,44,1579.56,699.64,0.01
2009-01-10,2009-01-01,Office Supplies,Envelopes,West,British Columbia,Corporate,32,4906.85,1907.94,0.09
2009-07-04,2009-07-01,Technology,Office Machines,West,British Columbia,Home Office,5,2017.5,-663.51,0.03
2010-06-19,2010-06-01,Technology,Office Machines,West,British Columbia,Small Business,21,8468.63,2819.96,0.0
2012-12-16,2012-12-01,Office Supplies,Binders and Binder Accessories,West,British Columbia,Corporate,46,265.88,-90.9,0.05
2012-12-16,2012-12-01,Technology,Office Machines,West,British Columbia,Corporate,1,1500.82,-3381.99,0.01
2012-12-16,2012-12-01,Technology,Telephones and Communication,West,British Columbia,Corporate,19,3093.864,286.4,0.07
2012-09-20,2012-09-01,Office Supplies,Envelopes,West,British Columbia,Consumer,6,232.21,-14.03,0.0
2012-09-20,2012-09-01,Office Supplies,Pens & Art Supplies,West,British Columbia,Consumer,16,88.3,-12.14,0.09
2010-03-03,2010-03-01,Furniture,Office Furnishings,West,British Columbia,Small Business,26,191.55,7.17,0.08
2010-03-03,2010-03-01,Office Supplies,Paper,West,British Columbia,Small Business,29,938.86,22.21,0.05
2010-11-01,2010-11-01,Office Supplies,"Scissors, Rulers and Trimmers",West,British Columbia,Corporate,46,503.17,-10.21,0.01
2010-02-28,2010-02-01,Office Supplies,Pens & Art Supplies,West,British Columbia,Corporate,14,453.99,14.61,0.05
2011-05-07,2011-05-01,Furniture,Office Furnishings,West,British Columbia,Home Office,37,284.58,33.81,0.03
2011-05-07,2011-05-01,Office Supplies,Paper,West,British Columbia,Home Office,9,1010.26,271.5,0.01
2012-07-10,2012-07-01,Technology,Computer Peripherals,West,British Columbia,Consumer,23,990.5,323.73,0.04
2011-09-29,2011-09-01,Furniture,Office Furnishings,West,British Columbia,Small Business,49,651.9,-74.51,0.16
2010-10-25,2010-10-01,Technology,Computer Peripherals,West,British Columbia,Home Office,27,2575.01,231.46,0.09
2010-09-17,2010-09-01,Office Supplies,Pens & Art Supplies,West,British Columbia,Home Office,32,85.49,5.72,0.08
2010-09-17,2010-09-01,Office Supplies,Storage & Organization,West,British Columbia,Home Office,15,926.3,-503.8,0.09
2011-11-23,2011-11-01,Office Supplies,Paper,West,British Columbia,Corporate,2,68.66,-29.6,0.06
2012-09-13,2012-09-01,Office Supplies,Paper,West,British Columbia,Corporate,30,201.09,-56.22,0.08
2012-08-03,2012-08-01,Office Supplies,"Scissors, Rulers and Trimmers",West,British Columbia,Consumer,17,191.67,6.02,0.03
2010-11-17,2010-11-01,Technology,Computer Peripherals,West,British Columbia,Corporate,28,2752.0,336.47,0.06
2010-11-17,2010-11-01,Office Supplies,Envelopes,West,British Columbia,Corporate,12,72.82,5.03,0.02
2012-08-10,2012-08-01,Office Supplies,Labels,West,British Columbia,Consumer,13,64.46,25.16,0.01
2011-02-03,2011-02-01,Office Supplies,Labels,West,British Columbia,Home Office,50,298.12,137.67,0.09
2009-12-14,2009-12-01,Furniture,Chairs & Chairmats,West,British Columbia,Consumer,37,4411.5,-1799.35,0.1
2011-04-17,2011-04-01,Office Supplies,Paper,West,British Columbia,Corporate,29,213.35,63.78,0.01
2009-09-06,2009-09-01,Office Supplies,Paper,West,British Columbia,Home Office,44,447.42,41.3,0.05
2012-08-16,2012-08-01,Office Supplies,Rubber Bands,West,British Columbia,Home Office,41,90.88,8.06,0.04
2010-10-12,2010-10-01,Technology,Computer Peripherals,West,British Columbia,Corporate,4,29.05,-20.9,0.08
2011-07-13,2011-07-01,Office Supplies,Paper,West,British Columbia,Consumer,23,1314.64,575.38,0.03
2012-12-03,2012-12-01,Office Supplies,"Scissors, Rulers and Trimmers",West,British Columbia,Corporate,49,638.91,77.48,0.02
2012-07-13,2012-07-01,Office Supplies,Paper,West,British Columbia,Home Office,46,2332.23,1085.93,0.02
2009-02-04,2009-02-01,Technology,Office Machines,West,British Columbia,Home Office,33,4610.35,751.58,0.08
2009-02-04,2009-02-01,Furniture,Chairs & Chairmats,West,British Columbia,Home Office,18,610.07,-157.56,0.07
2009-02-04,2009-02-01,Office Supplies,Storage & Organization,West,British Columbia,Home Office,14,181.49,-29.54,0.1
2011-12-20,2011-12-01,Office Supplies,Paper,West,British Columbia,Small Business,41,248.86,-168.67,0.08
2011-12-20,2011-12-01,Office Supplies,Paper,West,British Columbia,Small Business,42,278.01,-202.31,0.03
2011-05-30,2011-05-01,Office Supplies,Pens & Art Supplies,West,British Columbia,Consumer,50,281.81,42.45,0.07
2010-10-09,2010-10-01,Technology,Computer Peripherals,West,British Columbia,Corporate,14,243.23,35.33,0.07
2010-10-09,2010-10-01,Technology,Telephones and Communication,West,British Columbia,Corporate,24,1326.51,58.17,0.03
2011-03-10,2011-03-01,Office Supplies,Labels,West,British Columbia,Consumer,31,127.9,54.21,0.07
2010-01-22,2010-01-01,Office Supplies,Paper,West,British Columbia,Small Business,17,110.74,-70.31,0.09
2011-04-11,2011-04-01,Office Supplies,Binders and Binder Accessories,Prarie,Manitoba,Corporate,26,73.82,2.01,0.08
2011-04-16,2011-04-01,Office Supplies,Appliances,Prarie,Manitoba,Corporate,38,154.85,-136.55,0.05
2011-04-16,2011-04-01,Technology,Telephones and Communication,Prarie,Manitoba,Corporate,32,4941.7725,704.89,0.1
2010-11-27,2010-11-01,Technology,Telephones and Communication,Prarie,Manitoba,Small Business,24,1155.5835,-127.0,0.04
2010-08-09,2010-08-01,Office Supplies,Binders and Binder Accessories,Prarie,Manitoba,Corporate,19,77.57,-67.49,0.0
2009-08-10,2009-08-01,Furniture,Tables,Prarie,Manitoba,Consumer,44,12689.87,-169.23,0.04
2010-08-26,2010-08-01,Office Supplies,Paper,Prarie,Manitoba,Home Office,24,905.32,389.07,0.02
2010-08-26,2010-08-01,Technology,Telephones and Communication,Prarie,Manitoba,Home Office,16,1702.499,162.11,0.08
2011-06-07,2011-06-01,Furniture,Office Furnishings,Prarie,Manitoba,Corporate,27,632.55,165.35,0.05
2011-06-07,2011-06-01,Office Supplies,Rubber Bands,Prarie,Manitoba,Corporate,48,90.96,-30.11,0.02
2011-06-07,2011-06-01,Furniture,Office Furnishings,Prarie,Manitoba,Corporate,32,1997.13,720.45,0.05
2010-05-20,2010-05-01,Office Supplies,Binders and Binder Accessories,Prarie,Manitoba,Corporate,10,64.13,-28.97,0.1
2010-12-29,2010-12-01,Office Supplies,Paper,Prarie,Manitoba,Corporate,24,492.71,67.01,0.02
2010-12-29,2010-12-01,Furniture,Tables,Prarie,Manitoba,Corporate,14,1042.06,-931.25,0.04
2011-09-07,2011-09-01,Technology,Telephones and Communication,Prarie,Manitoba,Home Office,16,760.2485,29.8,0.04
2009-09-06,2009-09-01,Furniture,Chairs & Chairmats,Prarie,Manitoba,Corporate,43,5041.46,-2136.66,0.06
2009-09-06,2009-09-01,Office Supplies,Paper,Prarie,Manitoba,Corporate,45,282.98,-237.47,0.06
2009-09-06,2009-09-01,Furniture,Tables,Prarie,Manitoba,Corporate,27,8817.71,-2946.05,0.09
2009-02-25,2009-02-01,Furniture,Office Furnishings,Prarie,Manitoba,Corporate,39,1140.26,387.2,0.04
2009-02-25,2009-02-01,Office Supplies,Storage & Organization,Prarie,Manitoba,Corporate,31,2645.8,-684.78,0.0
2010-01-02,2010-01-01,Office Supplies,Storage & Organization,Prarie,Manitoba,Corporate,32,11103.75,-522.59,0.1
2012-05-31,2012-05-01,Technology,Telephones and Communication,Prarie,Manitoba,Corporate,46,7965.9025,2311.96,0.01
2009-05-12,2009-05-01,Furniture,Office Furnishings,Prarie,Manitoba,Small Business,44,3202.25,991.26,0.09
2009-05-12,2009-05-01,Office Supplies,Paper,Prarie,Manitoba,Small Business,11,81.25,-44.54,0.01
2009-05-12,2009-05-01,Office Supplies,Pens & Art Supplies,Prarie,Manitoba,Small Business,18,57.17,-24.03,0.08
2009-05-12,2009-05-01,Office Supplies,Pens & Art Supplies,Prarie,Manitoba,Small Business,12,41.97,-37.03,0.05
2009-05-12,2009-05-01,Office Supplies,Rubber Bands,Prarie,Manitoba,Small Business,10,35.64,-0.71,0.05
2010-10-22,2010-10-01,Technology,Copiers and Fax,Prarie,Manitoba,Home Office,8,28761.52,285.11,0.04
2009-06-17,2009-06-01,Technology,Computer Peripherals,Prarie,Manitoba,Corporate,33,750.66,120.05,0.0
2009-06-17,2009-06-01,Technology,Computer Peripherals,Prarie,Manitoba,Corporate,8,254.32,-117.39,0.01
2009-06-17,2009-06-01,Furniture,Office Furnishings,Prarie,Manitoba,Corporate,42,2149.37,217.87,0.03
2011-07-10,2011-07-01,Furniture,Chairs & Chairmats,Prarie,Manitoba,Corporate,33,5661.08,1055.47,0.0
2009-12-11,2009-12-01,Office Supplies,Paper,Prarie,Manitoba,Home Office,25,334.71,31.74,0.01
2009-09-27,2009-09-01,Furniture,Office Furnishings,Prarie,Manitoba,Home Office,49,1981.26,100.8,0.07
2011-01-26,2011-01-01,Furniture,Chairs & Chairmats,Prarie,Manitoba,Home Office,15,1756.46,-101.19,0.01
2011-02-13,2011-02-01,Office Supplies,Envelopes,Prarie,Manitoba,Corporate,8,49.04,9.29,0.02
2011-02-13,2011-02-01,Furniture,Tables,Prarie,Manitoba,Corporate,6,2320.35,-237.62,0.0
2012-07-20,2012-07-01,Office Supplies,Binders and Binder Accessories,Prarie,Manitoba,Home Office,26,139.54,-54.08,0.01
2012-07-20,2012-07-01,Furniture,Office Furnishings,Prarie,Manitoba,Home Office,28,199.52,13.44,0.08
2012-07-20,2012-07-01,Office Supplies,Rubber Bands,Prarie,Manitoba,Home Office,39,85.66,6.67,0.04
2010-01-18,2010-01-01,Office Supplies,Pens & Art Supplies,Prarie,Manitoba,Corporate,14,35.48,-9.19,0.09
2010-01-18,2010-01-01,Office Supplies,"Scissors, Rulers and Trimmers",Prarie,Manitoba,Corporate,1,15.0,-11.02,0.05
2011-10-12,2011-10-01,Office Supplies,Appliances,Prarie,Manitoba,Small Business,18,1758.41,238.52,0.06
2010-07-29,2010-07-01,Technology,Telephones and Communication,Prarie,Manitoba,Home Office,47,2766.818,846.95,0.03
2010-10-26,2010-10-01,Furniture,Office Furnishings,Prarie,Manitoba,Consumer,38,689.67,51.47,0.07
2012-10-04,2012-10-01,Technology,Office Machines,Prarie,Manitoba,Corporate,30,2219.79,-9.45,0.1
2012-10-04,2012-10-01,Office Supplies,Paper,Prarie,Manitoba,Corporate,25,237.36,-117.86,0.07
2012-08-07,2012-08-01,Furniture,Office Furnishings,Prarie,Manitoba,Corporate,35,195.23,-72.46,0.08
2012-08-07,2012-08-01,Furniture,Tables,Prarie,Manitoba,Corporate,35,4051.8,-684.07,0.1
2011-02-19,2011-02-01,Office Supplies,Binders and Binder Accessories,Prarie,Manitoba,Small Business,4,3465.97,194.32,0.08
2011-02-19,2011-02-01,Technology,Computer Peripherals,Prarie,Manitoba,Small Business,13,1307.88,206.86,0.06
2010-09-24,2010-09-01,Office Supplies,Binders and Binder Accessories,Prarie,Manitoba,Home Office,13,104.51,-9.28,0.04
2009-12-18,2009-12-01,Technology,Telephones and Communication,Prarie,Manitoba,Home Office,12,1064.7865,-181.01,0.1
2012-04-12,2012-04-01,Furniture,Office Furnishings,Prarie,Manitoba,Corporate,10,131.09,10.94,0.01
2012-04-12,2012-04-01,Office Supplies,Paper,Prarie,Manitoba,Corporate,33,1817.9,700.31,0.06
2009-06-01,2009-06-01,Office Supplies,Envelopes,Prarie,Manitoba,Corporate,17,124.06,15.74,0.09
2011-02-16,2011-02-01,Technology,Computer Peripherals,Prarie,Manitoba,Corporate,19,138.05,-100.49,0.09
2012-02-26,2012-02-01,Furniture,Office Furnishings,Prarie,Manitoba,Corporate,29,433.44,147.46,0.1
2012-07-10,2012-07-01,Office Supplies,Binders and Binder Accessories,Prarie,Manitoba,Small Business,8,55.59,-17.95,0.03
2012-05-17,2012-05-01,Office Supplies,Binders and Binder Accessories,Prarie,Manitoba,Consumer,33,112.36,-159.74,0.08
2012-05-17,2012-05-01,Technology,Telephones and Communication,Prarie,Manitoba,Consumer,16,481.049,46.51,0.09
2009-01-22,2009-01-01,Office Supplies,Binders and Binder Accessories,Prarie,Manitoba,Home Office,36,562.8,-17.45,0.02
2011-03-04,2011-03-01,Furniture,Chairs & Chairmats,Prarie,Manitoba,Home Office,43,5544.99,-3404.24,0.04
2011-06-22,2011-06-01,Technology,Telephones and Communication,Prarie,Manitoba,Corporate,12,2011.6355,-53.69,0.01
2009-06-29,2009-06-01,Office Supplies,Paper,Prarie,Manitoba,Consumer,43,260.59,-157.76,0.09
2012-03-27,2012-03-01,Office Supplies,Binders and Binder Accessories,Prarie,Manitoba,Home Office,13,75.27,-1.84,0.06
2012-03-27,2012-03-01,Technology,Computer Peripherals,Prarie,Manitoba,Home Office,31,1184.53,-26.49,0.05
2012-03-27,2012-03-01,Technology,Telephones and Communication,Prarie,Manitoba,Home Office,35,3683.73,708.76,0.09
2012-05-03,2012-05-01,Office Supplies,Envelopes,Prarie,Manitoba,Corporate,42,364.8,149.45,0.01
2011-11-19,2011-11-01,Technology,Office Machines,Prarie,Manitoba,Corporate,48,15602.93,4875.89,0.0
2010-11-13,2010-11-01,Furniture,Bookcases,Prarie,Manitoba,Corporate,8,1118.82,-320.3,0.04
2010-11-13,2010-11-01,Office Supplies,Rubber Bands,Prarie,Manitoba,Corporate,48,79.75,-41.32,0.1
2012-12-02,2012-12-01,Furniture,Tables,Prarie,Manitoba,Corporate,36,10006.28,-760.98,0.1
2012-12-02,2012-12-01,Office Supplies,Envelopes,Prarie,Manitoba,Corporate,36,407.17,-12.82,0.04
2010-10-29,2010-10-01,Office Supplies,Appliances,Prarie,Manitoba,Small Business,14,199.93,-105.33,0.1
2009-02-23,2009-02-01,Office Supplies,Storage & Organization,Prarie,Manitoba,Home Office,22,834.81,1.98,0.03
2010-05-20,2010-05-01,Office Supplies,Envelopes,Prarie,Manitoba,Corporate,39,335.35,-134.97,0.05
2009-07-26,2009-07-01,Office Supplies,Appliances,Prarie,Manitoba,Corporate,10,1925.83,359.83,0.09
2012-09-05,2012-09-01,Office Supplies,Appliances,Prarie,Manitoba,Home Office,15,605.1,92.81,0.04
2011-07-25,2011-07-01,Office Supplies,Binders and Binder Accessories,Prarie,Manitoba,Corporate,15,113.5,-46.35,0.05
2011-09-08,2011-09-01,Technology,Computer Peripherals,Prarie,Manitoba,Home Office,17,357.43,-135.98,0.08
2011-09-08,2011-09-01,Office Supplies,Storage & Organization,Prarie,Manitoba,Home Office,21,4754.08,299.88,0.0
2009-12-16,2009-12-01,Technology,Office Machines,Prarie,Manitoba,Corporate,13,1601.32,377.81,0.04
2010-08-17,2010-08-01,Office Supplies,Paper,Prarie,Manitoba,Consumer,43,264.75,-212.51,0.08
2010-11-13,2010-11-01,Furniture,Office Furnishings,Prarie,Manitoba,Small Business,44,3367.24,-1183.69,0.07
2010-11-13,2010-11-01,Furniture,Tables,Prarie,Manitoba,Small Business,37,5723.24,-194.97,0.0
2010-03-23,2010-03-01,Office Supplies,Paper,Prarie,Manitoba,Corporate,27,188.07,-101.85,0.0
2010-12-24,2010-12-01,Office Supplies,Binders and Binder Accessories,Prarie,Manitoba,Consumer,43,1281.28,415.85,0.05
2010-12-24,2010-12-01,Furniture,Tables,Prarie,Manitoba,Consumer,13,1940.31,-668.19,0.03
2010-12-24,2010-12-01,Technology,Telephones and Communication,Prarie,Manitoba,Consumer,4,430.848,-492.77,0.06
2010-11-21,2010-11-01,Furniture,Office Furnishings,Prarie,Manitoba,Corporate,40,933.21,207.18,0.05
2010-02-07,2010-02-01,Furniture,Bookcases,Prarie,Manitoba,Corporate,10,748.25,-86.99,0.05
2009-05-08,2009-05-01,Office Supplies,Envelopes,Prarie,Manitoba,Corporate,15,260.39,-48.57,0.09
2011-05-01,2011-05-01,Furniture,Bookcases,Prarie,Manitoba,Corporate,50,3904.12,-1508.46,0.07
2011-05-01,2011-05-01,Furniture,Office Furnishings,Prarie,Manitoba,Corporate,41,343.64,13.29,0.06
2011-05-01,2011-05-01,Office Supplies,Rubber Bands,Prarie,Manitoba,Corporate,42,256.64,-28.29,0.03
2009-07-29,2009-07-01,Office Supplies,Binders and Binder Accessories,Prarie,Manitoba,Corporate,25,185.64,-69.87,0.1
2009-07-29,2009-07-01,Office Supplies,Paper,Prarie,Manitoba,Corporate,34,225.98,-135.74,0.01
2010-11-08,2010-11-01,Furniture,Office Furnishings,Prarie,Manitoba,Consumer,1,16.73,-6.96,0.08
2012-08-30,2012-08-01,Office Supplies,Binders and Binder Accessories,Prarie,Manitoba,Consumer,17,518.8,54.63,0.1
2009-09-06,2009-09-01,Office Supplies,Binders and Binder Accessories,Prarie,Manitoba,Small Business,10,42.67,-12.72,0.06
2010-12-12,2010-12-01,Furniture,Office Furnishings,Prarie,Manitoba,Home Office,32,690.88,119.25,0.08
2012-06-02,2012-06-01,Technology,Computer Peripherals,Prarie,Manitoba,Consumer,32,824.24,-127.23,0.1
2011-02-05,2011-02-01,Office Supplies,Binders and Binder Accessories,Prarie,Manitoba,Corporate,14,438.47,157.89,0.02
2010-12-14,2010-12-01,Technology,Computer Peripherals,Prarie,Manitoba,Home Office,11,230.72,-68.76,0.08
2010-12-14,2010-12-01,Office Supplies,Paper,Prarie,Manitoba,Home Office,45,293.47,-205.38,0.06
2010-12-14,2010-12-01,Office Supplies,Pens & Art Supplies,Prarie,Manitoba,Home Office,33,88.7,-89.13,0.06
2010-12-14,2010-12-01,Office Supplies,"Scissors, Rulers and Trimmers",Prarie,Manitoba,Home Office,23,262.78,19.36,0.04
2010-12-14,2010-12-01,Office Supplies,Storage & Organization,Prarie,Manitoba,Home Office,10,142.15,-58.18,0.09
2012-04-04,2012-04-01,Office Supplies,Binders and Binder Accessories,Prarie,Manitoba,Corporate,21,330.22,-51.72,0.07
2010-05-30,2010-05-01,Office Supplies,Binders and Binder Accessories,Prarie,Manitoba,Home Office,6,321.71,-2.73,0.1
2012-10-30,2012-10-01,Office Supplies,Appliances,Prarie,Manitoba,Corporate,48,5198.12,1481.67,0.01
2012-10-30,2012-10-01,Office Supplies,Paper,Prarie,Manitoba,Corporate,23,188.53,-27.49,0.0
2012-10-30,2012-10-01,Office Supplies,Paper,Prarie,Manitoba,Corporate,19,718.41,23.94,0.1
2009-12-05,2009-12-01,Furniture,Office Furnishings,Prarie,Manitoba,Home Office,35,436.98,75.61,0.07
2010-07-22,2010-07-01,Technology,Computer Peripherals,Prarie,Manitoba,Small Business,4,136.68,-125.16,0.01
2010-07-22,2010-07-01,Furniture,Office Furnishings,Prarie,Manitoba,Small Business,24,1452.48,376.52,0.07
2010-07-22,2010-07-01,Office Supplies,Storage & Organization,Prarie,Manitoba,Small Business,19,3555.29,183.28,0.09
2010-02-21,2010-02-01,Office Supplies,Rubber Bands,Prarie,Manitoba,Corporate,38,71.12,-21.89,0.1
2010-12-12,2010-12-01,Furniture,Office Furnishings,Prarie,Manitoba,Small Business,9,691.09,364.03,0.08
2010-12-12,2010-12-01,Office Supplies,Pens & Art Supplies,Prarie,Manitoba,Small Business,33,713.7,176.09,0.02
2011-06-05,2011-06-01,Technology,Computer Peripherals,Prarie,Manitoba,Small Business,15,333.3,71.04,0.03
2010-11-21,2010-11-01,Office Supplies,Binders and Binder Accessories,Prarie,Manitoba,Small Business,27,85.77,-102.02,0.03
2010-11-21,2010-11-01,Office Supplies,Binders and Binder Accessories,Prarie,Manitoba,Small Business,13,149.31,7.77,0.0
2011-12-18,2011-12-01,Office Supplies,Paper,Prarie,Manitoba,Consumer,6,54.3,1.27,0.1
2010-04-03,2010-04-01,Technology,Office Machines,Prarie,Manitoba,Small Business,1,1409.86,-3461.12,0.07
2012-01-11,2012-01-01,Furniture,Chairs & Chairmats,Prarie,Manitoba,Corporate,35,9843.11,-384.6,0.07
2012-01-11,2012-01-01,Technology,Office Machines,Prarie,Manitoba,Corporate,15,7190.06,1908.45,0.08
2012-11-28,2012-11-01,Technology,Telephones and Communication,Prarie,Manitoba,Consumer,38,3701.5205,894.06,0.05
2009-05-16,2009-05-01,Office Supplies,Storage & Organization,Prarie,Manitoba,Small Business,27,7333.45,-207.28,0.07
2012-06-26,2012-06-01,Technology,Computer Peripherals,Prarie,Manitoba,Corporate,41,4256.51,1653.96,0.03
2012-06-26,2012-06-01,Technology,Computer Peripherals,Prarie,Manitoba,Corporate,12,503.08,-102.74,0.01
2012-06-26,2012-06-01,Office Supplies,Labels,Prarie,Manitoba,Corporate,15,76.94,29.67,0.0
2011-08-20,2011-08-01,Office Supplies,Pens & Art Supplies,Prarie,Manitoba,Home Office,37,252.99,28.76,0.08
2012-10-14,2012-10-01,Technology,Office Machines,Prarie,Manitoba,Corporate,36,17304.85,7434.48,0.05
2012-10-14,2012-10-01,Office Supplies,Paper,Prarie,Manitoba,Corporate,20,794.32,67.61,0.08
2009-08-06,2009-08-01,Technology,Computer Peripherals,Prarie,Manitoba,Corporate,31,163.89,-108.55,0.02
2009-08-06,2009-08-01,Office Supplies,Paper,Prarie,Manitoba,Corporate,12,115.45,23.53,0.07
2009-10-07,2009-10-01,Technology,Computer Peripherals,Prarie,Manitoba,Consumer,2,154.94,-358.43,0.09
2009-10-07,2009-10-01,Technology,Telephones and Communication,Prarie,Manitoba,Consumer,44,1642.642,314.84,0.08
2010-01-16,2010-01-01,Furniture,Chairs & Chairmats,Ontario,Ontario,Corporate,4,770.76,-192.51,0.08
2012-08-03,2012-08-01,Office Supplies,Binders and Binder Accessories,Ontario,Ontario,Corporate,37,270.43,-83.16,0.07
2011-12-31,2011-12-01,Office Supplies,Appliances,Ontario,Ontario,Home Office,24,1339.25,142.51,0.03
2009-07-03,2009-07-01,Furniture,Bookcases,Ontario,Ontario,Home Office,8,1209.37,-407.85,0.09
2009-07-30,2009-07-01,Office Supplies,Binders and Binder Accessories,Ontario,Ontario,Corporate,23,404.24,-76.99,0.02
2009-07-30,2009-07-01,Furniture,Office Furnishings,Ontario,Ontario,Corporate,32,1381.88,598.2,0.09
2009-01-10,2009-01-01,Technology,Computer Peripherals,Ontario,Ontario,Home Office,43,1307.35,-154.24,0.05
2009-01-10,2009-01-01,Office Supplies,Storage & Organization,Ontario,Ontario,Home Office,3,523.58,-179.36,0.01
2012-11-07,2012-11-01,Office Supplies,Binders and Binder Accessories,Ontario,Ontario,Corporate,19,257.97,33.18,0.03
2011-02-07,2011-02-01,Office Supplies,Binders and Binder Accessories,Ontario,Ontario,Home Office,42,619.77,50.24,0.02
2010-08-22,2010-08-01,Office Supplies,Appliances,Ontario,Ontario,Corporate,21,7512.03,2017.64,0.09
2012-03-12,2012-03-01,Technology,Telephones and Communication,Ontario,Ontario,Small Business,27,2853.8835,492.24,0.06
2011-11-09,2011-11-01,Technology,Computer Peripherals,Ontario,Ontario,Consumer,31,240.63,-117.92,0.02
2012-11-01,2012-11-01,Office Supplies,Pens & Art Supplies,Ontario,Ontario,Consumer,44,192.33,48.54,0.01
2011-07-18,2011-07-01,Office Supplies,Labels,Ontario,Ontario,Consumer,3,8.6,-2.03,0.09
2010-09-29,2010-09-01,Furniture,Bookcases,Ontario,Ontario,Corporate,13,1663.83,-484.64,0.1
2011-01-25,2011-01-01,Office Supplies,Paper,Ontario,Ontario,Home Office,24,265.35,-128.69,0.02
2009-06-25,2009-06-01,Office Supplies,Appliances,Ontario,Ontario,Corporate,40,7381.19,2998.88,0.04
2012-04-27,2012-04-01,Office Supplies,Envelopes,Ontario,Ontario,Consumer,25,945.36,219.85,0.1
2010-11-06,2010-11-01,Office Supplies,Appliances,Ontario,Ontario,Small Business,46,9046.33,1398.03,0.0
2010-11-06,2010-11-01,Office Supplies,Appliances,Ontario,Ontario,Small Business,43,367.96,-16.11,0.06
2010-11-06,2010-11-01,Office Supplies,Envelopes,Ontario,Ontario,Small Business,27,159.05,21.46,0.04
2010-11-06,2010-11-01,Office Supplies,Labels,Ontario,Ontario,Small Business,39,116.14,50.44,0.01
2009-04-26,2009-04-01,Furniture,Chairs & Chairmats,Ontario,Ontario,Consumer,18,3344.11,588.54,0.03
2012-11-05,2012-11-01,Office Supplies,Binders and Binder Accessories,Ontario,Ontario,Small Business,32,463.0,24.61,0.07
2010-09-05,2010-09-01,Furniture,Office Furnishings,Ontario,Ontario,Corporate,6,90.75,-26.39,0.02
2011-07-03,2011-07-01,Office Supplies,Pens & Art Supplies,Ontario,Ontario,Small Business,39,113.09,29.76,0.04
2009-01-12,2009-01-01,Office Supplies,Appliances,Ontario,Ontario,Corporate,27,1603.27,452.49,0.01
2009-12-19,2009-12-01,Office Supplies,Binders and Binder Accessories,Ontario,Ontario,Consumer,4,41.53,-15.53,0.04
2011-06-14,2011-06-01,Technology,Copiers and Fax,Ontario,Ontario,Home Office,3,2222.61,196.08,0.02
2010-11-21,2010-11-01,Technology,Telephones and Communication,Ontario,Ontario,Consumer,11,618.1965,-132.53,0.02
2009-12-06,2009-12-01,Technology,Office Machines,Ontario,Ontario,Corporate,13,5236.14,567.59,0.05
2009-12-06,2009-12-01,Office Supplies,Paper,Ontario,Ontario,Corporate,11,74.02,-28.45,0.07
2010-05-07,2010-05-01,Office Supplies,Pens & Art Supplies,Ontario,Ontario,Corporate,47,198.08,32.69,0.02
2011-02-20,2011-02-01,Office Supplies,Appliances,Ontario,Ontario,Corporate,28,1553.66,547.48,0.03
2011-02-20,2011-02-01,Technology,Telephones and Communication,Ontario,Ontario,Corporate,30,3276.9965,653.06,0.0
2010-09-14,2010-09-01,Office Supplies,Binders and Binder Accessories,Ontario,Ontario,Corporate,26,363.16,3.92,0.08
2010-09-14,2010-09-01,Technology,Office Machines,Ontario,Ontario,Corporate,45,12571.63,5455.96,0.09
2010-09-14,2010-09-01,Office Supplies,Pens & Art Supplies,Ontario,Ontario,Corporate,21,128.86,24.53,0.0
2010-09-14,2010-09-01,Furniture,Tables,Ontario,Ontario,Corporate,45,17884.53,2357.86,0.04
2011-12-04,2011-12-01,Technology,Computer Peripherals,Ontario,Ontario,Corporate,5,54.8,-15.3,0.0
2011-12-04,2011-12-01,Office Supplies,Pens & Art Supplies,Ontario,Ontario,Corporate,40,1038.19,230.69,0.07
2012-08-14,2012-08-01,Office Supplies,Pens & Art Supplies,Ontario,Ontario,Corporate,9,51.75,4.16,0.05
2011-08-18,2011-08-01,Office Supplies,Appliances,Ontario,Ontario,Home Office,34,772.56,143.87,0.04
2011-01-06,2011-01-01,Furniture,Office Furnishings,Ontario,Ontario,Small Business,16,108.73,-22.21,0.04
2009-05-10,2009-05-01,Technology,Computer Peripherals,Ontario,Ontario,Home Office,49,309.46,-82.64,0.08
2010-01-04,2010-01-01,Office Supplies,Appliances,Ontario,Ontario,Home Office,3,876.75,-248.69,0.02
2011-05-22,2011-05-01,Furniture,Chairs & Chairmats,Ontario,Ontario,Home Office,22,1168.28,126.07,0.02
2012-01-24,2012-01-01,Office Supplies,Paper,Ontario,Ontario,Corporate,31,614.35,78.89,0.02
2012-01-24,2012-01-01,Office Supplies,Pens & Art Supplies,Ontario,Ontario,Corporate,1,3.63,-1.56,0.03
2012-01-24,2012-01-01,Office Supplies,Pens & Art Supplies,Ontario,Ontario,Corporate,31,172.99,61.51,0.05
2010-07-21,2010-07-01,Office Supplies,Binders and Binder Accessories,Ontario,Ontario,Home Office,29,1935.25,652.19,0.04
2010-07-21,2010-07-01,Office Supplies,Pens & Art Supplies,Ontario,Ontario,Home Office,13,278.5,-6.23,0.1
2010-07-21,2010-07-01,Office Supplies,Storage & Organization,Ontario,Ontario,Home Office,42,5423.58,1361.56,0.01
2011-11-06,2011-11-01,Technology,Telephones and Communication,Ontario,Ontario,Small Business,26,1196.7915,265.39,0.07
2012-07-05,2012-07-01,Office Supplies,"Scissors, Rulers and Trimmers",Ontario,Ontario,Small Business,46,325.97,-255.22,0.02
2012-07-05,2012-07-01,Office Supplies,Binders and Binder Accessories,Ontario,Ontario,Small Business,10,49.65,8.27,0.02
2012-03-02,2012-03-01,Technology,Telephones and Communication,Ontario,Ontario,Home Office,45,1375.3765,592.22,0.03
2011-09-16,2011-09-01,Technology,Office Machines,Ontario,Ontario,Corporate,42,642.1,41.56,0.0
2009-07-14,2009-07-01,Office Supplies,Pens & Art Supplies,Ontario,Ontario,Home Office,47,945.86,31.59,0.1
2009-07-14,2009-07-01,Furniture,Tables,Ontario,Ontario,Home Office,12,2340.504,243.16,0.04
2011-10-29,2011-10-01,Office Supplies,Pens & Art Supplies,Ontario,Ontario,Small Business,33,94.39,12.31,0.07
2011-01-15,2011-01-01,Office Supplies,Envelopes,Ontario,Ontario,Home Office,32,249.59,101.82,0.06
2010-10-14,2010-10-01,Office Supplies,Pens & Art Supplies,Ontario,Ontario,Consumer,39,110.36,8.6,0.05
2009-11-04,2009-11-01,Office Supplies,Binders and Binder Accessories,Ontario,Ontario,Consumer,9,58.98,-17.79,0.0
2009-07-02,2009-07-01,Office Supplies,Storage & Organization,Ontario,Ontario,Small Business,9,1455.04,-7.58,0.06
2012-03-02,2012-03-01,Office Supplies,Binders and Binder Accessories,Ontario,Ontario,Home Office,30,11041.42,4456.25,0.07
2011-02-04,2011-02-01,Office Supplies,Rubber Bands,Ontario,Ontario,Corporate,32,73.55,7.95,0.09
2011-02-04,2011-02-01,Technology,Telephones and Communication,Ontario,Ontario,Corporate,46,4804.0385,1077.92,0.08
2011-03-18,2011-03-01,Office Supplies,Paper,Ontario,Ontario,Corporate,14,76.06,-35.99,0.02
2011-03-18,2011-03-01,Furniture,Tables,Ontario,Ontario,Corporate,50,18056.68,-6474.65,0.0
2010-07-24,2010-07-01,Office Supplies,Binders and Binder Accessories,Ontario,Ontario,Consumer,42,372.69,-177.03,0.01
2012-10-17,2012-10-01,Technology,Computer Peripherals,Ontario,Ontario,Corporate,11,65.5,-55.94,0.08
2011-11-27,2011-11-01,Office Supplies,Binders and Binder Accessories,Ontario,Ontario,Consumer,14,136.85,-4.43,0.01
2011-11-27,2011-11-01,Furniture,Office Furnishings,Ontario,Ontario,Consumer,1,12.74,-11.39,0.05
2009-03-05,2009-03-01,Technology,Computer Peripherals,Ontario,Ontario,Corporate,5,185.79,-159.68,0.02
2009-03-05,2009-03-01,Furniture,Office Furnishings,Ontario,Ontario,Corporate,9,196.41,27.91,0.01
2009-03-05,2009-03-01,Office Supplies,Paper,Ontario,Ontario,Corporate,9,186.67,2.06,0.02
2012-01-25,2012-01-01,Office Supplies,Binders and Binder Accessories,Ontario,Ontario,Home Office,12,480.73,148.2,0.1
2012-01-25,2012-01-01,Office Supplies,Paper,Ontario,Ontario,Home Office,25,159.0,-98.15,0.1
2010-05-08,2010-05-01,Office Supplies,Envelopes,Ontario,Ontario,Home Office,32,171.52,46.61,0.1
2009-09-28,2009-09-01,Furniture,Office Furnishings,Ontario,Ontario,Small Business,16,84.01,-34.12,0.06
2012-07-02,2012-07-01,Office Supplies,Paper,Ontario,Ontario,Corporate,23,445.17,38.11,0.02
2010-10-04,2010-10-01,Office Supplies,Storage & Organization,Ontario,Ontario,Small Business,37,2329.4,189.77,0.08
2009-05-26,2009-05-01,Office Supplies,Appliances,Ontario,Ontario,Corporate,9,106.05,-14.52,0.02
2009-05-26,2009-05-01,Office Supplies,Envelopes,Ontario,Ontario,Corporate,45,698.1,336.25,0.01
2010-02-20,2010-02-01,Furniture,Office Furnishings,Ontario,Ontario,Small Business,40,1370.49,-244.63,0.08
2010-12-04,2010-12-01,Office Supplies,Binders and Binder Accessories,Ontario,Ontario,Small Business,5,39.44,-0.94,0.0
2010-12-04,2010-12-01,Furniture,Office Furnishings,Ontario,Ontario,Small Business,3,11.01,-1.42,0.09
2010-08-05,2010-08-01,Office Supplies,Binders and Binder Accessories,Ontario,Ontario,Small Business,26,195.51,-105.72,0.03
2010-08-05,2010-08-01,Furniture,Office Furnishings,Ontario,Ontario,Small Business,38,377.13,-10.29,0.02
2011-12-09,2011-12-01,Office Supplies,Appliances,Ontario,Ontario,Home Office,4,170.45,-30.27,0.09
2011-12-09,2011-12-01,Office Supplies,Pens & Art Supplies,Ontario,Ontario,Home Office,28,350.42,-37.3,0.03
2009-02-04,2009-02-01,Technology,Computer Peripherals,Ontario,Ontario,Small Business,40,69.66,-51.42,0.07
2012-05-28,2012-05-01,Technology,Office Machines,Ontario,Ontario,Corporate,6,112.4,-46.75,0.1
2012-05-28,2012-05-01,Office Supplies,Storage & Organization,Ontario,Ontario,Corporate,23,249.64,-91.65,0.08
2012-08-05,2012-08-01,Technology,Office Machines,Ontario,Ontario,Small Business,11,1255.48,-292.65,0.06
2012-08-05,2012-08-01,Office Supplies,Storage & Organization,Ontario,Ontario,Small Business,46,411.56,-188.02,0.09
2009-06-19,2009-06-01,Office Supplies,Appliances,Ontario,Ontario,Corporate,3,46.46,-25.13,0.1
2010-03-02,2010-03-01,Furniture,Office Furnishings,Ontario,Ontario,Corporate,32,303.59,-45.99,0.1
2010-03-02,2010-03-01,Office Supplies,Paper,Ontario,Ontario,Corporate,36,191.6,-150.74,0.04
2009-03-11,2009-03-01,Office Supplies,Binders and Binder Accessories,Ontario,Ontario,Corporate,36,317.59,-46.12,0.06
2011-09-07,2011-09-01,Office Supplies,Labels,Ontario,Ontario,Small Business,16,48.37,18.02,0.02
2010-07-23,2010-07-01,Furniture,Office Furnishings,Ontario,Ontario,Corporate,47,1005.74,199.3,0.1
2010-07-23,2010-07-01,Technology,Telephones and Communication,Ontario,Ontario,Corporate,37,6477.7395,1653.97,0.01
2009-04-07,2009-04-01,Furniture,Office Furnishings,Ontario,Ontario,Small Business,14,244.85,38.06,0.06
2012-03-23,2012-03-01,Furniture,Office Furnishings,Ontario,Ontario,Corporate,21,316.35,117.91,0.06
2010-08-09,2010-08-01,Office Supplies,Paper,Ontario,Ontario,Corporate,11,109.37,25.96,0.07
2011-06-29,2011-06-01,Office Supplies,Storage & Organization,Ontario,Ontario,Small Business,50,6206.16,1416.27,0.03
2009-06-22,2009-06-01,Office Supplies,Binders and Binder Accessories,Ontario,Ontario,Home Office,50,15383.7,6523.26,0.03
2009-06-22,2009-06-01,Technology,Telephones and Communication,Ontario,Ontario,Home Office,31,1637.457,118.15,0.09
2012-01-21,2012-01-01,Office Supplies,Envelopes,Ontario,Ontario,Small Business,16,1554.53,474.66,0.0
2010-12-07,2010-12-01,Office Supplies,Binders and Binder Accessories,Ontario,Ontario,Corporate,1,356.95,-228.24,0.08
2010-12-07,2010-12-01,Technology,Computer Peripherals,Ontario,Ontario,Corporate,17,112.86,-56.78,0.04
2010-12-07,2010-12-01,Office Supplies,Paper,Ontario,Ontario,Corporate,38,2063.42,989.95,0.03
2012-09-02,2012-09-01,Technology,Computer Peripherals,Ontario,Ontario,Corporate,24,116.82,-42.05,0.02
2012-09-02,2012-09-01,Office Supplies,"Scissors, Rulers and Trimmers",Ontario,Ontario,Corporate,45,483.64,28.39,0.1
2010-06-06,2010-06-01,Technology,Computer Peripherals,Ontario,Ontario,Corporate,4,33.64,-35.17,0.07
2010-06-06,2010-06-01,Technology,Office Machines,Ontario,Ontario,Corporate,29,701.94,158.91,0.01
2010-12-14,2010-12-01,Furniture,Office Furnishings,Ontario,Ontario,Corporate,33,126.88,12.63,0.05
2010-12-14,2010-12-01,Office Supplies,Binders and Binder Accessories,Ontario,Ontario,Corporate,42,906.64,-148.93,0.07
2010-12-14,2010-12-01,Technology,Computer Peripherals,Ontario,Ontario,Corporate,45,882.96,11.65,0.06
2010-12-14,2010-12-01,Technology,Telephones and Communication,Ontario,Ontario,Corporate,3,58.14,-96.25,0.01
2010-05-10,2010-05-01,Technology,Computer Peripherals,Ontario,Ontario,Corporate,39,1538.33,471.35,0.03
2010-05-10,2010-05-01,Office Supplies,Paper,Ontario,Ontario,Corporate,39,147.46,14.13,0.06
2011-04-12,2011-04-01,Furniture,Chairs & Chairmats,Ontario,Ontario,Home Office,4,473.88,-183.26,0.01
2011-04-12,2011-04-01,Technology,Telephones and Communication,Ontario,Ontario,Home Office,50,849.031,-133.31,0.07
2009-01-29,2009-01-01,Furniture,Bookcases,Ontario,Ontario,Corporate,4,1042.63,-219.93,0.02
2009-12-12,2009-12-01,Office Supplies,Binders and Binder Accessories,Ontario,Ontario,Corporate,32,270.73,-54.57,0.1
2012-01-25,2012-01-01,Office Supplies,Binders and Binder Accessories,Ontario,Ontario,Consumer,30,251.11,10.04,0.03
2012-06-12,2012-06-01,Office Supplies,Envelopes,Ontario,Ontario,Small Business,21,64.44,-89.02,0.0
2009-04-06,2009-04-01,Office Supplies,Pens & Art Supplies,Ontario,Ontario,Home Office,16,77.96,16.65,0.05
2009-04-10,2009-04-01,Office Supplies,Appliances,Ontario,Ontario,Home Office,29,9492.92,772.04,0.05
2009-09-24,2009-09-01,Office Supplies,Envelopes,Ontario,Ontario,Corporate,2,45.64,-0.11,0.08
2011-06-30,2011-06-01,Office Supplies,Storage & Organization,Ontario,Ontario,Corporate,21,2954.14,-522.94,0.04
2011-06-30,2011-06-01,Technology,Telephones and Communication,Ontario,Ontario,Corporate,34,3375.3075,562.13,0.1
2009-01-03,2009-01-01,Office Supplies,Paper,Ontario,Ontario,Corporate,15,85.56,-41.58,0.03
2009-01-03,2009-01-01,Technology,Telephones and Communication,Ontario,Ontario,Corporate,8,754.6555,-212.55,0.01
2010-06-24,2010-06-01,Office Supplies,Paper,Ontario,Ontario,Home Office,19,108.21,-50.02,0.08
2012-04-22,2012-04-01,Technology,Computer Peripherals,Ontario,Ontario,Small Business,1,36.31,-74.45,0.04
2012-04-22,2012-04-01,Furniture,Office Furnishings,Ontario,Ontario,Small Business,18,388.15,-44.21,0.0
2010-04-22,2010-04-01,Furniture,Office Furnishings,Ontario,Ontario,Corporate,11,231.27,89.29,0.03
2011-05-03,2011-05-01,Office Supplies,Storage & Organization,Ontario,Ontario,Corporate,15,150.33,-98.23,0.08
2010-12-12,2010-12-01,Office Supplies,Paper,Ontario,Ontario,Small Business,40,240.18,-160.21,0.06
2010-12-12,2010-12-01,Office Supplies,Storage & Organization,Ontario,Ontario,Small Business,45,529.28,-30.27,0.1
2009-04-11,2009-04-01,Office Supplies,Binders and Binder Accessories,Ontario,Ontario,Small Business,47,887.45,365.79,0.1
2009-04-11,2009-04-01,Office Supplies,Paper,Ontario,Ontario,Small Business,7,355.97,-4.46,0.03
2011-03-15,2011-03-01,Furniture,Chairs & Chairmats,Ontario,Ontario,Corporate,44,9499.3,618.36,0.01
2011-12-20,2011-12-01,Technology,Telephones and Communication,Ontario,Ontario,Small Business,36,2544.985,-113.06,0.07
2012-03-23,2012-03-01,Technology,Telephones and Communication,Ontario,Ontario,Home Office,13,728.025,20.0,0.04
2011-05-14,2011-05-01,Office Supplies,Paper,Ontario,Ontario,Small Business,9,79.25,-13.25,0.0
2009-06-11,2009-06-01,Technology,Telephones and Communication,Ontario,Ontario,Small Business,26,1495.184,211.09,0.0
2011-03-30,2011-03-01,Office Supplies,Labels,Ontario,Ontario,Corporate,7,23.84,5.88,0.02
2011-04-19,2011-04-01,Furniture,Chairs & Chairmats,Ontario,Ontario,Home Office,8,709.37,-281.76,0.1
2011-04-19,2011-04-01,Office Supplies,"Scissors, Rulers and Trimmers",Ontario,Ontario,Home Office,19,59.76,-33.11,0.1
2009-02-06,2009-02-01,Furniture,Chairs & Chairmats,Ontario,Ontario,Corporate,45,7548.65,1385.35,0.03
2009-02-06,2009-02-01,Technology,Telephones and Communication,Ontario,Ontario,Corporate,24,1318.8685,172.33,0.03
2009-06-23,2009-06-01,Furniture,Bookcases,Ontario,Ontario,Small Business,23,4514.86,-641.09,0.09
2009-06-23,2009-06-01,Office Supplies,Pens & Art Supplies,Ontario,Ontario,Small Business,30,79.14,-4.73,0.09
2011-02-05,2011-02-01,Office Supplies,Paper,Ontario,Ontario,Small Business,17,112.57,-28.53,0.08
2011-02-05,2011-02-01,Office Supplies,Storage & Organization,Ontario,Ontario,Small Business,43,1562.69,287.74,0.0
2011-05-31,2011-05-01,Office Supplies,Storage & Organization,Ontario,Ontario,Small Business,32,1974.66,-929.68,0.06
2011-05-31,2011-05-01,Furniture,Tables,Ontario,Ontario,Small Business,3,73.44,-53.78,0.0
2012-07-05,2012-07-01,Office Supplies,Labels,Ontario,Ontario,Small Business,3,12.11,-0.98,0.02
2010-09-19,2010-09-01,Furniture,Office Furnishings,Ontario,Ontario,Home Office,33,2667.92,1049.02,0.01
2010-09-19,2010-09-01,Furniture,Tables,Ontario,Ontario,Home Office,15,2236.15,-310.95,0.05
2012-12-20,2012-12-01,Furniture,Chairs & Chairmats,Ontario,Ontario,Corporate,45,4165.04,135.68,0.0
2011-07-21,2011-07-01,Office Supplies,Paper,Ontario,Ontario,Small Business,17,117.33,10.31,0.07
2010-03-07,2010-03-01,Office Supplies,Paper,Ontario,Ontario,Small Business,1,49.61,-41.82,0.0
2010-07-19,2010-07-01,Office Supplies,Appliances,Ontario,Ontario,Corporate,1,21.45,-7.22,0.01
2010-07-19,2010-07-01,Office Supplies,Binders and Binder Accessories,Ontario,Ontario,Corporate,44,5347.13,1886.41,0.08
2009-06-12,2009-06-01,Furniture,Bookcases,Ontario,Ontario,Small Business,36,4581.41,-904.73,0.04
2009-04-11,2009-04-01,Furniture,Office Furnishings,Ontario,Ontario,Corporate,35,430.55,120.01,0.0
2010-05-20,2010-05-01,Office Supplies,Paper,Ontario,Ontario,Corporate,20,148.31,37.33,0.03
2012-10-13,2012-10-01,Office Supplies,Binders and Binder Accessories,Ontario,Ontario,Small Business,37,191.36,-82.09,0.05
2009-06-14,2009-06-01,Office Supplies,Pens & Art Supplies,Ontario,Ontario,Corporate,11,65.7,13.41,0.01
2009-02-26,2009-02-01,Office Supplies,Binders and Binder Accessories,Ontario,Ontario,Corporate,22,127.33,5.3,0.02
2009-02-26,2009-02-01,Office Supplies,Binders and Binder Accessories,Ontario,Ontario,Corporate,24,990.1,310.22,0.03
2012-04-15,2012-04-01,Office Supplies,Paper,Ontario,Ontario,Corporate,5,28.32,-14.35,0.09
2010-06-20,2010-06-01,Technology,Computer Peripherals,Ontario,Ontario,Home Office,42,213.75,-188.77,0.03
2011-06-22,2011-06-01,Furniture,Chairs & Chairmats,Ontario,Ontario,Home Office,24,7547.14,2080.48,0.03
2011-06-22,2011-06-01,Furniture,Office Furnishings,Ontario,Ontario,Home Office,2,224.32,-178.77,0.08
2011-06-22,2011-06-01,Office Supplies,Pens & Art Supplies,Ontario,Ontario,Home Office,15,311.98,-9.78,0.09
2012-06-24,2012-06-01,Office Supplies,Pens & Art Supplies,Ontario,Ontario,Home Office,3,14.49,-12.58,0.09
2009-07-16,2009-07-01,Furniture,Office Furnishings,Ontario,Ontario,Home Office,18,243.51,-159.86,0.02
2009-07-16,2009-07-01,Office Supplies,Paper,Ontario,Ontario,Home Office,22,755.6,223.44,0.05
2009-07-16,2009-07-01,Office Supplies,"Scissors, Rulers and Trimmers",Ontario,Ontario,Home Office,45,592.73,75.01,0.02
2009-01-27,2009-01-01,Office Supplies,Pens & Art Supplies,Ontario,Ontario,Corporate,36,100.87,8.4,0.09
2010-02-28,2010-02-01,Office Supplies,Appliances,Ontario,Ontario,Home Office,33,9473.31,1939.11,0.03
2012-01-30,2012-01-01,Technology,Computer Peripherals,Ontario,Ontario,Corporate,39,796.08,30.29,0.05
2011-01-10,2011-01-01,Office Supplies,Binders and Binder Accessories,Ontario,Ontario,Home Office,12,69.98,-58.33,0.06
2011-01-10,2011-01-01,Furniture,Office Furnishings,Ontario,Ontario,Home Office,35,418.34,73.57,0.08
2011-01-10,2011-01-01,Office Supplies,Paper,Ontario,Ontario,Home Office,3,17.7,-10.37,0.06
2011-01-10,2011-01-01,Office Supplies,Pens & Art Supplies,Ontario,Ontario,Home Office,12,45.61,9.18,0.1
2009-04-28,2009-04-01,Office Supplies,Labels,Ontario,Ontario,Home Office,28,129.33,48.25,0.04
2009-04-28,2009-04-01,Office Supplies,Paper,Ontario,Ontario,Home Office,46,2461.23,748.2,0.06
2009-09-13,2009-09-01,Office Supplies,Storage & Organization,Ontario,Ontario,Home Office,48,8295.29,2267.22,0.08
2011-09-27,2011-09-01,Technology,Telephones and Communication,Ontario,Ontario,Home Office,43,6477.459,1836.46,0.05
2010-06-23,2010-06-01,Furniture,Office Furnishings,Ontario,Ontario,Corporate,31,295.45,-4.36,0.03
2010-02-22,2010-02-01,Office Supplies,Labels,Ontario,Ontario,Home Office,5,16.24,0.35,0.01
2012-06-07,2012-06-01,Technology,Computer Peripherals,Ontario,Ontario,Consumer,16,28.65,-23.86,0.02
2012-06-07,2012-06-01,Technology,Telephones and Communication,Ontario,Ontario,Consumer,12,201.535,-122.62,0.09
2010-01-21,2010-01-01,Office Supplies,Paper,Ontario,Ontario,Home Office,13,81.68,-25.22,0.08
2010-01-07,2010-01-01,Office Supplies,Paper,Ontario,Ontario,Home Office,21,147.16,-92.55,0.01
2010-01-07,2010-01-01,Office Supplies,Pens & Art Supplies,Ontario,Ontario,Home Office,19,50.07,-0.53,0.03
2010-01-07,2010-01-01,Furniture,Tables,Ontario,Ontario,Home Office,32,6982.87,875.55,0.05
2012-12-01,2012-12-01,Office Supplies,Binders and Binder Accessories,Ontario,Ontario,Home Office,17,464.59,168.22,0.07
2012-12-01,2012-12-01,Office Supplies,Paper,Ontario,Ontario,Home Office,47,316.68,-161.0,0.06
2012-12-10,2012-12-01,Office Supplies,Paper,Ontario,Ontario,Corporate,23,172.9,51.43,0.0
2012-11-18,2012-11-01,Office Supplies,Paper,Ontario,Ontario,Corporate,4,32.72,-22.59,0.09
2012-12-15,2012-12-01,Office Supplies,Appliances,Ontario,Ontario,Home Office,46,517.93,-94.73,0.06
2012-10-27,2012-10-01,Furniture,Bookcases,Ontario,Ontario,Corporate,24,2443.85,-120.85,0.08
2012-07-11,2012-07-01,Office Supplies,Binders and Binder Accessories,Ontario,Ontario,Home Office,36,233.43,-71.9,0.03
2012-07-09,2012-07-01,Furniture,Chairs & Chairmats,Ontario,Ontario,Consumer,27,9418.73,2245.24,0.0
2012-07-09,2012-07-01,Office Supplies,Paper,Ontario,Ontario,Consumer,1,5.68,-1.82,0.02
2012-07-09,2012-07-01,Office Supplies,Pens & Art Supplies,Ontario,Ontario,Consumer,42,174.59,25.88,0.08
2012-07-09,2012-07-01,Technology,Telephones and Communication,Ontario,Ontario,Consumer,13,1265.497,-161.12,0.1
2011-04-25,2011-04-01,Office Supplies,Paper,Ontario,Ontario,Consumer,8,57.04,-29.06,0.05
2011-12-31,2011-12-01,Technology,Office Machines,Ontario,Ontario,Home Office,45,11532.99,2753.39,0.07
2011-12-31,2011-12-01,Office Supplies,Paper,Ontario,Ontario,Home Office,18,146.1,51.14,0.06
2009-07-17,2009-07-01,Office Supplies,Labels,Ontario,Ontario,Corporate,47,1505.57,-54.63,0.02
2010-01-16,2010-01-01,Office Supplies,Paper,Ontario,Ontario,Small Business,33,126.38,26.64,0.08
2010-01-16,2010-01-01,Office Supplies,Paper,Ontario,Ontario,Small Business,4,33.1,-24.15,0.06
2009-07-16,2009-07-01,Technology,Computer Peripherals,Ontario,Ontario,Corporate,37,288.55,-133.7,0.03
2010-05-15,2010-05-01,Office Supplies,Paper,Ontario,Ontario,Consumer,29,357.96,10.44,0.06
2009-11-19,2009-11-01,Office Supplies,Storage & Organization,Ontario,Ontario,Consumer,4,582.59,-121.75,0.07
2010-02-10,2010-02-01,Technology,Telephones and Communication,Ontario,Ontario,Corporate,18,1297.4485,4.21,0.04
2012-10-18,2012-10-01,Office Supplies,Labels,Ontario,Ontario,Corporate,27,79.44,29.85,0.06
2012-10-18,2012-10-01,Furniture,Office Furnishings,Ontario,Ontario,Corporate,5,110.03,-31.33,0.06
2009-03-08,2009-03-01,Technology,Office Machines,Ontario,Ontario,Home Office,50,2451.41,773.36,0.07
2009-03-08,2009-03-01,Technology,Office Machines,Ontario,Ontario,Home Office,11,851.24,-149.46,0.1
2012-10-12,2012-10-01,Furniture,Chairs & Chairmats,Ontario,Ontario,Home Office,26,3505.6,1019.7,0.03
2010-10-09,2010-10-01,Office Supplies,Binders and Binder Accessories,Ontario,Ontario,Home Office,22,96.75,-72.91,0.04
2011-07-03,2011-07-01,Furniture,Office Furnishings,Ontario,Ontario,Home Office,47,5051.89,1708.84,0.02
2009-12-12,2009-12-01,Furniture,Tables,Ontario,Ontario,Consumer,2,302.91,-186.13,0.04
2009-12-12,2009-12-01,Technology,Telephones and Communication,Ontario,Ontario,Consumer,29,842.6135,-208.43,0.1
2012-12-18,2012-12-01,Office Supplies,Labels,Ontario,Ontario,Home Office,44,117.97,44.59,0.1
2010-10-23,2010-10-01,Furniture,Chairs & Chairmats,Ontario,Ontario,Corporate,12,2237.76,151.86,0.1
2010-10-23,2010-10-01,Office Supplies,Pens & Art Supplies,Ontario,Ontario,Corporate,4,20.59,1.19,0.02
2010-10-23,2010-10-01,Office Supplies,Appliances,Ontario,Ontario,Corporate,19,281.74,25.67,0.06
2010-10-23,2010-10-01,Office Supplies,Envelopes,Ontario,Ontario,Corporate,23,217.35,-67.19,0.0
2010-10-23,2010-10-01,Office Supplies,Storage & Organization,Ontario,Ontario,Corporate,15,2746.57,617.4,0.03
2009-02-14,2009-02-01,Furniture,Office Furnishings,Ontario,Ontario,Home Office,4,256.77,173.89,0.04
2012-01-05,2012-01-01,Office Supplies,Paper,Ontario,Ontario,Consumer,33,154.44,54.62,0.06
2012-08-16,2012-08-01,Office Supplies,Appliances,Ontario,Ontario,Consumer,17,822.91,-94.76,0.09
2012-04-10,2012-04-01,Office Supplies,Pens & Art Supplies,Ontario,Ontario,Home Office,31,89.18,21.73,0.04
2012-04-10,2012-04-01,Technology,Telephones and Communication,Ontario,Ontario,Home Office,50,1540.285,829.65,0.05
2009-12-06,2009-12-01,Office Supplies,Binders and Binder Accessories,Ontario,Ontario,Consumer,14,87.23,-69.53,0.09
2010-09-25,2010-09-01,Technology,Computer Peripherals,Ontario,Ontario,Consumer,21,187.14,21.07,0.02
2010-09-25,2010-09-01,Technology,Computer Peripherals,Ontario,Ontario,Consumer,12,385.7,-109.91,0.0
2010-09-25,2010-09-01,Furniture,Office Furnishings,Ontario,Ontario,Consumer,46,1048.39,206.56,0.06
2009-01-09,2009-01-01,Office Supplies,Labels,Ontario,Ontario,Home Office,9,45.87,-38.9,0.02
2012-10-19,2012-10-01,Office Supplies,Binders and Binder Accessories,Ontario,Ontario,Corporate,22,321.91,-24.96,0.06
2012-10-19,2012-10-01,Office Supplies,Binders and Binder Accessories,Ontario,Ontario,Corporate,2,132.96,-61.88,0.05
2012-10-19,2012-10-01,Technology,Telephones and Communication,Ontario,Ontario,Corporate,24,3268.7515,562.91,0.04
2011-04-06,2011-04-01,Office Supplies,Storage & Organization,Ontario,Ontario,Consumer,20,2227.34,-609.09,0.09
2011-01-11,2011-01-01,Furniture,Office Furnishings,Ontario,Ontario,Home Office,24,1965.21,830.75,0.0
2012-08-28,2012-08-01,Technology,Computer Peripherals,Ontario,Ontario,Corporate,42,2004.6,230.3,0.02
2011-04-22,2011-04-01,Technology,Computer Peripherals,Ontario,Ontario,Consumer,3,28.11,-31.62,0.03
2011-04-22,2011-04-01,Office Supplies,Pens & Art Supplies,Ontario,Ontario,Consumer,14,27.06,-0.06,0.0
2009-06-10,2009-06-01,Office Supplies,Binders and Binder Accessories,Ontario,Ontario,Consumer,14,132.72,-9.18,0.05
2011-04-26,2011-04-01,Technology,Computer Peripherals,Ontario,Ontario,Consumer,46,400.25,-37.5,0.02
2012-03-14,2012-03-01,Office Supplies,Binders and Binder Accessories,Ontario,Ontario,Corporate,18,611.71,93.23,0.02
2011-06-29,2011-06-01,Office Supplies,Paper,Ontario,Ontario,Home Office,27,135.86,-73.42,0.04
2009-01-05,2009-01-01,Furniture,Office Furnishings,Ontario,Ontario,Small Business,21,4201.08,1162.76,0.01
2009-01-05,2009-01-01,Furniture,Office Furnishings,Ontario,Ontario,Small Business,41,8958.46,2593.14,0.02
2009-01-05,2009-01-01,Technology,Office Machines,Ontario,Ontario,Small Business,33,4913.7,1054.93,0.0
2010-03-08,2010-03-01,Furniture,Office Furnishings,Ontario,Ontario,Home Office,22,119.63,-27.39,0.03
2010-03-08,2010-03-01,Office Supplies,Paper,Ontario,Ontario,Home Office,40,177.92,-167.92,0.0
2011-01-18,2011-01-01,Office Supplies,Binders and Binder Accessories,Ontario,Ontario,Corporate,41,230.29,14.48,0.0
2011-01-18,2011-01-01,Technology,Telephones and Communication,Ontario,Ontario,Corporate,27,1592.0415,-52.7,0.0
2009-04-27,2009-04-01,Office Supplies,Paper,Ontario,Ontario,Corporate,13,150.13,1.73,0.09
2011-10-05,2011-10-01,Office Supplies,Paper,Ontario,Ontario,Corporate,6,338.89,45.76,0.07
2011-10-05,2011-10-01,Office Supplies,Storage & Organization,Ontario,Ontario,Corporate,25,362.52,-68.49,0.07
2009-01-07,2009-01-01,Technology,Telephones and Communication,Ontario,Ontario,Small Business,11,607.597,-112.24,0.07
2010-09-25,2010-09-01,Office Supplies,Paper,Ontario,Ontario,Consumer,32,117.78,20.82,0.09
2010-09-25,2010-09-01,Technology,Telephones and Communication,Ontario,Ontario,Consumer,35,2463.2405,310.57,0.07
2012-04-29,2012-04-01,Technology,Telephones and Communication,Ontario,Ontario,Consumer,41,2251.9135,655.91,0.04
2010-08-24,2010-08-01,Furniture,Office Furnishings,Ontario,Ontario,Corporate,48,705.44,165.9,0.04
2010-08-24,2010-08-01,Office Supplies,Paper,Ontario,Ontario,Corporate,29,1041.72,437.61,0.03
2009-03-16,2009-03-01,Office Supplies,Envelopes,Ontario,Ontario,Corporate,14,211.88,78.45,0.1
2010-04-15,2010-04-01,Furniture,Office Furnishings,Ontario,Ontario,Consumer,32,1031.23,-138.54,0.07
2010-02-20,2010-02-01,Office Supplies,Paper,Ontario,Ontario,Corporate,23,116.57,-43.18,0.07
2010-12-22,2010-12-01,Technology,Computer Peripherals,Ontario,Ontario,Corporate,21,3323.44,99.88,0.03
2010-12-22,2010-12-01,Office Supplies,Paper,Ontario,Ontario,Corporate,5,27.9,-22.82,0.02
2010-03-30,2010-03-01,Furniture,Tables,Ontario,Ontario,Corporate,18,7556.61,-352.24,0.08
2010-03-30,2010-03-01,Office Supplies,Rubber Bands,Ontario,Ontario,Corporate,33,47.48,3.35,0.07
2010-09-29,2010-09-01,Furniture,Bookcases,Ontario,Ontario,Corporate,10,8704.08,1034.54,0.05
2010-09-29,2010-09-01,Technology,Copiers and Fax,Ontario,Ontario,Corporate,41,24051.49,9791.04,0.07
2009-06-11,2009-06-01,Office Supplies,Paper,Ontario,Ontario,Home Office,3,21.46,-14.22,0.05
2009-06-11,2009-06-01,Technology,Telephones and Communication,Ontario,Ontario,Home Office,24,1388.628,261.52,0.03
2009-06-21,2009-06-01,Technology,Office Machines,Ontario,Ontario,Corporate,24,2920.83,1068.16,0.02
2009-06-21,2009-06-01,Office Supplies,Paper,Ontario,Ontario,Corporate,42,262.3,-255.2,0.09
2009-10-04,2009-10-01,Office Supplies,Binders and Binder Accessories,Ontario,Ontario,Corporate,17,103.72,-72.06,0.02
2009-10-04,2009-10-01,Furniture,Office Furnishings,Ontario,Ontario,Corporate,4,185.15,10.2,0.09
2012-01-19,2012-01-01,Technology,Office Machines,Ontario,Ontario,Home Office,50,6628.55,1081.65,0.1
2012-02-27,2012-02-01,Office Supplies,Binders and Binder Accessories,Ontario,Ontario,Home Office,33,9758.7,3793.7,0.04
2012-07-12,2012-07-01,Office Supplies,Paper,Ontario,Ontario,Corporate,17,128.5,-44.69,0.02
2012-06-01,2012-06-01,Furniture,Chairs & Chairmats,Ontario,Ontario,Corporate,35,6739.92,957.29,0.01
2010-03-14,2010-03-01,Office Supplies,Storage & Organization,Ontario,Ontario,Small Business,16,2723.1,-446.31,0.07
2010-03-14,2010-03-01,Technology,Telephones and Communication,Ontario,Ontario,Small Business,20,347.2675,-71.09,0.06
2010-02-02,2010-02-01,Office Supplies,Rubber Bands,Ontario,Ontario,Consumer,1,5.7,-2.34,0.1
2012-05-12,2012-05-01,Office Supplies,Paper,Ontario,Ontario,Home Office,3,26.23,-13.72,0.0
2012-03-15,2012-03-01,Office Supplies,Binders and Binder Accessories,Ontario,Ontario,Consumer,8,33.39,-35.51,0.03
2012-05-12,2012-05-01,Furniture,Office Furnishings,Ontario,Ontario,Corporate,9,187.13,12.4,0.09
2012-05-12,2012-05-01,Technology,Telephones and Communication,Ontario,Ontario,Corporate,46,2255.1945,74.51,0.03
2010-01-02,2010-01-01,Furniture,Office Furnishings,Ontario,Ontario,Home Office,34,70.25,-133.06,0.1
2009-08-17,2009-08-01,Office Supplies,Paper,Ontario,Ontario,Home Office,11,59.03,-25.21,0.04
2012-08-17,2012-08-01,Office Supplies,Storage & Organization,Ontario,Ontario,Home Office,10,987.54,-396.84,0.07
2012-09-28,2012-09-01,Furniture,Bookcases,Ontario,Ontario,Corporate,27,1823.04,-190.78,0.09
2012-03-20,2012-03-01,Technology,Computer Peripherals,Ontario,Ontario,Corporate,6,256.6,-106.76,0.0
2010-06-26,2010-06-01,Technology,Computer Peripherals,Ontario,Ontario,Corporate,19,39.42,-29.02,0.08
2010-06-26,2010-06-01,Technology,Computer Peripherals,Ontario,Ontario,Corporate,45,1305.31,589.2,0.03
2009-08-09,2009-08-01,Office Supplies,Pens & Art Supplies,Ontario,Ontario,Corporate,8,238.74,-38.89,0.1
2010-06-16,2010-06-01,Office Supplies,Labels,Ontario,Ontario,Home Office,46,134.81,52.36,0.1
2010-06-16,2010-06-01,Technology,Telephones and Communication,Ontario,Ontario,Home Office,34,5488.5265,1382.45,0.05
2009-10-21,2009-10-01,Office Supplies,Rubber Bands,Ontario,Ontario,Home Office,13,52.38,11.72,0.06
2010-12-21,2010-12-01,Technology,Office Machines,Ontario,Ontario,Small Business,48,14556.67,3829.63,0.04
2009-03-28,2009-03-01,Furniture,Office Furnishings,Ontario,Ontario,Corporate,48,522.97,29.98,0.04
2009-03-28,2009-03-01,Office Supplies,Paper,Ontario,Ontario,Corporate,48,199.46,-121.2,0.08
2011-04-02,2011-04-01,Office Supplies,Binders and Binder Accessories,Ontario,Ontario,Corporate,32,513.74,-28.68,0.02
2011-04-02,2011-04-01,Furniture,Office Furnishings,Ontario,Ontario,Corporate,4,36.8,14.19,0.0
2009-12-21,2009-12-01,Office Supplies,Envelopes,Ontario,Ontario,Small Business,27,2609.53,911.66,0.0
2010-02-14,2010-02-01,Technology,Telephones and Communication,Ontario,Ontario,Consumer,29,1576.223,286.12,0.05
2011-09-25,2011-09-01,Furniture,Tables,Ontario,Ontario,Corporate,23,8127.51,1541.25,0.01
2011-09-25,2011-09-01,Technology,Telephones and Communication,Ontario,Ontario,Corporate,33,5352.9345,1343.21,0.09
2010-12-08,2010-12-01,Technology,Office Machines,Ontario,Ontario,Corporate,37,17717.34,8291.08,0.0
2010-10-19,2010-10-01,Office Supplies,Paper,Ontario,Ontario,Corporate,33,1646.47,743.59,0.05
2010-12-30,2010-12-01,Office Supplies,Pens & Art Supplies,Ontario,Ontario,Consumer,45,260.37,44.15,0.02
2010-08-03,2010-08-01,Furniture,Chairs & Chairmats,Ontario,Ontario,Home Office,33,3268.56,-1181.71,0.03
2012-06-08,2012-06-01,Office Supplies,Paper,Ontario,Ontario,Consumer,24,115.54,43.35,0.04
2011-09-15,2011-09-01,Office Supplies,Paper,Ontario,Ontario,Corporate,23,166.8,44.59,0.03
2011-09-15,2011-09-01,Office Supplies,Paper,Ontario,Ontario,Corporate,38,261.38,-172.35,0.05
2009-03-23,2009-03-01,Office Supplies,Pens & Art Supplies,Ontario,Ontario,Corporate,20,103.39,29.17,0.05
2009-03-23,2009-03-01,Office Supplies,Storage & Organization,Ontario,Ontario,Corporate,28,435.39,-48.97,0.01
2010-03-25,2010-03-01,Technology,Computer Peripherals,Ontario,Ontario,Corporate,5,29.66,-32.78,0.04
2009-01-17,2009-01-01,Office Supplies,Pens & Art Supplies,Ontario,Ontario,Corporate,25,280.43,39.52,0.1
2012-07-14,2012-07-01,Office Supplies,Binders and Binder Accessories,Ontario,Ontario,Corporate,23,5126.3,2019.19,0.07
2009-12-27,2009-12-01,Office Supplies,Appliances,Ontario,Ontario,Corporate,13,88.17,-572.49,0.1
2009-12-27,2009-12-01,Furniture,Chairs & Chairmats,Ontario,Ontario,Corporate,15,4760.02,658.88,0.0
2011-10-22,2011-10-01,Office Supplies,Binders and Binder Accessories,Ontario,Ontario,Corporate,27,1502.66,637.6,0.07
2011-03-17,2011-03-01,Technology,Computer Peripherals,Ontario,Ontario,Corporate,32,3812.73,1470.3,0.02
2010-10-26,2010-10-01,Office Supplies,Pens & Art Supplies,Ontario,Ontario,Corporate,47,2029.75,320.37,0.06
2010-10-26,2010-10-01,Technology,Telephones and Communication,Ontario,Ontario,Corporate,11,1118.396,-212.33,0.06
2009-06-13,2009-06-01,Technology,Telephones and Communication,Ontario,Ontario,Small Business,16,1239.6315,-172.55,0.0
2011-07-19,2011-07-01,Furniture,Office Furnishings,Ontario,Ontario,Corporate,45,356.7,-48.97,0.02
2010-01-22,2010-01-01,Furniture,Bookcases,Ontario,Ontario,Consumer,39,4913.69,-1153.9,0.02
2010-01-22,2010-01-01,Office Supplies,Paper,Ontario,Ontario,Consumer,24,464.77,29.42,0.01
2009-11-21,2009-11-01,Office Supplies,"Scissors, Rulers and Trimmers",Ontario,Ontario,Small Business,18,173.2,-10.9,0.01
2011-10-07,2011-10-01,Office Supplies,Paper,Ontario,Ontario,Small Business,18,125.16,-23.48,0.02
2010-03-08,2010-03-01,Office Supplies,Binders and Binder Accessories,Ontario,Ontario,Home Office,50,1246.52,52.48,0.01
2009-04-19,2009-04-01,Office Supplies,Rubber Bands,Ontario,Ontario,Corporate,38,132.07,14.0,0.06
2012-02-19,2012-02-01,Technology,Computer Peripherals,Ontario,Ontario,Corporate,41,341.36,-52.48,0.09
2011-06-17,2011-06-01,Technology,Telephones and Communication,Ontario,Ontario,Corporate,15,1297.304,149.82,0.0
2012-05-18,2012-05-01,Technology,Computer Peripherals,Ontario,Ontario,Consumer,49,2047.58,902.62,0.01
2012-05-18,2012-05-01,Furniture,Office Furnishings,Ontario,Ontario,Consumer,1,56.61,-22.16,0.02
2009-12-14,2009-12-01,Furniture,Office Furnishings,Ontario,Ontario,Small Business,3,302.36,290.31,0.09
2012-03-14,2012-03-01,Office Supplies,Appliances,Ontario,Ontario,Corporate,45,186.44,-157.18,0.0
2011-09-12,2011-09-01,Office Supplies,Labels,Ontario,Ontario,Home Office,40,102.56,36.62,0.06
2011-09-12,2011-09-01,Office Supplies,Rubber Bands,Ontario,Ontario,Home Office,3,15.87,2.53,0.01
2010-10-21,2010-10-01,Office Supplies,"Scissors, Rulers and Trimmers",Ontario,Ontario,Consumer,14,34.59,-60.13,0.04
2010-10-21,2010-10-01,Furniture,Tables,Ontario,Ontario,Consumer,29,5029.216,-752.83,0.02
2012-04-29,2012-04-01,Furniture,Bookcases,Ontario,Ontario,Corporate,14,3363.14,98.75,0.1
2012-03-11,2012-03-01,Technology,Office Machines,Ontario,Ontario,Corporate,7,16587.13,-3476.86,0.08
2012-03-11,2012-03-01,Office Supplies,Paper,Ontario,Ontario,Corporate,9,507.98,170.9,0.05
2011-11-14,2011-11-01,Office Supplies,Rubber Bands,Ontario,Ontario,Corporate,31,142.97,-12.26,0.1
2011-03-16,2011-03-01,Office Supplies,Binders and Binder Accessories,Ontario,Ontario,Corporate,4,17.12,-2.55,0.03
2011-09-22,2011-09-01,Office Supplies,Storage & Organization,Ontario,Ontario,Home Office,21,8185.89,2137.28,0.09
2009-11-22,2009-11-01,Office Supplies,Paper,Ontario,Ontario,Corporate,27,259.72,78.05,0.07
2009-11-22,2009-11-01,Office Supplies,Pens & Art Supplies,Ontario,Ontario,Corporate,34,54.69,-35.75,0.07
2010-09-28,2010-09-01,Furniture,Office Furnishings,Ontario,Ontario,Home Office,38,1143.35,411.1,0.04
2011-10-06,2011-10-01,Office Supplies,Paper,Ontario,Ontario,Consumer,38,391.42,25.03,0.04
2009-09-29,2009-09-01,Furniture,Office Furnishings,Ontario,Ontario,Corporate,6,49.04,7.74,0.02
2009-12-28,2009-12-01,Technology,Office Machines,Ontario,Ontario,Home Office,32,3730.54,1369.09,0.07
2010-03-30,2010-03-01,Office Supplies,Binders and Binder Accessories,Ontario,Ontario,Home Office,29,352.55,128.99,0.09
2010-03-30,2010-03-01,Office Supplies,Storage & Organization,Ontario,Ontario,Home Office,32,719.64,-245.62,0.01
2011-04-11,2011-04-01,Technology,Telephones and Communication,Ontario,Ontario,Corporate,38,3821.039,1057.89,0.05
2009-06-03,2009-06-01,Technology,Telephones and Communication,Ontario,Ontario,Home Office,23,2508.673,417.47,0.03
2010-01-28,2010-01-01,Furniture,Office Furnishings,Ontario,Ontario,Home Office,47,4888.14,1545.09,0.07
2010-01-28,2010-01-01,Office Supplies,Paper,Ontario,Ontario,Home Office,27,63.87,-149.93,0.09
2011-03-17,2011-03-01,Technology,Copiers and Fax,Ontario,Ontario,Small Business,2,885.94,-2024.08,0.08
2012-01-05,2012-01-01,Furniture,Office Furnishings,Ontario,Ontario,Consumer,10,120.53,49.26,0.1
2009-05-24,2009-05-01,Furniture,Chairs & Chairmats,Ontario,Ontario,Home Office,34,5261.73,650.3,0.05
2010-05-16,2010-05-01,Furniture,Office Furnishings,Ontario,Ontario,Corporate,7,75.72,20.29,0.02
2010-05-16,2010-05-01,Office Supplies,Paper,Ontario,Ontario,Corporate,38,225.21,-66.16,0.06
2009-12-01,2009-12-01,Office Supplies,"Scissors, Rulers and Trimmers",Ontario,Ontario,Consumer,29,194.29,-177.17,0.09
2009-12-01,2009-12-01,Office Supplies,Storage & Organization,Ontario,Ontario,Consumer,33,1621.1,-971.36,0.07
2011-05-01,2011-05-01,Office Supplies,Binders and Binder Accessories,Ontario,Ontario,Home Office,20,156.47,-39.23,0.01
2011-07-01,2011-07-01,Technology,Computer Peripherals,Ontario,Ontario,Consumer,38,1559.5,515.83,0.01
2012-05-20,2012-05-01,Furniture,Office Furnishings,Ontario,Ontario,Consumer,21,1002.77,295.6,0.07
2012-05-20,2012-05-01,Furniture,Office Furnishings,Ontario,Ontario,Consumer,17,178.14,56.3,0.01
2009-11-02,2009-11-01,Office Supplies,Binders and Binder Accessories,Ontario,Ontario,Corporate,16,457.68,107.38,0.07
2009-03-01,2009-03-01,Office Supplies,Paper,Ontario,Ontario,Corporate,37,434.77,-155.21,0.02
2012-08-15,2012-08-01,Office Supplies,Binders and Binder Accessories,Ontario,Ontario,Small Business,38,218.77,-188.13,0.03
2009-01-04,2009-01-01,Office Supplies,Binders and Binder Accessories,Ontario,Ontario,Corporate,17,63.34,-76.02,0.03
2009-01-04,2009-01-01,Office Supplies,Paper,Ontario,Ontario,Corporate,42,151.35,8.33,0.07
2009-10-13,2009-10-01,Furniture,Office Furnishings,Ontario,Ontario,Corporate,12,153.44,-6.15,0.05
2010-06-05,2010-06-01,Technology,Computer Peripherals,Ontario,Ontario,Small Business,46,4335.34,524.09,0.07
2010-06-05,2010-06-01,Technology,Telephones and Communication,Ontario,Ontario,Small Business,15,1150.5345,361.65,0.01
2012-02-23,2012-02-01,Office Supplies,Paper,Ontario,Ontario,Small Business,31,199.8,-96.59,0.08
2012-02-23,2012-02-01,Office Supplies,Pens & Art Supplies,Ontario,Ontario,Small Business,24,68.97,0.77,0.02
2012-10-31,2012-10-01,Furniture,Bookcases,Ontario,Ontario,Corporate,13,1735.94,-432.54,0.1
2012-10-31,2012-10-01,Furniture,Office Furnishings,Ontario,Ontario,Corporate,2,337.6,-210.78,0.1
2009-04-23,2009-04-01,Office Supplies,Appliances,Ontario,Ontario,Home Office,50,2348.66,921.41,0.02
2009-04-23,2009-04-01,Furniture,Bookcases,Ontario,Ontario,Home Office,19,2657.12,-373.09,0.05
2009-04-23,2009-04-01,Furniture,Tables,Ontario,Ontario,Home Office,49,9579.62,-3465.07,0.1
2009-08-16,2009-08-01,Furniture,Chairs & Chairmats,Ontario,Ontario,Home Office,1,192.49,-98.3,0.02
2009-11-24,2009-11-01,Furniture,Chairs & Chairmats,Ontario,Ontario,Corporate,48,1210.02,-279.44,0.06
2010-01-10,2010-01-01,Office Supplies,Paper,Ontario,Ontario,Home Office,21,111.66,-53.33,0.06
2010-01-10,2010-01-01,Technology,Computer Peripherals,Ontario,Ontario,Home Office,24,231.95,44.14,0.03
2009-09-16,2009-09-01,Office Supplies,"Scissors, Rulers and Trimmers",Ontario,Ontario,Corporate,10,156.15,-37.6,0.08
2010-10-23,2010-10-01,Office Supplies,Pens & Art Supplies,Ontario,Ontario,Small Business,47,1968.47,327.9,0.04
2009-12-20,2009-12-01,Technology,Computer Peripherals,Ontario,Ontario,Corporate,23,1082.43,23.97,0.06
2011-06-22,2011-06-01,Office Supplies,Storage & Organization,Ontario,Ontario,Consumer,29,482.91,-16.59,0.1
2011-06-22,2011-06-01,Technology,Telephones and Communication,Ontario,Ontario,Consumer,23,2969.6365,383.45,0.04
2010-08-17,2010-08-01,Technology,Computer Peripherals,Ontario,Ontario,Home Office,26,165.37,-80.11,0.06
2010-08-17,2010-08-01,Furniture,Office Furnishings,Ontario,Ontario,Home Office,38,1785.74,739.48,0.03
2010-04-20,2010-04-01,Office Supplies,Paper,Ontario,Ontario,Corporate,44,2339.52,886.03,0.1
2010-04-20,2010-04-01,Office Supplies,Pens & Art Supplies,Ontario,Ontario,Corporate,46,533.25,-88.32,0.07
2010-02-24,2010-02-01,Office Supplies,Labels,Ontario,Ontario,Small Business,18,102.06,36.23,0.1
2010-02-24,2010-02-01,Office Supplies,Paper,Ontario,Ontario,Small Business,15,101.82,-52.55,0.08
2011-12-09,2011-12-01,Furniture,Office Furnishings,Ontario,Ontario,Consumer,37,686.2,290.2,0.04
2011-12-09,2011-12-01,Technology,Telephones and Communication,Ontario,Ontario,Consumer,42,1274.5155,444.15,0.05
2010-12-12,2010-12-01,Furniture,Chairs & Chairmats,Ontario,Ontario,Corporate,48,10341.47,865.02,0.03
2010-12-12,2010-12-01,Furniture,Chairs & Chairmats,Ontario,Ontario,Corporate,2,55.21,-45.3,0.08
2010-12-12,2010-12-01,Furniture,Office Furnishings,Ontario,Ontario,Corporate,9,38.3,-42.49,0.01
2009-11-30,2009-11-01,Furniture,Chairs & Chairmats,Ontario,Ontario,Home Office,3,561.65,-264.94,0.04
2009-11-30,2009-11-01,Office Supplies,Appliances,Ontario,Ontario,Home Office,2,55.6,-52.54,0.06
2009-11-30,2009-11-01,Furniture,Office Furnishings,Ontario,Ontario,Home Office,22,2431.13,660.63,0.01
2009-11-30,2009-11-01,Office Supplies,Rubber Bands,Ontario,Ontario,Home Office,27,113.4,-5.02,0.05
2011-07-06,2011-07-01,Office Supplies,Appliances,Ontario,Ontario,Corporate,12,515.65,123.5,0.0
2012-06-11,2012-06-01,Technology,Telephones and Communication,Ontario,Ontario,Small Business,46,5023.2535,1665.23,0.01
2010-03-08,2010-03-01,Furniture,Office Furnishings,Ontario,Ontario,Small Business,2,25.52,21.77,0.01
2009-04-08,2009-04-01,Office Supplies,Appliances,Ontario,Ontario,Corporate,34,1562.97,501.59,0.01
2012-12-02,2012-12-01,Office Supplies,Labels,Ontario,Ontario,Home Office,22,66.19,15.84,0.02
2011-07-18,2011-07-01,Office Supplies,Labels,Ontario,Ontario,Corporate,39,141.49,59.92,0.03
2011-07-18,2011-07-01,Office Supplies,Paper,Ontario,Ontario,Corporate,31,211.55,-120.95,0.05
2009-07-22,2009-07-01,Office Supplies,Binders and Binder Accessories,Ontario,Ontario,Home Office,32,136.2,-154.31,0.09
2009-11-15,2009-11-01,Office Supplies,Paper,Ontario,Ontario,Corporate,12,81.43,-44.66,0.08
2009-11-15,2009-11-01,Office Supplies,Storage & Organization,Ontario,Ontario,Corporate,39,883.15,-1148.19,0.01
2012-06-15,2012-06-01,Office Supplies,Storage & Organization,Ontario,Ontario,Consumer,35,750.03,-1072.97,0.07
2010-10-13,2010-10-01,Technology,Computer Peripherals,Ontario,Ontario,Consumer,22,971.82,326.39,0.07
2009-12-04,2009-12-01,Technology,Computer Peripherals,Ontario,Ontario,Consumer,3,292.96,-322.95,0.09
2009-12-04,2009-12-01,Technology,Telephones and Communication,Ontario,Ontario,Consumer,13,2206.991,-1.63,0.04
2012-04-03,2012-04-01,Furniture,Chairs & Chairmats,Ontario,Ontario,Corporate,18,2703.37,-231.6,0.09
2012-04-03,2012-04-01,Office Supplies,Storage & Organization,Ontario,Ontario,Corporate,39,1538.17,-1119.64,0.02
2009-05-21,2009-05-01,Office Supplies,Envelopes,Ontario,Ontario,Home Office,36,281.71,117.38,0.02
2010-08-11,2010-08-01,Office Supplies,Pens & Art Supplies,Ontario,Ontario,Corporate,7,37.3,5.03,0.0
2012-04-27,2012-04-01,Technology,Computer Peripherals,Ontario,Ontario,Home Office,47,1446.97,531.47,0.0
2010-02-20,2010-02-01,Office Supplies,Binders and Binder Accessories,Ontario,Ontario,Corporate,36,711.1,241.08,0.08
2010-02-20,2010-02-01,Office Supplies,Paper,Ontario,Ontario,Corporate,48,498.16,40.61,0.03
2009-08-14,2009-08-01,Furniture,Office Furnishings,Ontario,Ontario,Consumer,24,158.78,-38.38,0.04
2009-08-14,2009-08-01,Technology,Telephones and Communication,Ontario,Ontario,Consumer,46,3296.062,591.91,0.06
2010-03-07,2010-03-01,Office Supplies,Binders and Binder Accessories,Ontario,Ontario,Home Office,8,351.49,107.32,0.03
2010-03-07,2010-03-01,Office Supplies,Paper,Ontario,Ontario,Home Office,16,74.13,-69.34,0.08
2010-03-07,2010-03-01,Office Supplies,Paper,Ontario,Ontario,Home Office,45,195.03,-148.87,0.09
2009-02-12,2009-02-01,Technology,Office Machines,Ontario,Ontario,Home Office,22,3220.58,1046.69,0.04
2009-02-12,2009-02-01,Office Supplies,Storage & Organization,Ontario,Ontario,Home Office,14,2367.99,320.1,0.04
2011-09-10,2011-09-01,Furniture,Office Furnishings,Ontario,Ontario,Consumer,5,522.06,319.64,0.06
2011-09-10,2011-09-01,Office Supplies,Pens & Art Supplies,Ontario,Ontario,Consumer,37,1218.08,99.79,0.1
2009-01-10,2009-01-01,Furniture,Office Furnishings,Ontario,Ontario,Corporate,24,199.12,73.33,0.01
2009-01-10,2009-01-01,Office Supplies,Pens & Art Supplies,Ontario,Ontario,Corporate,19,63.14,-53.75,0.06
2011-01-09,2011-01-01,Office Supplies,Paper,Ontario,Ontario,Corporate,39,268.94,-87.52,0.02
2011-01-09,2011-01-01,Office Supplies,Storage & Organization,Ontario,Ontario,Corporate,38,847.82,-1348.5,0.05
2012-09-05,2012-09-01,Furniture,Bookcases,Ontario,Ontario,Corporate,40,1992.45,-1609.92,0.05
2009-02-12,2009-02-01,Office Supplies,Labels,Ontario,Ontario,Small Business,15,103.62,39.98,0.1
2009-02-12,2009-02-01,Office Supplies,Pens & Art Supplies,Ontario,Ontario,Small Business,20,124.84,10.56,0.08
2010-02-10,2010-02-01,Furniture,Bookcases,Ontario,Ontario,Corporate,10,633.13,-203.9,0.05
2011-08-09,2011-08-01,Office Supplies,Rubber Bands,Ontario,Ontario,Small Business,3,10.33,-3.86,0.04
2011-08-09,2011-08-01,Office Supplies,Rubber Bands,Ontario,Ontario,Small Business,2,14.39,-10.24,0.07
2010-07-20,2010-07-01,Technology,Copiers and Fax,Ontario,Ontario,Corporate,15,6933.45,1200.21,0.04
2010-07-20,2010-07-01,Office Supplies,Paper,Ontario,Ontario,Corporate,14,54.99,8.07,0.06
2011-01-19,2011-01-01,Office Supplies,Labels,Ontario,Ontario,Consumer,9,42.21,18.21,0.0
2011-07-23,2011-07-01,Office Supplies,Appliances,Ontario,Ontario,Home Office,50,514.86,-53.18,0.09
2009-10-20,2009-10-01,Furniture,Chairs & Chairmats,Ontario,Ontario,Home Office,44,14521.39,5034.15,0.03
2009-10-20,2009-10-01,Technology,Telephones and Communication,Ontario,Ontario,Home Office,39,3925.9715,671.95,0.06
2011-04-08,2011-04-01,Furniture,Office Furnishings,Ontario,Ontario,Consumer,31,894.64,-27.79,0.01
2011-06-10,2011-06-01,Office Supplies,Binders and Binder Accessories,Ontario,Ontario,Small Business,39,158.97,-30.27,0.08
2011-06-10,2011-06-01,Office Supplies,Pens & Art Supplies,Ontario,Ontario,Small Business,49,138.96,19.87,0.03
2012-02-05,2012-02-01,Furniture,Office Furnishings,Ontario,Ontario,Consumer,22,75.19,-59.12,0.06
2010-12-24,2010-12-01,Furniture,Office Furnishings,Ontario,Ontario,Home Office,28,51.14,-81.96,0.08
2009-09-28,2009-09-01,Furniture,Office Furnishings,Ontario,Ontario,Corporate,42,1737.06,339.17,0.02
2012-03-10,2012-03-01,Office Supplies,Paper,Ontario,Ontario,Consumer,46,2430.34,752.87,0.08
2012-03-10,2012-03-01,Office Supplies,Paper,Ontario,Ontario,Consumer,36,218.6,-46.43,0.05
2009-10-13,2009-10-01,Office Supplies,Appliances,Ontario,Ontario,Corporate,31,1401.75,426.44,0.02
2012-10-30,2012-10-01,Office Supplies,Pens & Art Supplies,Ontario,Ontario,Consumer,28,80.53,10.01,0.01
2012-03-12,2012-03-01,Office Supplies,Storage & Organization,Ontario,Ontario,Home Office,32,236.45,-259.02,0.06
2012-09-23,2012-09-01,Technology,Office Machines,Ontario,Ontario,Corporate,4,2951.97,-1890.33,0.09
2011-04-29,2011-04-01,Office Supplies,Paper,Ontario,Ontario,Consumer,48,2283.22,1006.72,0.03
2011-04-29,2011-04-01,Furniture,Tables,Ontario,Ontario,Consumer,49,11365.616,229.22,0.08
2011-05-20,2011-05-01,Office Supplies,Paper,Ontario,Ontario,Home Office,37,258.54,-116.37,0.05
2011-05-20,2011-05-01,Technology,Telephones and Communication,Ontario,Ontario,Home Office,41,4610.2895,1432.86,0.0
2011-10-28,2011-10-01,Office Supplies,Pens & Art Supplies,Ontario,Ontario,Corporate,39,110.38,-4.86,0.05
2012-07-21,2012-07-01,Furniture,Chairs & Chairmats,Ontario,Ontario,Corporate,5,489.07,-197.88,0.08
2009-11-25,2009-11-01,Technology,Computer Peripherals,Ontario,Ontario,Corporate,49,848.92,296.06,0.04
2009-11-25,2009-11-01,Technology,Office Machines,Ontario,Ontario,Corporate,24,6930.97,2574.12,0.05
2009-11-25,2009-11-01,Technology,Telephones and Communication,Ontario,Ontario,Corporate,13,2219.7325,-69.78,0.04
2012-07-12,2012-07-01,Office Supplies,Binders and Binder Accessories,Ontario,Ontario,Consumer,45,311.65,-71.25,0.03
2012-07-12,2012-07-01,Office Supplies,Rubber Bands,Ontario,Ontario,Consumer,28,101.19,32.47,0.06
2010-01-13,2010-01-01,Office Supplies,Storage & Organization,Ontario,Ontario,Home Office,26,981.9,11.38,0.06
2010-08-05,2010-08-01,Office Supplies,Paper,Ontario,Ontario,Corporate,40,1567.51,711.74,0.01
2010-08-05,2010-08-01,Office Supplies,Storage & Organization,Ontario,Ontario,Corporate,17,1914.65,73.45,0.01
2012-04-05,2012-04-01,Office Supplies,Binders and Binder Accessories,Ontario,Ontario,Small Business,43,87.31,-15.09,0.05
2012-03-16,2012-03-01,Office Supplies,Paper,Ontario,Ontario,Small Business,13,83.31,22.8,0.06
2009-11-02,2009-11-01,Office Supplies,Appliances,Ontario,Ontario,Small Business,43,235.09,-1987.49,0.08
2009-11-02,2009-11-01,Furniture,Office Furnishings,Ontario,Ontario,Small Business,10,187.46,49.85,0.0
2011-04-10,2011-04-01,Technology,Computer Peripherals,Ontario,Ontario,Corporate,45,4598.73,1049.45,0.04
2011-04-10,2011-04-01,Furniture,Office Furnishings,Ontario,Ontario,Corporate,45,2673.08,-1363.12,0.01
2011-04-10,2011-04-01,Office Supplies,Storage & Organization,Ontario,Ontario,Corporate,12,396.69,-18.45,0.09
2009-01-07,2009-01-01,Office Supplies,Binders and Binder Accessories,Ontario,Ontario,Consumer,30,610.65,60.27,0.09
2009-01-07,2009-01-01,Technology,Computer Peripherals,Ontario,Ontario,Consumer,2,158.04,-263.09,0.03
2012-10-29,2012-10-01,Furniture,Chairs & Chairmats,Ontario,Ontario,Small Business,50,1298.81,-250.55,0.04
2009-11-06,2009-11-01,Office Supplies,Storage & Organization,Ontario,Ontario,Home Office,27,442.57,-60.73,0.01
2009-11-06,2009-11-01,Technology,Telephones and Communication,Ontario,Ontario,Home Office,5,53.737,-28.44,0.05
2012-09-08,2012-09-01,Furniture,Chairs & Chairmats,Ontario,Ontario,Corporate,12,1207.08,-351.3,0.05
2012-09-08,2012-09-01,Furniture,Tables,Ontario,Ontario,Corporate,11,2618.112,-139.27,0.04
2009-08-12,2009-08-01,Technology,Telephones and Communication,Ontario,Ontario,Consumer,1,52.0965,-232.8,0.0
2009-07-31,2009-07-01,Furniture,Chairs & Chairmats,Ontario,Ontario,Corporate,31,3945.95,1031.32,0.03
2009-07-31,2009-07-01,Furniture,Chairs & Chairmats,Ontario,Ontario,Corporate,33,5394.4,788.79,0.01
2009-09-18,2009-09-01,Furniture,Office Furnishings,Ontario,Ontario,Corporate,27,233.92,-80.75,0.1
2009-09-18,2009-09-01,Office Supplies,Paper,Ontario,Ontario,Corporate,28,1642.05,829.73,0.03
2012-12-25,2012-12-01,Technology,Telephones and Communication,Ontario,Ontario,Corporate,16,279.327,75.21,0.05
2012-12-25,2012-12-01,Technology,Telephones and Communication,Ontario,Ontario,Corporate,5,539.206,-452.39,0.05
2012-09-11,2012-09-01,Office Supplies,Binders and Binder Accessories,Ontario,Ontario,Home Office,34,125.46,-129.63,0.07
2010-08-13,2010-08-01,Office Supplies,Rubber Bands,Ontario,Ontario,Consumer,33,47.99,3.86,0.06
2010-08-13,2010-08-01,Technology,Telephones and Communication,Ontario,Ontario,Consumer,23,829.617,25.53,0.1
2009-09-29,2009-09-01,Technology,Telephones and Communication,Ontario,Ontario,Home Office,5,616.1055,-458.74,0.03
2012-10-18,2012-10-01,Office Supplies,Rubber Bands,Ontario,Ontario,Consumer,18,33.21,-0.85,0.06
2011-03-12,2011-03-01,Technology,Computer Peripherals,Ontario,Ontario,Corporate,26,583.56,-94.59,0.02
2011-03-12,2011-03-01,Office Supplies,Paper,Ontario,Ontario,Corporate,47,281.47,-190.57,0.1
2011-05-24,2011-05-01,Office Supplies,"Scissors, Rulers and Trimmers",Ontario,Ontario,Corporate,42,539.06,-123.07,0.05
2009-05-20,2009-05-01,Office Supplies,Binders and Binder Accessories,Ontario,Ontario,Small Business,25,751.52,67.11,0.09
2009-05-20,2009-05-01,Office Supplies,Paper,Ontario,Ontario,Small Business,36,220.48,81.91,0.04
2009-05-20,2009-05-01,Technology,Telephones and Communication,Ontario,Ontario,Small Business,21,1259.4535,168.24,0.02
2011-03-10,2011-03-01,Furniture,Office Furnishings,Ontario,Ontario,Home Office,23,450.39,152.79,0.07
2011-03-10,2011-03-01,Technology,Telephones and Communication,Ontario,Ontario,Home Office,17,1193.1195,137.59,0.08
2009-05-18,2009-05-01,Technology,Computer Peripherals,Ontario,Ontario,Corporate,47,3596.36,326.25,0.0
2009-08-11,2009-08-01,Office Supplies,Labels,Ontario,Ontario,Consumer,4,16.6,-2.06,0.1
2009-08-11,2009-08-01,Office Supplies,Labels,Ontario,Ontario,Consumer,5,25.1,2.98,0.04
2010-09-11,2010-09-01,Technology,Computer Peripherals,Ontario,Ontario,Small Business,38,553.02,-49.38,0.1
2012-06-07,2012-06-01,Office Supplies,Envelopes,Ontario,Ontario,Consumer,38,437.86,-4.17,0.04
2011-02-26,2011-02-01,Office Supplies,Paper,Ontario,Ontario,Home Office,17,155.17,2.12,0.08
2012-01-12,2012-01-01,Office Supplies,Paper,Ontario,Ontario,Corporate,27,145.93,-113.32,0.0
2012-04-01,2012-04-01,Office Supplies,Binders and Binder Accessories,Ontario,Ontario,Home Office,6,2478.88,593.59,0.02
2011-02-07,2011-02-01,Furniture,Office Furnishings,Ontario,Ontario,Home Office,37,3351.55,-1036.92,0.04
2011-10-24,2011-10-01,Office Supplies,Envelopes,Ontario,Ontario,Home Office,30,532.11,59.47,0.01
2010-07-29,2010-07-01,Furniture,Office Furnishings,Ontario,Ontario,Corporate,32,216.79,57.55,0.07
2011-10-07,2011-10-01,Office Supplies,Rubber Bands,Ontario,Ontario,Corporate,41,258.13,84.1,0.03
2012-05-06,2012-05-01,Technology,Computer Peripherals,Ontario,Ontario,Home Office,37,5382.24,14.85,0.1
2012-05-06,2012-05-01,Technology,Computer Peripherals,Ontario,Ontario,Home Office,30,1035.95,342.41,0.08
2012-03-28,2012-03-01,Office Supplies,Envelopes,Ontario,Ontario,Corporate,26,233.03,-86.34,0.05
2012-08-29,2012-08-01,Office Supplies,Binders and Binder Accessories,Ontario,Ontario,Consumer,3,18.7,-14.69,0.1
2012-08-29,2012-08-01,Office Supplies,Pens & Art Supplies,Ontario,Ontario,Consumer,39,140.74,-92.29,0.01
2011-02-14,2011-02-01,Office Supplies,Binders and Binder Accessories,Ontario,Ontario,Corporate,27,304.98,2.73,0.08
2011-02-14,2011-02-01,Office Supplies,Pens & Art Supplies,Ontario,Ontario,Corporate,34,104.24,10.59,0.0
2011-02-14,2011-02-01,Office Supplies,Storage & Organization,Ontario,Ontario,Corporate,27,198.13,-219.92,0.01
2011-02-14,2011-02-01,Technology,Telephones and Communication,Ontario,Ontario,Corporate,25,4366.348,940.57,0.05
2010-04-06,2010-04-01,Office Supplies,Storage & Organization,Ontario,Ontario,Corporate,33,476.06,-120.48,0.04
2011-12-21,2011-12-01,Office Supplies,Storage & Organization,Ontario,Ontario,Corporate,29,1756.11,-888.07,0.1
2009-10-09,2009-10-01,Office Supplies,Binders and Binder Accessories,Ontario,Ontario,Consumer,10,1136.47,323.32,0.1
2009-10-09,2009-10-01,Technology,Computer Peripherals,Ontario,Ontario,Consumer,2,325.81,-522.78,0.02
2011-07-30,2011-07-01,Office Supplies,Paper,Ontario,Ontario,Small Business,39,307.42,104.09,0.05
2011-07-30,2011-07-01,Office Supplies,Pens & Art Supplies,Ontario,Ontario,Small Business,48,608.29,-39.27,0.02
2011-02-16,2011-02-01,Technology,Computer Peripherals,Ontario,Ontario,Consumer,45,1009.8,352.64,0.07
2011-02-16,2011-02-01,Office Supplies,"Scissors, Rulers and Trimmers",Ontario,Ontario,Consumer,12,29.71,-23.17,0.09
2012-09-05,2012-09-01,Technology,Telephones and Communication,Ontario,Ontario,Corporate,30,4587.926,687.41,0.1
2012-09-05,2012-09-01,Technology,Telephones and Communication,Ontario,Ontario,Corporate,42,4541.924,1222.14,0.01
2012-08-10,2012-08-01,Office Supplies,Storage & Organization,Ontario,Ontario,Small Business,26,6163.52,755.95,0.02
2012-11-09,2012-11-01,Technology,Telephones and Communication,Ontario,Ontario,Home Office,7,1278.6465,-396.17,0.01
2009-11-21,2009-11-01,Office Supplies,Appliances,Ontario,Ontario,Home Office,5,66.63,-16.92,0.0
2010-01-22,2010-01-01,Office Supplies,Binders and Binder Accessories,Ontario,Ontario,Consumer,12,345.19,111.59,0.1
2010-07-30,2010-07-01,Office Supplies,Paper,Ontario,Ontario,Home Office,2,13.44,-8.88,0.08
2010-07-30,2010-07-01,Office Supplies,Storage & Organization,Ontario,Ontario,Home Office,24,1049.49,-5.41,0.05
2010-02-03,2010-02-01,Technology,Computer Peripherals,Ontario,Ontario,Small Business,41,2354.4,246.54,0.0
2010-02-03,2010-02-01,Technology,Telephones and Communication,Ontario,Ontario,Small Business,2,35.6405,-110.4,0.05
2011-06-11,2011-06-01,Office Supplies,Binders and Binder Accessories,Ontario,Ontario,Consumer,22,127.56,-60.72,0.03
2012-03-26,2012-03-01,Office Supplies,"Scissors, Rulers and Trimmers",Ontario,Ontario,Home Office,7,81.58,-7.78,0.04
2012-11-18,2012-11-01,Office Supplies,Appliances,Ontario,Ontario,Small Business,45,13921.6,5183.04,0.02
2012-11-18,2012-11-01,Office Supplies,Appliances,Ontario,Ontario,Small Business,40,467.5,-33.34,0.08
2010-04-09,2010-04-01,Office Supplies,Binders and Binder Accessories,Ontario,Ontario,Consumer,8,38.56,4.08,0.03
2010-09-30,2010-09-01,Office Supplies,Paper,Ontario,Ontario,Consumer,3,22.06,-15.6,0.05
2011-01-27,2011-01-01,Technology,Computer Peripherals,Ontario,Ontario,Small Business,48,1760.35,-17.08,0.01
2011-01-27,2011-01-01,Office Supplies,Paper,Ontario,Ontario,Small Business,37,1436.94,639.66,0.0
2011-01-27,2011-01-01,Office Supplies,Paper,Ontario,Ontario,Small Business,18,125.8,-35.98,0.03
2011-01-27,2011-01-01,Technology,Telephones and Communication,Ontario,Ontario,Small Business,35,5797.68,1366.57,0.04
2011-12-18,2011-12-01,Office Supplies,Paper,Ontario,Ontario,Home Office,20,941.13,344.95,0.1
2011-01-25,2011-01-01,Office Supplies,Envelopes,Ontario,Ontario,Consumer,18,693.06,148.3,0.06
2011-01-25,2011-01-01,Technology,Office Machines,Ontario,Ontario,Consumer,41,4475.03,-167.83,0.08
2010-09-17,2010-09-01,Office Supplies,Binders and Binder Accessories,Ontario,Ontario,Small Business,35,299.68,-29.36,0.06
2012-12-30,2012-12-01,Office Supplies,Paper,Ontario,Ontario,Home Office,37,257.46,-18.66,0.09
2012-07-09,2012-07-01,Office Supplies,Paper,Ontario,Ontario,Small Business,27,311.21,-14.03,0.09
2011-04-22,2011-04-01,Technology,Telephones and Communication,Ontario,Ontario,Corporate,18,340.6885,-10.85,0.0
2012-04-17,2012-04-01,Office Supplies,Binders and Binder Accessories,Ontario,Ontario,Corporate,37,709.91,-93.43,0.09
2011-06-16,2011-06-01,Office Supplies,Envelopes,Ontario,Ontario,Home Office,44,365.24,-163.13,0.09
2011-07-04,2011-07-01,Office Supplies,Binders and Binder Accessories,Ontario,Ontario,Corporate,18,99.36,-51.2,0.0
2011-07-04,2011-07-01,Furniture,Office Furnishings,Ontario,Ontario,Corporate,49,510.15,-362.11,0.04
2011-07-04,2011-07-01,Furniture,Office Furnishings,Ontario,Ontario,Corporate,27,735.09,153.5,0.1
2009-07-30,2009-07-01,Technology,Telephones and Communication,Ontario,Ontario,Home Office,7,211.7435,-33.31,0.04
2011-04-12,2011-04-01,Office Supplies,Binders and Binder Accessories,Ontario,Ontario,Home Office,40,167.46,-134.3,0.09
2012-03-20,2012-03-01,Office Supplies,Binders and Binder Accessories,Ontario,Ontario,Corporate,33,141.7,-103.21,0.02
2012-12-19,2012-12-01,Technology,Telephones and Communication,Ontario,Ontario,Corporate,31,1772.2245,390.86,0.02
2009-03-15,2009-03-01,Furniture,Office Furnishings,Ontario,Ontario,Small Business,13,396.04,230.02,0.08
2010-11-22,2010-11-01,Technology,Copiers and Fax,Ontario,Ontario,Consumer,25,14240.76,3128.69,0.06
2010-11-22,2010-11-01,Office Supplies,Paper,Ontario,Ontario,Consumer,38,167.41,-161.57,0.05
2010-03-15,2010-03-01,Technology,Office Machines,Ontario,Ontario,Small Business,11,1612.93,321.25,0.0
2010-03-02,2010-03-01,Office Supplies,Paper,Ontario,Ontario,Small Business,20,393.31,84.3,0.04
2011-09-15,2011-09-01,Technology,Computer Peripherals,Ontario,Ontario,Corporate,20,845.7,221.6,0.02
2011-09-15,2011-09-01,Furniture,Office Furnishings,Ontario,Ontario,Corporate,25,467.0,69.97,0.04
2011-09-15,2011-09-01,Furniture,Tables,Ontario,Ontario,Corporate,36,64.43,-18.64,0.07
2010-11-24,2010-11-01,Office Supplies,Paper,Ontario,Ontario,Home Office,7,37.8,-18.31,0.06
2010-11-24,2010-11-01,Office Supplies,Pens & Art Supplies,Ontario,Ontario,Home Office,30,183.28,33.88,0.04
2010-09-14,2010-09-01,Furniture,Chairs & Chairmats,Ontario,Ontario,Corporate,16,2826.9,337.29,0.07
2010-09-14,2010-09-01,Furniture,Chairs & Chairmats,Ontario,Ontario,Corporate,37,7834.77,297.79,0.04
2010-09-14,2010-09-01,Technology,Computer Peripherals,Ontario,Ontario,Corporate,18,127.56,-57.11,0.01
2011-08-07,2011-08-01,Office Supplies,Appliances,Ontario,Ontario,Small Business,48,385.99,-40.72,0.09
2011-04-02,2011-04-01,Office Supplies,Appliances,Ontario,Ontario,Corporate,14,97.93,-616.81,0.07
2011-04-02,2011-04-01,Office Supplies,Binders and Binder Accessories,Ontario,Ontario,Corporate,4,25.52,-1.99,0.07
2011-04-02,2011-04-01,Office Supplies,"Scissors, Rulers and Trimmers",Ontario,Ontario,Corporate,46,487.5,-25.88,0.05
2009-08-24,2009-08-01,Office Supplies,Appliances,Ontario,Ontario,Consumer,35,146.15,-180.26,0.02
2009-08-24,2009-08-01,Office Supplies,Envelopes,Ontario,Ontario,Consumer,14,877.47,151.24,0.07
2010-07-21,2010-07-01,Furniture,Office Furnishings,Ontario,Ontario,Consumer,24,269.57,33.47,0.0
2010-07-21,2010-07-01,Office Supplies,Pens & Art Supplies,Ontario,Ontario,Consumer,18,98.94,-12.59,0.1
2009-04-10,2009-04-01,Office Supplies,Pens & Art Supplies,Ontario,Ontario,Home Office,29,203.4,24.59,0.04
2009-09-17,2009-09-01,Technology,Office Machines,Ontario,Ontario,Corporate,35,4186.53,1929.58,0.04
2009-09-17,2009-09-01,Technology,Telephones and Communication,Ontario,Ontario,Corporate,36,6057.27,1585.5,0.0
2012-04-06,2012-04-01,Office Supplies,Appliances,Ontario,Ontario,Corporate,29,67.87,-112.54,0.07
2012-04-06,2012-04-01,Office Supplies,Envelopes,Ontario,Ontario,Corporate,33,542.24,268.53,0.02
2012-04-06,2012-04-01,Technology,Office Machines,Ontario,Ontario,Corporate,38,15174.95,7251.92,0.02
2012-04-06,2012-04-01,Technology,Office Machines,Ontario,Ontario,Corporate,45,1084.12,294.43,0.04
2010-02-22,2010-02-01,Furniture,Office Furnishings,Ontario,Ontario,Home Office,49,235.12,-29.62,0.09
2010-02-22,2010-02-01,Furniture,Bookcases,Ontario,Ontario,Home Office,2,1814.82,-1128.66,0.0
2012-09-19,2012-09-01,Office Supplies,Appliances,Ontario,Ontario,Home Office,30,318.56,-30.97,0.08
2010-03-22,2010-03-01,Office Supplies,Pens & Art Supplies,Ontario,Ontario,Consumer,43,1511.7,221.63,0.02
2010-10-20,2010-10-01,Furniture,Bookcases,Ontario,Ontario,Home Office,43,7286.65,474.89,0.03
2010-03-21,2010-03-01,Office Supplies,Binders and Binder Accessories,Ontario,Ontario,Corporate,15,30.38,-59.18,0.08
2012-07-07,2012-07-01,Office Supplies,Binders and Binder Accessories,Ontario,Ontario,Corporate,30,121.19,-152.13,0.09
2011-04-09,2011-04-01,Office Supplies,Pens & Art Supplies,Ontario,Ontario,Small Business,21,48.01,-6.85,0.1
2011-02-07,2011-02-01,Technology,Telephones and Communication,Ontario,Ontario,Corporate,42,3900.531,1144.63,0.08
2011-02-07,2011-02-01,Office Supplies,"Scissors, Rulers and Trimmers",Ontario,Ontario,Corporate,35,248.42,-58.81,0.02
2010-10-18,2010-10-01,Office Supplies,Labels,Ontario,Ontario,Consumer,31,109.78,43.77,0.06
2010-08-04,2010-08-01,Office Supplies,Binders and Binder Accessories,Ontario,Ontario,Consumer,20,191.43,39.5,0.06
2010-08-04,2010-08-01,Office Supplies,Storage & Organization,Ontario,Ontario,Consumer,34,1234.85,212.2,0.03
2012-03-08,2012-03-01,Technology,Computer Peripherals,Ontario,Ontario,Home Office,17,105.85,-44.86,0.1
2012-03-08,2012-03-01,Office Supplies,Envelopes,Ontario,Ontario,Home Office,19,179.33,-58.76,0.0
2012-11-11,2012-11-01,Technology,Computer Peripherals,Ontario,Ontario,Corporate,17,378.08,70.48,0.0
2012-11-11,2012-11-01,Technology,Computer Peripherals,Ontario,Ontario,Corporate,24,731.71,175.82,0.0
2009-06-29,2009-06-01,Furniture,Office Furnishings,Ontario,Ontario,Consumer,34,285.06,-211.54,0.08
2009-02-16,2009-02-01,Office Supplies,Binders and Binder Accessories,Ontario,Ontario,Home Office,37,311.66,-63.81,0.04
2009-02-16,2009-02-01,Technology,Copiers and Fax,Ontario,Ontario,Home Office,15,9862.51,325.29,0.07
2010-12-27,2010-12-01,Office Supplies,Rubber Bands,Ontario,Ontario,Small Business,34,126.62,44.8,0.03
2010-11-25,2010-11-01,Technology,Computer Peripherals,Ontario,Ontario,Home Office,37,1575.14,160.68,0.0
2010-11-25,2010-11-01,Technology,Office Machines,Ontario,Ontario,Home Office,16,187.78,-21.82,0.08
2009-11-25,2009-11-01,Office Supplies,Envelopes,Ontario,Ontario,Home Office,7,86.29,-14.03,0.05
2012-08-19,2012-08-01,Furniture,Office Furnishings,Ontario,Ontario,Consumer,46,1753.75,215.11,0.07
2009-03-24,2009-03-01,Office Supplies,Binders and Binder Accessories,Ontario,Ontario,Home Office,42,580.56,163.63,0.1
2012-03-29,2012-03-01,Technology,Computer Peripherals,Ontario,Ontario,Corporate,50,1507.16,724.14,0.02
2011-12-16,2011-12-01,Office Supplies,Binders and Binder Accessories,Ontario,Ontario,Corporate,49,371.95,-10.33,0.08
2011-12-16,2011-12-01,Office Supplies,Envelopes,Ontario,Ontario,Corporate,22,96.07,-4.36,0.06
2010-08-27,2010-08-01,Technology,Telephones and Communication,Ontario,Ontario,Home Office,39,3460.5625,573.06,0.1
2011-12-10,2011-12-01,Furniture,Chairs & Chairmats,Ontario,Ontario,Consumer,32,7341.96,764.95,0.0
2012-10-19,2012-10-01,Office Supplies,Labels,Ontario,Ontario,Small Business,28,269.28,113.63,0.08
2011-10-28,2011-10-01,Office Supplies,Storage & Organization,Ontario,Ontario,Corporate,19,2536.18,350.62,0.1
2011-10-28,2011-10-01,Office Supplies,Binders and Binder Accessories,Ontario,Ontario,Corporate,20,38.56,-10.25,0.07
2011-10-28,2011-10-01,Office Supplies,Pens & Art Supplies,Ontario,Ontario,Corporate,35,764.32,-34.59,0.02
2012-02-13,2012-02-01,Office Supplies,Pens & Art Supplies,Ontario,Ontario,Small Business,15,136.49,36.23,0.1
2010-09-29,2010-09-01,Technology,Computer Peripherals,Ontario,Ontario,Consumer,25,205.3,-89.56,0.0
2010-09-29,2010-09-01,Technology,Computer Peripherals,Ontario,Ontario,Consumer,4,125.7,-62.77,0.04
2010-11-18,2010-11-01,Furniture,Bookcases,Ontario,Ontario,Small Business,33,2701.69,-926.33,0.05
2009-11-09,2009-11-01,Office Supplies,Paper,Ontario,Ontario,Corporate,4,30.47,-10.7,0.02
2009-10-23,2009-10-01,Furniture,Chairs & Chairmats,Ontario,Ontario,Corporate,12,2230.97,273.27,0.06
2009-10-23,2009-10-01,Furniture,Office Furnishings,Ontario,Ontario,Corporate,25,200.77,-60.61,0.01
2010-08-14,2010-08-01,Furniture,Bookcases,Ontario,Ontario,Consumer,13,71.57,-30.69,0.02
2010-08-14,2010-08-01,Furniture,Tables,Ontario,Ontario,Consumer,32,2062.75,559.59,0.01
2011-10-18,2011-10-01,Office Supplies,Binders and Binder Accessories,Ontario,Ontario,Corporate,14,12805.25,5065.51,0.01
2011-10-18,2011-10-01,Technology,Computer Peripherals,Ontario,Ontario,Corporate,49,1435.32,485.95,0.02
2012-09-24,2012-09-01,Furniture,Bookcases,Ontario,Ontario,Consumer,34,4581.54,-614.37,0.05
2011-03-04,2011-03-01,Furniture,Chairs & Chairmats,Ontario,Ontario,Corporate,50,11266.4,1902.99,0.08
2011-03-04,2011-03-01,Technology,Computer Peripherals,Ontario,Ontario,Corporate,15,71.61,-70.31,0.1
2011-03-04,2011-03-01,Office Supplies,Paper,Ontario,Ontario,Corporate,2,10.43,-4.72,0.07
2010-05-25,2010-05-01,Office Supplies,Paper,Ontario,Ontario,Corporate,30,129.71,-100.61,0.08
2010-08-13,2010-08-01,Office Supplies,Paper,Ontario,Ontario,Corporate,45,161.67,-7.71,0.08
2010-09-10,2010-09-01,Office Supplies,Pens & Art Supplies,Ontario,Ontario,Consumer,6,36.65,0.43,0.03
2010-09-10,2010-09-01,Office Supplies,Pens & Art Supplies,Ontario,Ontario,Consumer,44,964.09,105.37,0.02
2009-04-05,2009-04-01,Office Supplies,Binders and Binder Accessories,Ontario,Ontario,Home Office,26,564.98,-107.51,0.1
2009-04-05,2009-04-01,Furniture,Office Furnishings,Ontario,Ontario,Home Office,18,129.48,46.01,0.04
2012-01-28,2012-01-01,Technology,Telephones and Communication,Ontario,Ontario,Corporate,41,2380.5695,740.48,0.01
2009-02-23,2009-02-01,Furniture,Office Furnishings,Ontario,Ontario,Corporate,17,240.87,-36.77,0.01
2009-02-23,2009-02-01,Office Supplies,Storage & Organization,Ontario,Ontario,Corporate,30,1025.02,87.03,0.04
2011-08-30,2011-08-01,Technology,Telephones and Communication,Ontario,Ontario,Corporate,28,1491.8265,124.83,0.1
2010-12-19,2010-12-01,Office Supplies,Paper,Ontario,Ontario,Home Office,26,141.4,34.48,0.08
2010-12-19,2010-12-01,Technology,Telephones and Communication,Ontario,Ontario,Home Office,6,303.909,-254.36,0.01
2010-03-24,2010-03-01,Office Supplies,Storage & Organization,Ontario,Ontario,Consumer,32,6245.76,1462.42,0.1
2012-05-25,2012-05-01,Office Supplies,Appliances,Ontario,Ontario,Small Business,45,3638.27,1123.79,0.04
2012-05-25,2012-05-01,Office Supplies,Storage & Organization,Ontario,Ontario,Small Business,37,1326.69,185.37,0.0
2009-12-12,2009-12-01,Technology,Copiers and Fax,Ontario,Ontario,Corporate,28,14475.74,4963.89,0.06
2009-12-12,2009-12-01,Technology,Telephones and Communication,Ontario,Ontario,Corporate,3,306.6205,-479.08,0.08
2010-11-30,2010-11-01,Office Supplies,Binders and Binder Accessories,Ontario,Ontario,Home Office,24,527.25,74.01,0.01
2011-05-04,2011-05-01,Furniture,Office Furnishings,Ontario,Ontario,Home Office,21,210.86,5.5,0.04
2010-02-15,2010-02-01,Furniture,Office Furnishings,Ontario,Ontario,Corporate,8,631.73,122.43,0.03
2011-04-20,2011-04-01,Technology,Computer Peripherals,Ontario,Ontario,Corporate,23,490.17,-57.09,0.04
2011-04-20,2011-04-01,Office Supplies,Labels,Ontario,Ontario,Corporate,42,206.2,101.14,0.01
2010-07-14,2010-07-01,Technology,Computer Peripherals,Ontario,Ontario,Corporate,48,414.42,-380.2,0.04
2012-02-15,2012-02-01,Technology,Computer Peripherals,Ontario,Ontario,Consumer,13,542.6,118.4,0.03
2009-09-14,2009-09-01,Office Supplies,Paper,Ontario,Ontario,Consumer,26,125.01,-56.35,0.08
2009-09-12,2009-09-01,Office Supplies,Binders and Binder Accessories,Ontario,Ontario,Small Business,33,60.92,-17.2,0.07
2009-09-12,2009-09-01,Furniture,Office Furnishings,Ontario,Ontario,Small Business,8,387.17,190.6,0.01
2012-05-08,2012-05-01,Furniture,Tables,Ontario,Ontario,Small Business,19,4201.47,199.25,0.04
2012-05-08,2012-05-01,Office Supplies,Pens & Art Supplies,Ontario,Ontario,Small Business,17,55.66,-21.4,0.08
2009-05-05,2009-05-01,Office Supplies,Appliances,Ontario,Ontario,Corporate,47,5567.79,1726.66,0.04
2009-05-05,2009-05-01,Technology,Telephones and Communication,Ontario,Ontario,Corporate,10,503.2935,-222.82,0.02
2009-05-05,2009-05-01,Furniture,Office Furnishings,Ontario,Ontario,Corporate,32,796.03,-133.71,0.05
2011-04-17,2011-04-01,Office Supplies,Binders and Binder Accessories,Ontario,Ontario,Home Office,47,1980.37,904.83,0.03
2011-04-17,2011-04-01,Office Supplies,Appliances,Ontario,Ontario,Home Office,13,642.66,-82.35,0.05
2009-05-21,2009-05-01,Office Supplies,Binders and Binder Accessories,Ontario,Ontario,Home Office,44,92.86,-11.28,0.04
2010-06-25,2010-06-01,Office Supplies,Appliances,Ontario,Ontario,Home Office,38,9013.58,2574.36,0.04
2010-06-25,2010-06-01,Office Supplies,Paper,Ontario,Ontario,Home Office,26,175.42,-93.73,0.0
2012-10-26,2012-10-01,Technology,Telephones and Communication,Ontario,Ontario,Home Office,16,464.695,107.51,0.06
2010-07-17,2010-07-01,Office Supplies,"Scissors, Rulers and Trimmers",Ontario,Ontario,Corporate,29,184.77,-71.96,0.0
2012-05-14,2012-05-01,Technology,Computer Peripherals,Ontario,Ontario,Small Business,32,931.08,269.6,0.1
2009-06-13,2009-06-01,Technology,Computer Peripherals,Ontario,Ontario,Corporate,29,877.97,-144.2,0.03
2012-09-04,2012-09-01,Office Supplies,Envelopes,Ontario,Ontario,Corporate,38,1112.54,352.96,0.01
2010-06-27,2010-06-01,Furniture,Office Furnishings,Ontario,Ontario,Consumer,14,125.31,26.24,0.0
2010-06-27,2010-06-01,Technology,Office Machines,Ontario,Ontario,Consumer,45,11277.05,3497.45,0.01
2010-06-27,2010-06-01,Office Supplies,Pens & Art Supplies,Ontario,Ontario,Consumer,43,110.64,-62.6,0.06
2009-04-09,2009-04-01,Technology,Telephones and Communication,Ontario,Ontario,Consumer,43,4075.376,841.73,0.05
2011-02-24,2011-02-01,Office Supplies,Appliances,Ontario,Ontario,Home Office,46,1736.53,457.03,0.1
2011-02-18,2011-02-01,Office Supplies,Labels,Ontario,Ontario,Small Business,28,2905.3,1704.0,0.0
2009-08-17,2009-08-01,Office Supplies,Paper,Ontario,Ontario,Corporate,47,1982.16,267.1,0.03
2012-07-07,2012-07-01,Furniture,Chairs & Chairmats,Ontario,Ontario,Consumer,35,870.75,100.5,0.09
2012-07-07,2012-07-01,Furniture,Office Furnishings,Ontario,Ontario,Consumer,13,43.37,9.53,0.02
2010-02-21,2010-02-01,Furniture,Office Furnishings,Ontario,Ontario,Home Office,29,61.22,-76.88,0.06
2010-09-30,2010-09-01,Office Supplies,Pens & Art Supplies,Ontario,Ontario,Small Business,9,52.93,5.34,0.0
2010-09-30,2010-09-01,Office Supplies,Paper,Ontario,Ontario,Small Business,25,145.13,-42.45,0.03
2009-09-12,2009-09-01,Office Supplies,Storage & Organization,Ontario,Ontario,Home Office,4,345.57,-218.77,0.06
2009-07-04,2009-07-01,Office Supplies,Binders and Binder Accessories,Ontario,Ontario,Consumer,39,916.05,-21.9,0.08
2012-01-31,2012-01-01,Technology,Computer Peripherals,Ontario,Ontario,Consumer,21,787.63,140.22,0.05
2011-10-09,2011-10-01,Office Supplies,Appliances,Ontario,Ontario,Consumer,21,1223.11,161.72,0.0
2012-02-02,2012-02-01,Office Supplies,Rubber Bands,Ontario,Ontario,Home Office,36,66.41,0.37,0.04
2009-02-10,2009-02-01,Office Supplies,Binders and Binder Accessories,Ontario,Ontario,Corporate,22,138.24,-48.22,0.06
2011-05-22,2011-05-01,Furniture,Office Furnishings,Ontario,Ontario,Corporate,22,846.59,-1.95,0.08
2009-09-24,2009-09-01,Office Supplies,Binders and Binder Accessories,Ontario,Ontario,Home Office,45,338.85,-170.18,0.04
2009-09-24,2009-09-01,Office Supplies,Rubber Bands,Ontario,Ontario,Home Office,11,43.25,-9.68,0.06
2011-01-10,2011-01-01,Office Supplies,Binders and Binder Accessories,Ontario,Ontario,Small Business,36,188.34,-110.16,0.04
2011-01-10,2011-01-01,Office Supplies,Envelopes,Ontario,Ontario,Small Business,3,32.49,-5.05,0.08
2011-01-10,2011-01-01,Technology,Telephones and Communication,Ontario,Ontario,Small Business,26,1493.858,183.24,0.02
2010-07-22,2010-07-01,Office Supplies,Pens & Art Supplies,Ontario,Ontario,Home Office,18,50.15,-2.39,0.09
2012-04-26,2012-04-01,Technology,Computer Peripherals,Ontario,Ontario,Corporate,40,3060.37,234.03,0.07
2012-04-26,2012-04-01,Office Supplies,Pens & Art Supplies,Ontario,Ontario,Corporate,5,25.31,-0.5,0.05
2010-12-21,2010-12-01,Office Supplies,Paper,Ontario,Ontario,Corporate,15,102.32,-32.7,0.08
2011-10-03,2011-10-01,Office Supplies,Paper,Ontario,Ontario,Consumer,48,945.54,254.58,0.03
2010-02-16,2010-02-01,Office Supplies,Binders and Binder Accessories,Ontario,Ontario,Corporate,27,141.56,-2.85,0.1
2012-10-06,2012-10-01,Office Supplies,Paper,Ontario,Ontario,Consumer,50,387.79,-56.51,0.01
2009-04-10,2009-04-01,Office Supplies,Paper,Ontario,Ontario,Corporate,16,843.15,355.0,0.0
2009-04-10,2009-04-01,Office Supplies,Binders and Binder Accessories,Ontario,Ontario,Corporate,24,3978.02,1336.96,0.08
2010-03-09,2010-03-01,Office Supplies,Paper,Ontario,Ontario,Small Business,3,23.38,-12.19,0.08
2010-03-09,2010-03-01,Office Supplies,"Scissors, Rulers and Trimmers",Ontario,Ontario,Small Business,16,139.37,1.72,0.04
2010-03-09,2010-03-01,Office Supplies,Storage & Organization,Ontario,Ontario,Small Business,18,1221.62,-468.64,0.01
2009-07-30,2009-07-01,Office Supplies,Pens & Art Supplies,Ontario,Ontario,Corporate,35,59.66,-33.34,0.05
2009-07-30,2009-07-01,Furniture,Tables,Ontario,Ontario,Corporate,2,377.016,-201.28,0.1
2009-07-30,2009-07-01,Office Supplies,Paper,Ontario,Ontario,Corporate,8,124.7,31.94,0.0
2011-12-07,2011-12-01,Office Supplies,Appliances,Ontario,Ontario,Corporate,24,382.19,11.39,0.03
2011-12-07,2011-12-01,Furniture,Chairs & Chairmats,Ontario,Ontario,Corporate,17,2573.92,117.23,0.07
2011-12-07,2011-12-01,Technology,Office Machines,Ontario,Ontario,Corporate,40,727.64,27.64,0.01
2011-12-07,2011-12-01,Technology,Telephones and Communication,Ontario,Ontario,Corporate,16,2795.004,311.09,0.02
2011-12-07,2011-12-01,Technology,Telephones and Communication,Ontario,Ontario,Corporate,25,2564.5775,331.29,0.07
2009-01-20,2009-01-01,Furniture,Bookcases,Ontario,Ontario,Small Business,27,3970.33,-229.79,0.02
2010-05-14,2010-05-01,Office Supplies,Pens & Art Supplies,Ontario,Ontario,Home Office,39,185.69,50.16,0.02
2012-04-09,2012-04-01,Office Supplies,Binders and Binder Accessories,Ontario,Ontario,Home Office,27,129.06,-75.13,0.1
2012-04-09,2012-04-01,Technology,Computer Peripherals,Ontario,Ontario,Home Office,43,1236.64,518.81,0.01
2010-12-03,2010-12-01,Furniture,Office Furnishings,Ontario,Ontario,Home Office,32,3234.1,2033.5,0.03
2011-03-13,2011-03-01,Technology,Telephones and Communication,Ontario,Ontario,Corporate,6,428.723,-147.72,0.06
2010-06-14,2010-06-01,Office Supplies,Appliances,Ontario,Ontario,Corporate,18,55.35,-56.63,0.0
2010-06-14,2010-06-01,Technology,Computer Peripherals,Ontario,Ontario,Corporate,27,700.35,-123.01,0.06
2010-05-09,2010-05-01,Office Supplies,Binders and Binder Accessories,Ontario,Ontario,Home Office,19,36.37,-10.26,0.07
2010-06-17,2010-06-01,Office Supplies,Appliances,Ontario,Ontario,Corporate,25,187.55,-171.41,0.1
2010-02-09,2010-02-01,Office Supplies,Paper,Ontario,Ontario,Home Office,4,47.03,-12.03,0.08
2011-05-03,2011-05-01,Office Supplies,Paper,Ontario,Ontario,Consumer,16,112.91,-72.81,0.04
2011-05-03,2011-05-01,Office Supplies,"Scissors, Rulers and Trimmers",Ontario,Ontario,Consumer,22,180.92,-82.54,0.1
2011-05-03,2011-05-01,Technology,Computer Peripherals,Ontario,Ontario,Consumer,17,31.68,-23.69,0.04
2012-12-24,2012-12-01,Technology,Office Machines,Ontario,Ontario,Corporate,32,1673.53,524.73,0.0
2012-12-24,2012-12-01,Furniture,Tables,Ontario,Ontario,Corporate,32,7110.24,-536.17,0.06
2012-05-28,2012-05-01,Furniture,Bookcases,Ontario,Ontario,Home Office,6,975.5,-252.01,0.09
2012-05-28,2012-05-01,Technology,Telephones and Communication,Ontario,Ontario,Home Office,32,4834.8,1193.11,0.0
2010-11-19,2010-11-01,Furniture,Chairs & Chairmats,Ontario,Ontario,Small Business,13,2084.96,135.26,0.0
2009-02-11,2009-02-01,Office Supplies,Appliances,Ontario,Ontario,Consumer,17,1002.73,-563.86,0.08
2012-11-13,2012-11-01,Office Supplies,Appliances,Ontario,Ontario,Home Office,43,1704.58,518.48,0.02
2009-12-06,2009-12-01,Furniture,Chairs & Chairmats,Ontario,Ontario,Consumer,44,6123.48,1232.79,0.08
2011-02-14,2011-02-01,Furniture,Bookcases,Ontario,Ontario,Consumer,1,131.27,-68.16,0.1
2011-02-14,2011-02-01,Office Supplies,Labels,Ontario,Ontario,Consumer,50,196.39,82.6,0.07
2011-02-06,2011-02-01,Office Supplies,Paper,Ontario,Ontario,Consumer,32,643.53,175.97,0.05
2011-02-06,2011-02-01,Office Supplies,Storage & Organization,Ontario,Ontario,Consumer,27,1217.77,283.14,0.01
2010-04-01,2010-04-01,Office Supplies,Binders and Binder Accessories,Ontario,Ontario,Consumer,34,800.39,270.29,0.06
2012-02-21,2012-02-01,Furniture,Office Furnishings,Ontario,Ontario,Home Office,7,271.27,71.31,0.05
2009-12-06,2009-12-01,Furniture,Office Furnishings,Ontario,Ontario,Home Office,43,2980.15,-865.98,0.05
2009-12-06,2009-12-01,Office Supplies,Paper,Ontario,Ontario,Home Office,23,476.04,57.25,0.01
2012-06-27,2012-06-01,Furniture,Chairs & Chairmats,Ontario,Ontario,Home Office,8,825.96,-276.95,0.01
2009-05-22,2009-05-01,Technology,Computer Peripherals,Ontario,Ontario,Home Office,22,5648.69,1489.8,0.03
2010-03-05,2010-03-01,Furniture,Office Furnishings,Ontario,Ontario,Corporate,32,53.34,-4.68,0.04
2009-06-18,2009-06-01,Technology,Computer Peripherals,Ontario,Ontario,Small Business,31,4483.92,174.61,0.07
2012-05-07,2012-05-01,Office Supplies,Binders and Binder Accessories,Ontario,Ontario,Consumer,10,50.42,7.25,0.06
2012-05-07,2012-05-01,Technology,Telephones and Communication,Ontario,Ontario,Consumer,19,2980.372,494.63,0.02
2012-04-01,2012-04-01,Office Supplies,Pens & Art Supplies,Ontario,Ontario,Home Office,35,154.0,-7.08,0.08
2011-07-17,2011-07-01,Office Supplies,Storage & Organization,Ontario,Ontario,Consumer,6,460.71,-231.95,0.02
2011-03-10,2011-03-01,Furniture,Tables,Ontario,Ontario,Corporate,29,2946.05,-690.21,0.06
2012-01-26,2012-01-01,Technology,Computer Peripherals,Ontario,Ontario,Consumer,30,183.33,-106.54,0.05
2012-01-26,2012-01-01,Furniture,Office Furnishings,Ontario,Ontario,Consumer,12,88.06,-69.05,0.04
2010-11-27,2010-11-01,Technology,Telephones and Communication,Ontario,Ontario,Corporate,35,3337.5165,850.54,0.07
2010-11-27,2010-11-01,Technology,Telephones and Communication,Ontario,Ontario,Corporate,35,1018.402,296.87,0.09
2010-11-27,2010-11-01,Technology,Telephones and Communication,Ontario,Ontario,Corporate,47,2679.1235,47.28,0.01
2009-03-28,2009-03-01,Technology,Office Machines,Ontario,Ontario,Consumer,16,2365.43,619.71,0.04
2012-12-03,2012-12-01,Office Supplies,Labels,Ontario,Ontario,Corporate,4,16.91,0.21,0.08
2012-12-03,2012-12-01,Furniture,Office Furnishings,Ontario,Ontario,Corporate,8,464.66,219.02,0.04
2010-02-01,2010-02-01,Office Supplies,Appliances,Ontario,Ontario,Home Office,4,37.73,-13.72,0.06
2010-02-01,2010-02-01,Technology,Computer Peripherals,Ontario,Ontario,Home Office,5,519.69,-122.09,0.02
2009-11-25,2009-11-01,Office Supplies,Paper,Ontario,Ontario,Home Office,4,29.24,-1.73,0.01
2012-09-03,2012-09-01,Technology,Computer Peripherals,Ontario,Ontario,Consumer,31,846.85,-25.98,0.03
2009-03-29,2009-03-01,Office Supplies,Paper,Ontario,Ontario,Corporate,29,177.41,-116.05,0.05
2009-03-19,2009-03-01,Office Supplies,Pens & Art Supplies,Ontario,Ontario,Home Office,28,96.71,-72.44,0.01
2010-03-17,2010-03-01,Furniture,Office Furnishings,Ontario,Ontario,Consumer,29,730.51,217.57,0.08
2009-01-04,2009-01-01,Furniture,Chairs & Chairmats,Ontario,Ontario,Home Office,3,1039.56,-394.69,0.06
2011-05-25,2011-05-01,Office Supplies,Binders and Binder Accessories,Ontario,Ontario,Home Office,48,204.15,-155.53,0.07
2011-05-25,2011-05-01,Furniture,Office Furnishings,Ontario,Ontario,Home Office,13,33.11,-35.96,0.08
2011-05-20,2011-05-01,Office Supplies,Binders and Binder Accessories,Ontario,Ontario,Small Business,34,2010.89,564.07,0.09
2011-09-07,2011-09-01,Office Supplies,Appliances,Ontario,Ontario,Corporate,48,389.28,-37.43,0.1
2009-07-21,2009-07-01,Technology,Computer Peripherals,Ontario,Ontario,Home Office,12,1244.72,269.94,0.04
2011-12-17,2011-12-01,Office Supplies,Binders and Binder Accessories,Ontario,Ontario,Corporate,27,137.5,-64.24,0.07
2011-12-17,2011-12-01,Technology,Office Machines,Ontario,Ontario,Corporate,12,5744.24,1118.17,0.09
2011-12-17,2011-12-01,Office Supplies,"Scissors, Rulers and Trimmers",Ontario,Ontario,Corporate,42,452.15,25.79,0.06
2012-11-08,2012-11-01,Office Supplies,Paper,Ontario,Ontario,Home Office,28,112.05,26.21,0.04
2010-06-09,2010-06-01,Office Supplies,Labels,Ontario,Ontario,Corporate,26,78.22,32.5,0.03
2010-06-09,2010-06-01,Office Supplies,Paper,Ontario,Ontario,Corporate,10,51.65,-32.13,0.1
2012-03-04,2012-03-01,Office Supplies,Pens & Art Supplies,Ontario,Ontario,Consumer,34,823.98,129.81,0.09
2012-12-21,2012-12-01,Office Supplies,Storage & Organization,Ontario,Ontario,Corporate,13,1390.17,-469.84,0.07
2009-02-27,2009-02-01,Office Supplies,Appliances,Ontario,Ontario,Corporate,39,11613.13,2816.21,0.05
2010-03-10,2010-03-01,Furniture,Chairs & Chairmats,Ontario,Ontario,Corporate,19,812.06,220.07,0.0
2010-09-12,2010-09-01,Office Supplies,Pens & Art Supplies,Ontario,Ontario,Corporate,8,104.27,-23.61,0.03
2010-03-24,2010-03-01,Technology,Computer Peripherals,Ontario,Ontario,Small Business,38,3922.96,863.57,0.04
2011-11-01,2011-11-01,Furniture,Bookcases,Ontario,Ontario,Home Office,39,261.16,-220.3,0.07
2011-11-01,2011-11-01,Furniture,Chairs & Chairmats,Ontario,Ontario,Home Office,47,155.22,23.34,0.07
2010-11-04,2010-11-01,Technology,Telephones and Communication,Ontario,Ontario,Corporate,23,1236.954,119.89,0.06
2009-12-12,2009-12-01,Office Supplies,Paper,Ontario,Ontario,Corporate,36,1072.36,440.48,0.04
2009-12-12,2009-12-01,Office Supplies,Storage & Organization,Ontario,Ontario,Corporate,39,857.84,-309.43,0.02
2011-06-14,2011-06-01,Furniture,Chairs & Chairmats,Ontario,Ontario,Home Office,9,742.84,-320.7,0.01
2011-06-14,2011-06-01,Technology,Computer Peripherals,Ontario,Ontario,Home Office,14,2070.68,-281.67,0.03
2011-06-14,2011-06-01,Office Supplies,Paper,Ontario,Ontario,Home Office,15,764.13,276.98,0.09
2012-03-07,2012-03-01,Office Supplies,Pens & Art Supplies,Ontario,Ontario,Corporate,11,64.34,-8.37,0.09
2012-03-07,2012-03-01,Office Supplies,Appliances,Ontario,Ontario,Corporate,10,693.02,97.36,0.07
2011-09-23,2011-09-01,Office Supplies,Rubber Bands,Ontario,Ontario,Home Office,37,201.14,-51.25,0.08
2010-10-22,2010-10-01,Office Supplies,Paper,Ontario,Ontario,Home Office,9,48.26,2.76,0.09
2010-10-22,2010-10-01,Furniture,Tables,Ontario,Ontario,Home Office,6,1718.43,-192.49,0.0
2012-04-25,2012-04-01,Furniture,Office Furnishings,Ontario,Ontario,Home Office,5,43.61,22.85,0.04
2012-04-25,2012-04-01,Office Supplies,Paper,Ontario,Ontario,Home Office,39,343.05,98.86,0.05
2012-04-25,2012-04-01,Office Supplies,Paper,Ontario,Ontario,Home Office,7,44.63,-21.19,0.1
2009-08-18,2009-08-01,Technology,Telephones and Communication,Ontario,Ontario,Home Office,34,5442.142,1640.3,0.0
2009-04-02,2009-04-01,Furniture,Chairs & Chairmats,Ontario,Ontario,Corporate,40,14075.99,1894.14,0.08
2012-05-24,2012-05-01,Office Supplies,Binders and Binder Accessories,Ontario,Ontario,Home Office,6,1042.96,163.8,0.04
2009-07-04,2009-07-01,Office Supplies,Appliances,Ontario,Ontario,Home Office,23,8413.23,2464.75,0.05
2009-07-04,2009-07-01,Office Supplies,Pens & Art Supplies,Ontario,Ontario,Home Office,30,105.45,-173.36,0.06
2011-03-17,2011-03-01,Office Supplies,Envelopes,Ontario,Ontario,Consumer,12,451.09,61.27,0.1
2012-06-16,2012-06-01,Office Supplies,Pens & Art Supplies,Ontario,Ontario,Consumer,10,55.33,13.38,0.0
2012-04-15,2012-04-01,Technology,Computer Peripherals,Ontario,Ontario,Corporate,32,2773.71,1097.25,0.02
2012-04-15,2012-04-01,Office Supplies,Pens & Art Supplies,Ontario,Ontario,Corporate,9,113.89,-52.25,0.02
2011-03-24,2011-03-01,Technology,Telephones and Communication,Ontario,Ontario,Corporate,5,83.3,-114.91,0.09
2012-05-02,2012-05-01,Office Supplies,Appliances,Ontario,Ontario,Corporate,48,3005.74,1053.21,0.02
2012-05-02,2012-05-01,Technology,Telephones and Communication,Ontario,Ontario,Corporate,41,2209.5155,458.62,0.06
2011-12-04,2011-12-01,Office Supplies,Binders and Binder Accessories,Ontario,Ontario,Home Office,34,670.02,278.58,0.07
2010-10-04,2010-10-01,Furniture,Office Furnishings,Ontario,Ontario,Home Office,24,523.56,43.87,0.01
2009-09-19,2009-09-01,Office Supplies,Envelopes,Ontario,Ontario,Consumer,43,112.63,-201.6,0.08
2009-12-07,2009-12-01,Technology,Computer Peripherals,Ontario,Ontario,Home Office,44,3421.88,443.52,0.0
2011-08-28,2011-08-01,Office Supplies,Paper,Ontario,Ontario,Small Business,32,197.93,-57.64,0.06
2011-08-28,2011-08-01,Office Supplies,Storage & Organization,Ontario,Ontario,Small Business,7,90.58,-27.83,0.06
2012-03-20,2012-03-01,Technology,Telephones and Communication,Ontario,Ontario,Corporate,40,2376.7105,721.81,0.01
2010-01-22,2010-01-01,Office Supplies,Binders and Binder Accessories,Ontario,Ontario,Home Office,1,35.14,-12.75,0.02
2012-10-22,2012-10-01,Office Supplies,"Scissors, Rulers and Trimmers",Ontario,Ontario,Home Office,9,14665.55,-767.51,0.07
2009-03-22,2009-03-01,Technology,Office Machines,Ontario,Ontario,Corporate,32,4856.1,1096.64,0.01
2009-02-16,2009-02-01,Office Supplies,Binders and Binder Accessories,Ontario,Ontario,Small Business,28,208.83,-60.15,0.0
2009-02-16,2009-02-01,Technology,Computer Peripherals,Ontario,Ontario,Small Business,41,228.3,-111.72,0.01
2009-07-04,2009-07-01,Office Supplies,Envelopes,Ontario,Ontario,Corporate,21,514.53,149.31,0.04
2009-07-04,2009-07-01,Office Supplies,Paper,Ontario,Ontario,Corporate,14,748.84,286.7,0.09
2009-07-04,2009-07-01,Office Supplies,Storage & Organization,Ontario,Ontario,Corporate,9,1497.93,35.31,0.05
2009-07-04,2009-07-01,Furniture,Tables,Ontario,Ontario,Corporate,14,3857.56,-377.81,0.07
2011-11-25,2011-11-01,Office Supplies,Paper,Ontario,Ontario,Small Business,23,156.66,-33.15,0.07
2010-05-11,2010-05-01,Office Supplies,Storage & Organization,Ontario,Ontario,Consumer,34,479.84,5.71,0.02
2010-05-11,2010-05-01,Technology,Telephones and Communication,Ontario,Ontario,Consumer,16,833.9265,-39.22,0.08
2010-05-11,2010-05-01,Technology,Computer Peripherals,Ontario,Ontario,Consumer,6,182.64,-99.24,0.08
2010-05-11,2010-05-01,Technology,Computer Peripherals,Ontario,Ontario,Consumer,21,736.17,232.99,0.01
2010-05-01,2010-05-01,Technology,Telephones and Communication,Ontario,Ontario,Consumer,29,2820.6995,601.34,0.03
2009-01-05,2009-01-01,Furniture,Chairs & Chairmats,Ontario,Ontario,Consumer,43,78.08,1.74,0.08
2009-01-05,2009-01-01,Furniture,Chairs & Chairmats,Ontario,Ontario,Consumer,29,653.54,-1358.9,0.06
2009-01-05,2009-01-01,Furniture,Office Furnishings,Ontario,Ontario,Consumer,48,12635.75,-335.24,0.07
2009-01-05,2009-01-01,Furniture,Tables,Ontario,Ontario,Consumer,49,240.3,-139.16,0.08
2009-01-05,2009-01-01,Technology,Telephones and Communication,Ontario,Ontario,Consumer,25,2750.107,667.45,0.04
2009-03-23,2009-03-01,Office Supplies,Binders and Binder Accessories,Ontario,Ontario,Consumer,25,106.04,16.9,0.09
2009-03-23,2009-03-01,Office Supplies,Envelopes,Ontario,Ontario,Consumer,45,452.93,20.14,0.07
2009-03-24,2009-03-01,Office Supplies,Storage & Organization,Ontario,Ontario,Consumer,6,101.52,-16.37,0.02
2010-01-03,2010-01-01,Technology,Computer Peripherals,Ontario,Ontario,Consumer,37,294.48,-64.24,0.08
2009-07-26,2009-07-01,Office Supplies,Paper,Ontario,Ontario,Home Office,16,88.84,-46.92,0.02
2011-01-04,2011-01-01,Furniture,Office Furnishings,Ontario,Ontario,Consumer,26,61.4,-92.11,0.04
2012-02-01,2012-02-01,Office Supplies,Binders and Binder Accessories,Ontario,Ontario,Small Business,48,362.71,-88.95,0.07
2012-02-01,2012-02-01,Technology,Telephones and Communication,Ontario,Ontario,Small Business,12,2077.1875,-38.07,0.05
2010-10-27,2010-10-01,Office Supplies,Appliances,Ontario,Ontario,Corporate,14,700.95,233.8,0.0
2010-10-27,2010-10-01,Office Supplies,Envelopes,Ontario,Ontario,Corporate,41,159.74,-9.14,0.08
2011-08-22,2011-08-01,Furniture,Chairs & Chairmats,Ontario,Ontario,Home Office,50,13608.83,1342.93,0.1
2011-08-22,2011-08-01,Office Supplies,Rubber Bands,Ontario,Ontario,Home Office,25,89.32,33.46,0.01
2010-06-07,2010-06-01,Furniture,Office Furnishings,Ontario,Ontario,Corporate,3,23.93,-6.39,0.1
2010-06-07,2010-06-01,Technology,Office Machines,Ontario,Ontario,Corporate,14,2027.55,537.4,0.04
2012-05-13,2012-05-01,Furniture,Chairs & Chairmats,Ontario,Ontario,Home Office,27,5307.5,1116.67,0.09
2012-05-26,2012-05-01,Technology,Computer Peripherals,Ontario,Ontario,Small Business,32,254.46,23.5,0.09
2012-05-26,2012-05-01,Furniture,Office Furnishings,Ontario,Ontario,Small Business,32,278.19,149.39,0.02
2012-05-26,2012-05-01,Office Supplies,Paper,Ontario,Ontario,Small Business,32,1662.33,783.84,0.02
2012-02-26,2012-02-01,Office Supplies,Paper,Ontario,Ontario,Small Business,38,425.91,55.06,0.02
2011-10-07,2011-10-01,Office Supplies,Pens & Art Supplies,Ontario,Ontario,Corporate,21,68.53,-59.97,0.09
2011-10-07,2011-10-01,Technology,Telephones and Communication,Ontario,Ontario,Corporate,39,4215.83,972.19,0.02
2012-04-11,2012-04-01,Office Supplies,Storage & Organization,Ontario,Ontario,Home Office,25,1610.26,122.42,0.06
2012-12-10,2012-12-01,Office Supplies,Appliances,Ontario,Ontario,Consumer,12,505.2,78.98,0.05
2012-12-10,2012-12-01,Furniture,Office Furnishings,Ontario,Ontario,Consumer,46,562.91,-560.29,0.1
2009-12-22,2009-12-01,Office Supplies,Rubber Bands,Ontario,Ontario,Consumer,42,200.1,3.02,0.04
2009-12-22,2009-12-01,Office Supplies,Paper,Ontario,Ontario,Consumer,28,120.54,6.52,0.06
2012-04-30,2012-04-01,Office Supplies,Storage & Organization,Ontario,Ontario,Home Office,11,1132.6,-310.21,0.01
2011-07-15,2011-07-01,Office Supplies,Labels,Ontario,Ontario,Corporate,6,28.01,3.46,0.09
2009-02-12,2009-02-01,Office Supplies,Binders and Binder Accessories,Ontario,Ontario,Home Office,1,19.32,-20.32,0.03
2012-12-27,2012-12-01,Furniture,Chairs & Chairmats,Ontario,Ontario,Small Business,13,759.94,-226.45,0.09
2011-08-19,2011-08-01,Office Supplies,Paper,Ontario,Ontario,Home Office,24,163.14,-62.2,0.09
2011-02-06,2011-02-01,Furniture,Chairs & Chairmats,Ontario,Ontario,Consumer,39,19342.84,5603.95,0.01
2011-02-06,2011-02-01,Technology,Telephones and Communication,Ontario,Ontario,Consumer,7,771.783,-449.53,0.08
2012-09-13,2012-09-01,Technology,Telephones and Communication,Ontario,Ontario,Small Business,41,6111.1685,1663.08,0.06
2012-09-13,2012-09-01,Office Supplies,Labels,Ontario,Ontario,Small Business,44,113.71,41.7,0.07
2010-11-18,2010-11-01,Technology,Computer Peripherals,Ontario,Ontario,Small Business,30,695.47,226.73,0.03
2010-11-18,2010-11-01,Office Supplies,Rubber Bands,Ontario,Ontario,Small Business,41,152.59,55.48,0.02
2010-11-18,2010-11-01,Office Supplies,Storage & Organization,Ontario,Ontario,Small Business,10,365.62,15.77,0.03
2010-11-18,2010-11-01,Technology,Telephones and Communication,Ontario,Ontario,Small Business,10,575.569,-86.52,0.04
2010-07-25,2010-07-01,Office Supplies,Labels,Ontario,Ontario,Home Office,4,29.42,14.43,0.06
2010-07-25,2010-07-01,Office Supplies,Pens & Art Supplies,Ontario,Ontario,Home Office,9,46.48,-1.82,0.01
2012-07-29,2012-07-01,Office Supplies,Labels,Ontario,Ontario,Small Business,2,9.25,-4.21,0.01
2012-07-29,2012-07-01,Office Supplies,Storage & Organization,Ontario,Ontario,Small Business,41,573.89,-121.44,0.09
2009-07-21,2009-07-01,Office Supplies,Binders and Binder Accessories,Ontario,Ontario,Small Business,50,1262.72,490.28,0.01
2009-07-21,2009-07-01,Technology,Computer Peripherals,Ontario,Ontario,Small Business,31,524.19,-135.46,0.0
2010-12-09,2010-12-01,Technology,Computer Peripherals,Ontario,Ontario,Corporate,15,1143.88,-88.7,0.04
2011-02-20,2011-02-01,Office Supplies,Pens & Art Supplies,Ontario,Ontario,Small Business,3,72.63,-26.94,0.07
2009-12-13,2009-12-01,Office Supplies,Binders and Binder Accessories,Ontario,Ontario,Small Business,22,118.56,-63.38,0.06
2009-12-13,2009-12-01,Office Supplies,Paper,Ontario,Ontario,Small Business,45,2145.05,1012.67,0.07
2012-04-24,2012-04-01,Office Supplies,Appliances,Ontario,Ontario,Small Business,27,118.18,-133.62,0.06
2012-02-23,2012-02-01,Furniture,Office Furnishings,Ontario,Ontario,Home Office,39,290.3,25.16,0.07
2012-02-23,2012-02-01,Office Supplies,Binders and Binder Accessories,Ontario,Ontario,Home Office,37,434.11,24.85,0.02
2012-02-23,2012-02-01,Office Supplies,Paper,Ontario,Ontario,Home Office,42,288.9,96.34,0.02
2012-01-22,2012-01-01,Technology,Office Machines,Ontario,Ontario,Small Business,2,202.64,-221.62,0.04
2012-01-22,2012-01-01,Office Supplies,Paper,Ontario,Ontario,Small Business,23,133.69,-92.23,0.08
2011-09-04,2011-09-01,Office Supplies,Pens & Art Supplies,Ontario,Ontario,Home Office,18,33.96,0.1,0.0
2011-11-22,2011-11-01,Furniture,Bookcases,Ontario,Ontario,Consumer,45,5181.08,-1623.6,0.01
2011-11-22,2011-11-01,Technology,Copiers and Fax,Ontario,Ontario,Consumer,38,10567.45,2925.37,0.1
2011-11-22,2011-11-01,Furniture,Office Furnishings,Ontario,Ontario,Consumer,38,1679.04,324.47,0.01
2011-11-22,2011-11-01,Technology,Office Machines,Ontario,Ontario,Consumer,2,2055.97,-2342.01,0.05
2009-12-23,2009-12-01,Furniture,Chairs & Chairmats,Ontario,Ontario,Small Business,2,383.45,-244.47,0.06
2011-10-23,2011-10-01,Office Supplies,Envelopes,Ontario,Ontario,Corporate,44,1102.28,389.61,0.03
2009-03-01,2009-03-01,Technology,Office Machines,Ontario,Ontario,Home Office,10,866.66,35.29,0.09
2012-08-06,2012-08-01,Office Supplies,Paper,Ontario,Ontario,Home Office,16,109.7,-106.77,0.03
2012-08-06,2012-08-01,Office Supplies,Pens & Art Supplies,Ontario,Ontario,Home Office,26,80.89,23.37,0.03
2009-11-22,2009-11-01,Technology,Telephones and Communication,Ontario,Ontario,Small Business,48,1497.3175,836.51,0.01
2011-11-10,2011-11-01,Technology,Computer Peripherals,Ontario,Ontario,Home Office,35,1154.14,-36.0,0.07
2011-11-10,2011-11-01,Office Supplies,Paper,Ontario,Ontario,Home Office,37,223.82,-249.11,0.09
2011-11-10,2011-11-01,Technology,Telephones and Communication,Ontario,Ontario,Home Office,1,61.4635,-261.35,0.05
2011-11-10,2011-11-01,Office Supplies,Paper,Ontario,Ontario,Home Office,25,122.09,14.11,0.1
2009-01-27,2009-01-01,Technology,Telephones and Communication,Ontario,Ontario,Home Office,38,6121.1985,1312.34,0.08
2010-11-20,2010-11-01,Office Supplies,Storage & Organization,Ontario,Ontario,Small Business,44,614.34,-171.7,0.02
2012-01-09,2012-01-01,Technology,Telephones and Communication,Ontario,Ontario,Home Office,39,278.902,-104.47,0.04
2009-03-18,2009-03-01,Technology,Telephones and Communication,Ontario,Ontario,Corporate,19,356.4645,-9.11,0.01
2011-04-13,2011-04-01,Office Supplies,Rubber Bands,Ontario,Ontario,Corporate,19,71.77,22.71,0.03
2012-07-21,2012-07-01,Furniture,Office Furnishings,Ontario,Ontario,Home Office,31,480.43,50.59,0.06
2012-07-15,2012-07-01,Office Supplies,Paper,Ontario,Ontario,Corporate,31,217.14,-62.97,0.0
2009-10-10,2009-10-01,Office Supplies,Envelopes,Ontario,Ontario,Corporate,19,659.13,187.57,0.09
2012-05-22,2012-05-01,Office Supplies,Binders and Binder Accessories,Ontario,Ontario,Consumer,9,222.2,-40.25,0.03
2012-05-22,2012-05-01,Office Supplies,Binders and Binder Accessories,Ontario,Ontario,Consumer,5,39.9,-37.8,0.02
2009-05-23,2009-05-01,Office Supplies,Pens & Art Supplies,Ontario,Ontario,Home Office,4,16.82,-5.54,0.08
2009-04-16,2009-04-01,Technology,Office Machines,Ontario,Ontario,Corporate,6,14535.8,-3971.06,0.05
2009-12-26,2009-12-01,Furniture,Office Furnishings,Ontario,Ontario,Home Office,27,652.24,185.04,0.02
2010-10-09,2010-10-01,Furniture,Chairs & Chairmats,Ontario,Ontario,Small Business,1,361.94,-163.58,0.05
2010-10-09,2010-10-01,Office Supplies,Paper,Ontario,Ontario,Small Business,31,1276.04,554.95,0.02
2010-10-09,2010-10-01,Furniture,Tables,Ontario,Ontario,Small Business,40,2894.68,-1754.39,0.02
2010-02-09,2010-02-01,Office Supplies,Binders and Binder Accessories,Ontario,Ontario,Home Office,15,611.68,134.75,0.05
2011-11-26,2011-11-01,Technology,Office Machines,Ontario,Ontario,Small Business,13,4393.75,215.31,0.08
2011-05-04,2011-05-01,Office Supplies,Paper,Ontario,Ontario,Consumer,34,117.91,29.27,0.05
2011-05-04,2011-05-01,Office Supplies,Storage & Organization,Ontario,Ontario,Consumer,46,3644.6,-1144.67,0.05
2011-05-04,2011-05-01,Technology,Telephones and Communication,Ontario,Ontario,Consumer,33,3491.613,717.7,0.05
2010-06-03,2010-06-01,Office Supplies,"Scissors, Rulers and Trimmers",Ontario,Ontario,Home Office,15,176.24,9.85,0.02
2009-08-28,2009-08-01,Office Supplies,Paper,Ontario,Ontario,Home Office,41,291.16,-89.47,0.01
2009-10-13,2009-10-01,Technology,Computer Peripherals,Ontario,Ontario,Home Office,37,1138.43,18.59,0.01
2009-10-13,2009-10-01,Technology,Telephones and Communication,Ontario,Ontario,Home Office,50,5271.0455,1379.76,0.08
2009-12-22,2009-12-01,Office Supplies,Paper,Ontario,Ontario,Small Business,43,2463.6,1040.65,0.03
2012-07-26,2012-07-01,Furniture,Chairs & Chairmats,Ontario,Ontario,Consumer,16,3549.9,44.8,0.06
2012-07-26,2012-07-01,Office Supplies,Storage & Organization,Ontario,Ontario,Consumer,8,138.24,-60.04,0.03
2009-08-05,2009-08-01,Office Supplies,Appliances,Ontario,Ontario,Home Office,44,634.12,-21.65,0.04
2009-08-05,2009-08-01,Office Supplies,Paper,Ontario,Ontario,Home Office,32,196.84,-69.29,0.04
2009-08-05,2009-08-01,Technology,Telephones and Communication,Ontario,Ontario,Home Office,16,886.89,-23.83,0.03
2011-01-29,2011-01-01,Furniture,Chairs & Chairmats,Ontario,Ontario,Home Office,12,1379.98,-151.73,0.06
2010-09-21,2010-09-01,Office Supplies,Paper,Ontario,Ontario,Corporate,41,295.12,-151.93,0.0
2010-08-03,2010-08-01,Technology,Computer Peripherals,Ontario,Ontario,Home Office,16,131.72,-42.61,0.09
2012-07-25,2012-07-01,Furniture,Chairs & Chairmats,Ontario,Ontario,Corporate,10,5056.89,789.05,0.02
2012-07-25,2012-07-01,Furniture,Tables,Ontario,Ontario,Corporate,45,3500.1,-2661.32,0.01
2010-01-26,2010-01-01,Technology,Computer Peripherals,Ontario,Ontario,Consumer,9,196.12,4.41,0.01
2012-01-16,2012-01-01,Office Supplies,Paper,Ontario,Ontario,Home Office,43,792.21,42.24,0.05
2011-06-19,2011-06-01,Office Supplies,Paper,Ontario,Ontario,Corporate,34,214.64,-76.88,0.08
2010-06-09,2010-06-01,Office Supplies,"Scissors, Rulers and Trimmers",Ontario,Ontario,Home Office,17,253.38,-35.78,0.0
2011-11-26,2011-11-01,Office Supplies,Binders and Binder Accessories,Ontario,Ontario,Home Office,28,431.37,-28.67,0.03
2011-11-26,2011-11-01,Office Supplies,Envelopes,Ontario,Ontario,Home Office,23,262.31,27.55,0.04
2011-11-26,2011-11-01,Office Supplies,Paper,Ontario,Ontario,Home Office,45,514.03,82.19,0.05
2011-11-26,2011-11-01,Furniture,Bookcases,Ontario,Ontario,Home Office,9,1696.7,-82.81,0.04
2012-08-05,2012-08-01,Furniture,Office Furnishings,Ontario,Ontario,Consumer,18,93.02,20.01,0.07
2012-08-05,2012-08-01,Office Supplies,Storage & Organization,Ontario,Ontario,Consumer,42,639.84,-95.76,0.03
2011-02-15,2011-02-01,Office Supplies,Appliances,Ontario,Ontario,Home Office,29,7837.44,1817.76,0.1
2011-02-15,2011-02-01,Furniture,Chairs & Chairmats,Ontario,Ontario,Home Office,22,3653.22,-116.02,0.09
2011-05-26,2011-05-01,Office Supplies,Binders and Binder Accessories,Ontario,Ontario,Small Business,31,413.12,-10.22,0.1
2009-11-08,2009-11-01,Office Supplies,Appliances,Ontario,Ontario,Home Office,2,141.59,-91.09,0.05
2009-11-08,2009-11-01,Technology,Telephones and Communication,Ontario,Ontario,Home Office,14,2465.5015,13.01,0.06
2009-11-08,2009-11-01,Technology,Telephones and Communication,Ontario,Ontario,Home Office,50,8558.4715,2539.46,0.06
2009-11-08,2009-11-01,Office Supplies,Paper,Ontario,Ontario,Home Office,42,236.89,-125.29,0.0
2012-09-13,2012-09-01,Office Supplies,Rubber Bands,Ontario,Ontario,Home Office,49,162.16,24.95,0.05
2012-09-13,2012-09-01,Furniture,Tables,Ontario,Ontario,Home Office,26,15168.82,-1096.78,0.02
2009-10-28,2009-10-01,Office Supplies,Binders and Binder Accessories,Ontario,Ontario,Home Office,14,367.11,116.8,0.09
2012-06-08,2012-06-01,Office Supplies,Appliances,Ontario,Ontario,Corporate,10,126.79,-16.38,0.04
2012-06-08,2012-06-01,Technology,Telephones and Communication,Ontario,Ontario,Corporate,11,1770.2015,-165.95,0.08
2010-12-02,2010-12-01,Technology,Computer Peripherals,Ontario,Ontario,Home Office,23,1196.86,-12.51,0.06
2012-10-17,2012-10-01,Office Supplies,Binders and Binder Accessories,Ontario,Ontario,Corporate,49,1355.47,590.04,0.04
2012-09-21,2012-09-01,Technology,Office Machines,Ontario,Ontario,Home Office,12,1465.29,373.5,0.02
2012-09-21,2012-09-01,Furniture,Tables,Ontario,Ontario,Home Office,24,3590.33,-31.73,0.01
2011-07-12,2011-07-01,Office Supplies,Labels,Ontario,Ontario,Small Business,32,115.81,47.56,0.07
2011-05-22,2011-05-01,Furniture,Chairs & Chairmats,Ontario,Ontario,Corporate,39,4647.69,182.53,0.02
2011-05-22,2011-05-01,Technology,Telephones and Communication,Ontario,Ontario,Corporate,45,2503.3265,447.12,0.04
2011-11-10,2011-11-01,Technology,Telephones and Communication,Ontario,Ontario,Home Office,21,2731.73,310.59,0.07
2011-11-10,2011-11-01,Office Supplies,Storage & Organization,Ontario,Ontario,Home Office,40,679.52,-152.4,0.09
2011-11-10,2011-11-01,Office Supplies,Storage & Organization,Ontario,Ontario,Home Office,38,5176.27,-743.45,0.01
2009-09-18,2009-09-01,Office Supplies,Envelopes,Ontario,Ontario,Consumer,28,739.94,370.23,0.01
2009-02-24,2009-02-01,Furniture,Chairs & Chairmats,Ontario,Ontario,Home Office,46,14740.51,3407.73,0.0
2009-02-24,2009-02-01,Office Supplies,Pens & Art Supplies,Ontario,Ontario,Home Office,1,3.77,-1.84,0.09
2009-03-20,2009-03-01,Office Supplies,Paper,Ontario,Ontario,Home Office,11,100.36,18.41,0.02
2009-03-20,2009-03-01,Furniture,Office Furnishings,Ontario,Ontario,Home Office,33,404.91,65.63,0.06
2012-05-17,2012-05-01,Office Supplies,Binders and Binder Accessories,Ontario,Ontario,Home Office,22,809.91,321.67,0.07
2012-05-17,2012-05-01,Office Supplies,Paper,Ontario,Ontario,Home Office,50,1027.66,184.07,0.0
2012-05-17,2012-05-01,Office Supplies,Pens & Art Supplies,Ontario,Ontario,Home Office,30,301.38,5.08,0.06
2010-02-17,2010-02-01,Furniture,Chairs & Chairmats,Ontario,Ontario,Consumer,31,8955.34,2081.48,0.1
2010-02-17,2010-02-01,Office Supplies,Paper,Ontario,Ontario,Consumer,18,95.22,-33.4,0.01
2009-08-02,2009-08-01,Office Supplies,Binders and Binder Accessories,Ontario,Ontario,Home Office,42,577.42,253.5,0.0
2009-08-02,2009-08-01,Office Supplies,Labels,Ontario,Ontario,Home Office,20,95.08,39.91,0.06
2009-03-17,2009-03-01,Office Supplies,Paper,Ontario,Ontario,Home Office,25,82.21,15.25,0.04
2009-01-09,2009-01-01,Office Supplies,Pens & Art Supplies,Ontario,Ontario,Home Office,47,117.88,-71.0,0.1
2012-09-02,2012-09-01,Technology,Telephones and Communication,Ontario,Ontario,Corporate,34,3130.2015,692.78,0.07
2009-04-09,2009-04-01,Office Supplies,Appliances,Ontario,Ontario,Small Business,31,449.47,-190.49,0.05
2009-04-09,2009-04-01,Office Supplies,Pens & Art Supplies,Ontario,Ontario,Small Business,29,80.61,-8.77,0.08
2009-04-06,2009-04-01,Furniture,Office Furnishings,Ontario,Ontario,Consumer,39,2413.53,544.04,0.06
2009-12-09,2009-12-01,Office Supplies,Binders and Binder Accessories,Ontario,Ontario,Home Office,41,204.99,-95.99,0.03
2009-04-01,2009-04-01,Office Supplies,Binders and Binder Accessories,Ontario,Ontario,Corporate,23,265.31,-33.19,0.09
2009-04-01,2009-04-01,Technology,Computer Peripherals,Ontario,Ontario,Corporate,15,1444.88,236.61,0.1
2009-04-01,2009-04-01,Technology,Office Machines,Ontario,Ontario,Corporate,23,2287.1,231.49,0.07
2010-08-05,2010-08-01,Technology,Computer Peripherals,Ontario,Ontario,Home Office,44,786.26,274.98,0.01
2010-09-28,2010-09-01,Office Supplies,Binders and Binder Accessories,Ontario,Ontario,Home Office,44,18697.24,8918.74,0.02
2010-09-28,2010-09-01,Office Supplies,Storage & Organization,Ontario,Ontario,Home Office,48,786.13,-236.12,0.04
2010-06-17,2010-06-01,Technology,Copiers and Fax,Ontario,Ontario,Home Office,25,14647.26,5485.15,0.07
2010-06-17,2010-06-01,Office Supplies,Rubber Bands,Ontario,Ontario,Home Office,10,26.11,2.65,0.08
2010-05-10,2010-05-01,Furniture,Office Furnishings,Ontario,Ontario,Small Business,50,442.31,231.68,0.02
2012-12-09,2012-12-01,Technology,Computer Peripherals,Ontario,Ontario,Small Business,4,114.83,-52.62,0.04
2012-12-09,2012-12-01,Technology,Copiers and Fax,Ontario,Ontario,Small Business,23,16743.76,6079.63,0.0
2012-04-09,2012-04-01,Technology,Computer Peripherals,Ontario,Ontario,Home Office,49,1534.7,258.25,0.07
2009-11-20,2009-11-01,Technology,Office Machines,Ontario,Ontario,Home Office,7,2813.34,-688.44,0.1
2009-11-20,2009-11-01,Office Supplies,Appliances,Ontario,Ontario,Home Office,45,2682.8,860.22,0.01
2009-07-26,2009-07-01,Furniture,Office Furnishings,Ontario,Ontario,Home Office,50,387.03,-7.73,0.04
2009-04-02,2009-04-01,Office Supplies,Paper,Ontario,Ontario,Corporate,17,585.47,178.14,0.1
2011-06-01,2011-06-01,Office Supplies,Paper,Ontario,Ontario,Home Office,11,123.34,0.64,0.07
2011-06-01,2011-06-01,Office Supplies,Appliances,Ontario,Ontario,Home Office,23,1642.47,-524.03,0.01
2009-12-02,2009-12-01,Office Supplies,Rubber Bands,Ontario,Ontario,Home Office,25,93.22,-15.37,0.06
2011-03-15,2011-03-01,Office Supplies,Storage & Organization,Ontario,Ontario,Small Business,36,243.18,-314.22,0.08
2011-12-20,2011-12-01,Technology,Computer Peripherals,Ontario,Ontario,Home Office,27,3853.47,21.5,0.1
2011-12-20,2011-12-01,Office Supplies,Paper,Ontario,Ontario,Home Office,5,28.23,-14.69,0.1
2012-01-05,2012-01-01,Technology,Office Machines,Ontario,Ontario,Corporate,50,4962.05,335.29,0.08
2012-01-05,2012-01-01,Office Supplies,"Scissors, Rulers and Trimmers",Ontario,Ontario,Corporate,19,192.39,-31.67,0.08
2010-10-10,2010-10-01,Office Supplies,Rubber Bands,Ontario,Ontario,Small Business,13,26.08,-27.29,0.1
2012-04-09,2012-04-01,Office Supplies,Storage & Organization,Ontario,Ontario,Corporate,8,669.69,-297.02,0.03
2012-07-22,2012-07-01,Office Supplies,Binders and Binder Accessories,Ontario,Ontario,Small Business,45,405.6,-8.59,0.07
2009-09-23,2009-09-01,Technology,Telephones and Communication,Ontario,Ontario,Corporate,39,706.3925,346.14,0.06
2010-01-20,2010-01-01,Office Supplies,Appliances,Ontario,Ontario,Small Business,24,154.99,-1085.52,0.07
2012-03-16,2012-03-01,Office Supplies,Binders and Binder Accessories,Ontario,Ontario,Home Office,32,115.78,-167.42,0.07
2012-03-16,2012-03-01,Office Supplies,Storage & Organization,Ontario,Ontario,Home Office,13,210.22,-30.71,0.0
2011-09-10,2011-09-01,Furniture,Chairs & Chairmats,Ontario,Ontario,Consumer,2,250.7,-180.61,0.03
2010-04-18,2010-04-01,Office Supplies,Paper,Ontario,Ontario,Corporate,10,315.42,-41.26,0.1
2012-12-06,2012-12-01,Office Supplies,Binders and Binder Accessories,Ontario,Ontario,Home Office,38,144.03,-139.52,0.03
2009-01-24,2009-01-01,Office Supplies,Appliances,Ontario,Ontario,Home Office,23,294.68,-23.35,0.01
2010-03-07,2010-03-01,Office Supplies,Binders and Binder Accessories,Ontario,Ontario,Home Office,43,2378.82,597.16,0.02
2010-03-07,2010-03-01,Office Supplies,Paper,Ontario,Ontario,Home Office,6,202.62,13.87,0.02
2010-02-27,2010-02-01,Furniture,Office Furnishings,Ontario,Ontario,Home Office,24,307.49,61.51,0.01
2012-02-14,2012-02-01,Office Supplies,Appliances,Atlantic,Newfoundland,Home Office,7,516.65,57.1,0.01
2010-08-16,2010-08-01,Technology,Telephones and Communication,Atlantic,Newfoundland,Home Office,5,89.335,-107.1,0.06
2010-08-16,2010-08-01,Office Supplies,Binders and Binder Accessories,Atlantic,Newfoundland,Home Office,39,158.46,-130.66,0.06
2010-08-16,2010-08-01,Furniture,Bookcases,Atlantic,Newfoundland,Home Office,31,7180.83,487.17,0.02
2009-12-20,2009-12-01,Furniture,Bookcases,Atlantic,Newfoundland,Small Business,39,5748.2,-459.86,0.09
2009-12-05,2009-12-01,Office Supplies,Paper,Atlantic,Newfoundland,Home Office,2,21.44,-13.67,0.02
2010-06-27,2010-06-01,Technology,Telephones and Communication,Atlantic,Newfoundland,Small Business,22,1559.7755,-247.18,0.03
2009-05-13,2009-05-01,Office Supplies,Envelopes,Atlantic,Newfoundland,Corporate,7,1203.73,293.14,0.03
2009-05-13,2009-05-01,Office Supplies,Envelopes,Atlantic,Newfoundland,Corporate,6,75.19,-6.61,0.01
2011-02-25,2011-02-01,Furniture,Chairs & Chairmats,Atlantic,Newfoundland,Corporate,30,8363.65,763.33,0.09
2011-06-05,2011-06-01,Technology,Computer Peripherals,Atlantic,Newfoundland,Small Business,46,303.62,-59.98,0.02
2010-03-13,2010-03-01,Office Supplies,Pens & Art Supplies,Atlantic,Newfoundland,Corporate,34,334.66,132.56,0.05
2009-09-19,2009-09-01,Technology,Computer Peripherals,Atlantic,Newfoundland,Home Office,35,1142.36,72.78,0.02
2010-02-25,2010-02-01,Technology,Telephones and Communication,Atlantic,Newfoundland,Consumer,14,1379.3375,-78.54,0.08
2011-03-20,2011-03-01,Furniture,Office Furnishings,Atlantic,Newfoundland,Consumer,19,1825.42,1193.19,0.06
2012-11-10,2012-11-01,Technology,Office Machines,Atlantic,Newfoundland,Consumer,27,2654.16,600.93,0.01
2012-11-10,2012-11-01,Furniture,Bookcases,Atlantic,Newfoundland,Consumer,15,1722.65,-399.67,0.05
2010-11-29,2010-11-01,Furniture,Office Furnishings,Atlantic,Newfoundland,Corporate,14,461.55,-12.0,0.09
2011-07-14,2011-07-01,Technology,Office Machines,Atlantic,Newfoundland,Corporate,9,799.98,15.36,0.04
2012-05-12,2012-05-01,Furniture,Office Furnishings,Atlantic,Newfoundland,Corporate,14,618.84,-200.84,0.05
2009-12-28,2009-12-01,Office Supplies,Binders and Binder Accessories,Atlantic,Newfoundland,Small Business,6,177.67,39.63,0.03
2009-03-15,2009-03-01,Technology,Telephones and Communication,Atlantic,Newfoundland,Consumer,2,200.753,-605.37,0.09
2011-03-01,2011-03-01,Office Supplies,Paper,Atlantic,Newfoundland,Consumer,2,9.37,-5.26,0.09
2012-07-13,2012-07-01,Office Supplies,Paper,Atlantic,Newfoundland,Home Office,44,2277.03,964.1,0.07
2011-11-16,2011-11-01,Office Supplies,Pens & Art Supplies,Atlantic,Newfoundland,Corporate,24,39.69,-1.78,0.05
2012-07-19,2012-07-01,Furniture,Tables,Atlantic,Newfoundland,Small Business,50,8532.152,-513.79,0.04
2012-09-03,2012-09-01,Technology,Computer Peripherals,Atlantic,Newfoundland,Home Office,29,824.51,0.9,0.01
2012-09-19,2012-09-01,Technology,Telephones and Communication,Atlantic,Newfoundland,Corporate,31,3081.471,574.98,0.09
2009-04-01,2009-04-01,Office Supplies,Appliances,Atlantic,Newfoundland,Small Business,1,17.62,-15.92,0.06
2010-01-03,2010-01-01,Office Supplies,Binders and Binder Accessories,Atlantic,Newfoundland,Small Business,19,1216.5,162.18,0.1
2011-01-24,2011-01-01,Office Supplies,Pens & Art Supplies,Atlantic,Newfoundland,Small Business,27,81.9,4.06,0.01
2010-05-17,2010-05-01,Office Supplies,Storage & Organization,Atlantic,Newfoundland,Corporate,37,498.28,10.18,0.01
2011-09-23,2011-09-01,Office Supplies,Pens & Art Supplies,Atlantic,Newfoundland,Small Business,47,191.13,38.11,0.07
2011-09-15,2011-09-01,Office Supplies,Envelopes,Atlantic,Newfoundland,Consumer,18,168.95,-15.9,0.1
2012-12-21,2012-12-01,Technology,Office Machines,Atlantic,Newfoundland,Small Business,7,1043.12,-52.5,0.06
2009-10-31,2009-10-01,Office Supplies,Pens & Art Supplies,Atlantic,Newfoundland,Corporate,49,87.44,1.33,0.06
2009-10-31,2009-10-01,Office Supplies,Storage & Organization,Atlantic,Newfoundland,Corporate,50,1318.49,4.69,0.02
2012-01-05,2012-01-01,Office Supplies,Paper,Atlantic,Newfoundland,Home Office,32,1666.0,742.96,0.08
2009-04-22,2009-04-01,Office Supplies,Pens & Art Supplies,Atlantic,Newfoundland,Corporate,43,945.9,105.7,0.08
2011-07-16,2011-07-01,Office Supplies,Pens & Art Supplies,Atlantic,Newfoundland,Corporate,42,71.32,-4.9,0.08
2010-06-30,2010-06-01,Office Supplies,Binders and Binder Accessories,Atlantic,Newfoundland,Corporate,33,750.86,302.12,0.0
2009-07-24,2009-07-01,Office Supplies,Binders and Binder Accessories,Atlantic,Newfoundland,Corporate,14,215.31,-51.75,0.09
2010-10-15,2010-10-01,Office Supplies,Storage & Organization,Atlantic,Newfoundland,Consumer,14,157.33,-76.34,0.1
2009-02-26,2009-02-01,Office Supplies,Paper,Atlantic,Newfoundland,Home Office,20,125.84,18.42,0.1
2012-10-22,2012-10-01,Office Supplies,Paper,Atlantic,Newfoundland,Corporate,11,114.55,28.61,0.05
2009-04-14,2009-04-01,Furniture,Bookcases,Atlantic,Newfoundland,Home Office,14,1386.65,-193.58,0.09
2010-09-08,2010-09-01,Office Supplies,Pens & Art Supplies,Atlantic,Newfoundland,Home Office,35,136.72,5.91,0.09
2010-09-17,2010-09-01,Office Supplies,Storage & Organization,Atlantic,Newfoundland,Small Business,1,29.65,-16.54,0.05
2011-08-06,2011-08-01,Furniture,Office Furnishings,Atlantic,Newfoundland,Consumer,6,62.03,17.31,0.09
2009-06-10,2009-06-01,Technology,Computer Peripherals,Atlantic,Newfoundland,Small Business,7,57.03,-31.38,0.0
2012-08-20,2012-08-01,Office Supplies,Binders and Binder Accessories,Atlantic,Newfoundland,Corporate,46,611.16,100.22,0.04
2010-03-15,2010-03-01,Technology,Telephones and Communication,Atlantic,Newfoundland,Consumer,26,1462.1615,215.43,0.03
2012-11-01,2012-11-01,Office Supplies,Rubber Bands,Atlantic,Newfoundland,Corporate,45,130.25,0.89,0.05
2012-07-26,2012-07-01,Technology,Computer Peripherals,Atlantic,Newfoundland,Corporate,30,453.87,76.59,0.08
2010-05-15,2010-05-01,Office Supplies,Paper,Atlantic,Newfoundland,Consumer,33,310.99,106.45,0.07
2012-10-28,2012-10-01,Technology,Telephones and Communication,Atlantic,Newfoundland,Corporate,26,1514.9635,310.19,0.02
2009-05-21,2009-05-01,Office Supplies,Rubber Bands,Atlantic,Newfoundland,Corporate,7,19.36,-1.0,0.04
2011-09-02,2011-09-01,Office Supplies,Paper,Atlantic,Newfoundland,Corporate,21,155.73,42.86,0.03
2012-10-09,2012-10-01,Office Supplies,Binders and Binder Accessories,Atlantic,Newfoundland,Small Business,42,793.04,323.08,0.1
2009-12-19,2009-12-01,Office Supplies,Binders and Binder Accessories,Atlantic,Newfoundland,Corporate,36,4115.74,1719.47,0.1
2012-03-03,2012-03-01,Technology,Telephones and Communication,Atlantic,Newfoundland,Small Business,26,596.156,-97.92,0.1
2012-09-14,2012-09-01,Office Supplies,Pens & Art Supplies,Atlantic,Newfoundland,Consumer,18,47.4,-63.03,0.03
2012-11-08,2012-11-01,Office Supplies,Binders and Binder Accessories,Atlantic,Newfoundland,Consumer,31,934.87,98.69,0.09
2010-02-23,2010-02-01,Office Supplies,Rubber Bands,Atlantic,Newfoundland,Consumer,46,161.28,56.73,0.01
2010-03-12,2010-03-01,Furniture,Tables,Atlantic,Newfoundland,Consumer,29,12098.87,-969.05,0.04
2011-08-23,2011-08-01,Office Supplies,Pens & Art Supplies,Atlantic,Newfoundland,Corporate,4,8.87,-5.14,0.09
2012-06-11,2012-06-01,Office Supplies,Binders and Binder Accessories,Atlantic,Newfoundland,Corporate,2,25.09,-17.6,0.07
2010-03-16,2010-03-01,Technology,Telephones and Communication,Atlantic,Newfoundland,Consumer,12,714.391,-62.33,0.0
2012-10-04,2012-10-01,Office Supplies,Envelopes,Atlantic,Newfoundland,Small Business,15,502.8,-19.1,0.0
2010-12-05,2010-12-01,Furniture,Office Furnishings,Atlantic,Newfoundland,Corporate,33,468.46,-292.7,0.01
2009-01-06,2009-01-01,Furniture,Bookcases,Atlantic,Newfoundland,Small Business,23,2357.45,-108.8,0.02
2009-06-02,2009-06-01,Office Supplies,Paper,Atlantic,Newfoundland,Small Business,34,817.53,76.63,0.03
2009-10-22,2009-10-01,Office Supplies,Paper,Atlantic,Newfoundland,Small Business,1,55.43,-48.91,0.01
2010-10-22,2010-10-01,Office Supplies,Storage & Organization,Atlantic,Newfoundland,Consumer,6,1086.39,-311.23,0.03
2012-02-09,2012-02-01,Technology,Telephones and Communication,Atlantic,Newfoundland,Home Office,1,61.098,-257.72,0.02
2011-11-01,2011-11-01,Technology,Telephones and Communication,Atlantic,Newfoundland,Corporate,42,4373.8535,963.68,0.04
2011-01-13,2011-01-01,Furniture,Office Furnishings,Atlantic,Newfoundland,Corporate,28,2860.19,458.4,0.04
2009-04-29,2009-04-01,Technology,Computer Peripherals,Atlantic,Newfoundland,Corporate,29,2925.78,1041.29,0.03
2010-08-04,2010-08-01,Furniture,Chairs & Chairmats,Atlantic,Newfoundland,Consumer,1,142.24,-62.19,0.08
2012-04-22,2012-04-01,Office Supplies,Paper,Atlantic,Newfoundland,Consumer,49,570.43,78.89,0.07
2012-04-22,2012-04-01,Office Supplies,"Scissors, Rulers and Trimmers",Atlantic,Newfoundland,Consumer,49,100.08,-85.58,0.08
2009-02-26,2009-02-01,Office Supplies,Paper,Atlantic,Newfoundland,Home Office,15,803.04,282.32,0.08
2010-01-08,2010-01-01,Office Supplies,Binders and Binder Accessories,Atlantic,Nova Scotia,Consumer,19,88.61,21.47,0.01
2010-09-15,2010-09-01,Office Supplies,Paper,Atlantic,Nova Scotia,Consumer,50,336.06,-240.78,0.01
2010-09-15,2010-09-01,Office Supplies,Pens & Art Supplies,Atlantic,Nova Scotia,Consumer,24,380.38,7.29,0.06
2009-06-02,2009-06-01,Office Supplies,Envelopes,Atlantic,Nova Scotia,Consumer,50,477.53,197.76,0.09
2009-06-02,2009-06-01,Technology,Telephones and Communication,Atlantic,Nova Scotia,Consumer,15,2690.7515,234.61,0.0
2010-02-25,2010-02-01,Technology,Office Machines,Atlantic,Nova Scotia,Consumer,3,315.28,-261.55,0.08
2010-05-23,2010-05-01,Office Supplies,Binders and Binder Accessories,Atlantic,Nova Scotia,Consumer,19,796.14,320.07,0.03
2010-05-23,2010-05-01,Office Supplies,Paper,Atlantic,Nova Scotia,Consumer,31,142.96,33.59,0.09
2010-07-25,2010-07-01,Furniture,Chairs & Chairmats,Atlantic,Nova Scotia,Consumer,18,2389.3,589.38,0.01
2010-07-25,2010-07-01,Technology,Telephones and Communication,Atlantic,Nova Scotia,Consumer,7,222.258,-77.9,0.03
2011-01-20,2011-01-01,Furniture,Office Furnishings,Atlantic,Nova Scotia,Consumer,7,128.62,-27.78,0.07
2011-01-20,2011-01-01,Office Supplies,Appliances,Atlantic,Nova Scotia,Consumer,50,424.0,-19.77,0.03
2011-01-20,2011-01-01,Technology,Computer Peripherals,Atlantic,Nova Scotia,Consumer,5,504.79,-245.09,0.03
2010-01-02,2010-01-01,Office Supplies,Envelopes,Atlantic,Nova Scotia,Consumer,9,740.2,239.94,0.05
2010-01-02,2010-01-01,Technology,Telephones and Communication,Atlantic,Nova Scotia,Consumer,23,1288.7785,-185.89,0.07
2011-03-17,2011-03-01,Office Supplies,Rubber Bands,Atlantic,Nova Scotia,Small Business,35,43.57,-19.17,0.1
2011-03-17,2011-03-01,Office Supplies,Pens & Art Supplies,Atlantic,Nova Scotia,Small Business,8,31.87,-1.25,0.1
2009-09-30,2009-09-01,Office Supplies,Binders and Binder Accessories,Atlantic,Nova Scotia,Home Office,29,1193.65,507.58,0.07
2011-05-19,2011-05-01,Office Supplies,Pens & Art Supplies,Atlantic,Nova Scotia,Corporate,4,40.02,-1.28,0.02
2009-04-08,2009-04-01,Technology,Computer Peripherals,Atlantic,Nova Scotia,Consumer,46,1895.55,807.62,0.06
2010-02-11,2010-02-01,Furniture,Chairs & Chairmats,Atlantic,Nova Scotia,Corporate,1,316.61,-187.29,0.1
2010-05-31,2010-05-01,Furniture,Tables,Atlantic,Nova Scotia,Small Business,20,5418.68,332.3,0.07
2012-09-22,2012-09-01,Office Supplies,Binders and Binder Accessories,Atlantic,Nova Scotia,Home Office,48,269.37,-103.55,0.05
2012-06-02,2012-06-01,Technology,Office Machines,Atlantic,Nova Scotia,Corporate,39,7338.79,4031.62,0.03
2012-06-02,2012-06-01,Office Supplies,Appliances,Atlantic,Nova Scotia,Corporate,47,12569.31,3160.63,0.1
2012-12-09,2012-12-01,Office Supplies,Paper,Atlantic,Nova Scotia,Corporate,27,177.95,-61.75,0.09
2010-06-27,2010-06-01,Office Supplies,Pens & Art Supplies,Atlantic,Nova Scotia,Small Business,11,225.14,-42.61,0.08
2012-02-09,2012-02-01,Office Supplies,Storage & Organization,Atlantic,Nova Scotia,Small Business,2,381.6,-319.02,0.1
2012-08-21,2012-08-01,Technology,Computer Peripherals,Atlantic,Nova Scotia,Small Business,25,831.52,259.47,0.07
2012-08-21,2012-08-01,Technology,Telephones and Communication,Atlantic,Nova Scotia,Small Business,10,1089.87,-124.51,0.06
2010-10-20,2010-10-01,Office Supplies,Appliances,Atlantic,Nova Scotia,Corporate,14,1068.79,56.05,0.07
2010-03-24,2010-03-01,Furniture,Office Furnishings,Atlantic,Nova Scotia,Corporate,49,2012.14,241.74,0.07
2009-03-20,2009-03-01,Technology,Computer Peripherals,Atlantic,Nova Scotia,Corporate,7,150.77,-72.23,0.01
2012-06-27,2012-06-01,Office Supplies,Binders and Binder Accessories,Atlantic,Nova Scotia,Corporate,49,295.24,-279.93,0.08
2012-06-19,2012-06-01,Furniture,Chairs & Chairmats,Atlantic,Nova Scotia,Corporate,4,481.27,-181.27,0.02
2012-04-04,2012-04-01,Office Supplies,Binders and Binder Accessories,Atlantic,Nova Scotia,Corporate,16,226.81,-5.37,0.05
2012-04-04,2012-04-01,Technology,Computer Peripherals,Atlantic,Nova Scotia,Corporate,46,511.07,-165.74,0.01
2010-02-25,2010-02-01,Office Supplies,Paper,Atlantic,Nova Scotia,Consumer,19,428.14,-6.04,0.04
2012-06-02,2012-06-01,Technology,Telephones and Communication,Atlantic,Nova Scotia,Home Office,44,2318.2135,583.75,0.07
2012-11-10,2012-11-01,Technology,Computer Peripherals,Atlantic,Nova Scotia,Consumer,16,36.23,-24.87,0.02
2009-03-18,2009-03-01,Furniture,Chairs & Chairmats,Atlantic,Nova Scotia,Small Business,16,5403.75,103.83,0.08
2011-07-14,2011-07-01,Furniture,Tables,Atlantic,Nova Scotia,Corporate,7,363.57,33.99,0.02
2012-05-13,2012-05-01,Office Supplies,Envelopes,Atlantic,Nova Scotia,Small Business,36,305.62,-129.86,0.1
2011-10-18,2011-10-01,Office Supplies,Pens & Art Supplies,Atlantic,Nova Scotia,Corporate,46,157.87,-115.8,0.0
2012-06-24,2012-06-01,Office Supplies,Storage & Organization,Atlantic,Nova Scotia,Home Office,4,1660.86,-164.59,0.04
2012-08-12,2012-08-01,Office Supplies,Binders and Binder Accessories,Atlantic,Nova Scotia,Consumer,22,9062.44,3858.28,0.05
2012-08-12,2012-08-01,Office Supplies,Binders and Binder Accessories,Atlantic,Nova Scotia,Consumer,49,1662.57,674.99,0.1
2010-10-16,2010-10-01,Office Supplies,Storage & Organization,Atlantic,Nova Scotia,Home Office,3,173.33,-121.39,0.09
2009-06-22,2009-06-01,Technology,Telephones and Communication,Atlantic,Nova Scotia,Small Business,23,2433.55,355.93,0.05
2010-01-31,2010-01-01,Office Supplies,Envelopes,Atlantic,Nova Scotia,Corporate,50,3872.38,1110.35,0.1
2009-06-15,2009-06-01,Office Supplies,Binders and Binder Accessories,Atlantic,Nova Scotia,Home Office,14,78.44,11.02,0.09
2011-11-16,2011-11-01,Office Supplies,Paper,Atlantic,Nova Scotia,Corporate,48,257.75,-66.26,0.02
2011-11-16,2011-11-01,Technology,Telephones and Communication,Atlantic,Nova Scotia,Corporate,48,5139.882,1275.67,0.01
2011-12-21,2011-12-01,Office Supplies,Envelopes,Atlantic,Nova Scotia,Small Business,28,229.43,61.09,0.08
2011-06-28,2011-06-01,Office Supplies,Rubber Bands,Atlantic,Nova Scotia,Corporate,36,123.13,20.57,0.05
2009-08-14,2009-08-01,Technology,Telephones and Communication,Atlantic,Nova Scotia,Consumer,15,2172.515,32.75,0.06
2012-01-05,2012-01-01,Office Supplies,Storage & Organization,Atlantic,Nova Scotia,Corporate,28,2160.27,-818.32,0.09
2012-08-23,2012-08-01,Office Supplies,Pens & Art Supplies,Atlantic,Nova Scotia,Home Office,46,134.42,9.34,0.05
2012-02-05,2012-02-01,Furniture,Tables,Atlantic,Nova Scotia,Consumer,40,3028.86,-2595.65,0.04
2009-05-27,2009-05-01,Office Supplies,Binders and Binder Accessories,Atlantic,Nova Scotia,Corporate,26,149.7,-132.63,0.05
2010-09-01,2010-09-01,Technology,Telephones and Communication,Atlantic,Nova Scotia,Home Office,5,284.6735,-247.24,0.04
2012-08-05,2012-08-01,Office Supplies,Appliances,Atlantic,Nova Scotia,Corporate,6,751.71,50.83,0.09
2010-07-16,2010-07-01,Technology,Telephones and Communication,Atlantic,Nova Scotia,Small Business,35,5311.973,1142.08,0.02
2010-07-16,2010-07-01,Technology,Telephones and Communication,Atlantic,Nova Scotia,Small Business,19,1061.905,152.75,0.06
2010-07-16,2010-07-01,Technology,Computer Peripherals,Atlantic,Nova Scotia,Small Business,48,1631.04,665.63,0.0
2011-12-08,2011-12-01,Technology,Office Machines,Atlantic,Nova Scotia,Consumer,11,183.32,-61.1,0.04
2009-01-19,2009-01-01,Office Supplies,Paper,Atlantic,Nova Scotia,Consumer,5,98.66,-19.52,0.1
2012-07-29,2012-07-01,Office Supplies,Pens & Art Supplies,Atlantic,Nova Scotia,Small Business,38,123.26,-4.73,0.02
2010-04-29,2010-04-01,Technology,Copiers and Fax,Atlantic,Nova Scotia,Consumer,5,2361.1,-1042.71,0.01
2012-12-09,2012-12-01,Furniture,Office Furnishings,Atlantic,Nova Scotia,Corporate,48,2011.46,171.07,0.01
2009-07-27,2009-07-01,Office Supplies,Pens & Art Supplies,Atlantic,Nova Scotia,Small Business,31,87.32,-1.18,0.08
2010-01-15,2010-01-01,Technology,Computer Peripherals,Atlantic,Nova Scotia,Small Business,33,77.55,-37.2,0.0
2009-06-15,2009-06-01,Office Supplies,Paper,Atlantic,Nova Scotia,Home Office,50,329.91,-279.93,0.04
2011-09-15,2011-09-01,Office Supplies,Paper,Atlantic,Nova Scotia,Consumer,8,342.27,-17.68,0.09
2010-11-03,2010-11-01,Technology,Office Machines,Atlantic,Nova Scotia,Small Business,1,794.58,-1748.34,0.09
2012-10-28,2012-10-01,Office Supplies,Paper,Atlantic,Nova Scotia,Small Business,41,980.95,234.68,0.02
2012-12-21,2012-12-01,Furniture,Office Furnishings,Atlantic,Nova Scotia,Small Business,45,285.91,-104.99,0.02
2012-12-21,2012-12-01,Technology,Telephones and Communication,Atlantic,Nova Scotia,Small Business,48,2611.8035,644.81,0.06
2012-08-22,2012-08-01,Office Supplies,Binders and Binder Accessories,Atlantic,Nova Scotia,Corporate,30,128.25,-95.31,0.07
2010-12-01,2010-12-01,Office Supplies,Binders and Binder Accessories,Atlantic,Nova Scotia,Consumer,6,141.27,28.14,0.08
2010-12-01,2010-12-01,Office Supplies,Rubber Bands,Atlantic,Nova Scotia,Consumer,9,16.02,-2.82,0.09
2011-05-21,2011-05-01,Office Supplies,Pens & Art Supplies,Atlantic,Nova Scotia,Corporate,47,202.64,28.75,0.03
2012-01-05,2012-01-01,Office Supplies,Paper,Atlantic,Nova Scotia,Home Office,40,453.98,67.6,0.02
2012-09-02,2012-09-01,Office Supplies,Storage & Organization,Atlantic,Nova Scotia,Consumer,36,5072.34,369.46,0.06
2011-01-16,2011-01-01,Office Supplies,Labels,Atlantic,Nova Scotia,Small Business,12,45.63,15.42,0.02
2010-09-12,2010-09-01,Furniture,Office Furnishings,Atlantic,Nova Scotia,Corporate,21,3685.38,1040.62,0.0
2012-04-27,2012-04-01,Technology,Computer Peripherals,Atlantic,Nova Scotia,Home Office,21,1090.11,55.87,0.08
2011-12-31,2011-12-01,Technology,Telephones and Communication,Atlantic,Nova Scotia,Small Business,2,60.5625,-165.54,0.02
2010-11-06,2010-11-01,Office Supplies,Envelopes,Atlantic,Nova Scotia,Corporate,23,67.47,-100.6,0.03
2011-01-31,2011-01-01,Furniture,Office Furnishings,Atlantic,Nova Scotia,Small Business,3,315.27,278.6,0.08
2011-10-30,2011-10-01,Office Supplies,Paper,Atlantic,Nova Scotia,Home Office,38,465.9,79.34,0.05
2010-06-26,2010-06-01,Furniture,Office Furnishings,Atlantic,Nova Scotia,Small Business,50,742.05,-337.98,0.05
2010-10-15,2010-10-01,Technology,Office Machines,Atlantic,Nova Scotia,Consumer,28,10253.75,3256.81,0.1
2010-03-09,2010-03-01,Office Supplies,Appliances,Atlantic,Nova Scotia,Corporate,42,3186.77,455.42,0.09
2012-10-22,2012-10-01,Office Supplies,Appliances,Atlantic,Nova Scotia,Corporate,36,3645.12,807.29,0.04
2010-10-31,2010-10-01,Technology,Computer Peripherals,Atlantic,Nova Scotia,Small Business,23,934.07,-7.5,0.07
2009-07-29,2009-07-01,Technology,Computer Peripherals,Atlantic,Nova Scotia,Consumer,35,175.08,-168.72,0.07
2009-07-26,2009-07-01,Office Supplies,Storage & Organization,Atlantic,Nova Scotia,Small Business,18,290.07,-114.2,0.07
2009-07-26,2009-07-01,Office Supplies,Paper,Atlantic,Nova Scotia,Small Business,31,196.81,70.39,0.06
2009-01-11,2009-01-01,Technology,Office Machines,Atlantic,Nova Scotia,Small Business,20,4531.34,653.68,0.08
2009-01-11,2009-01-01,Furniture,Office Furnishings,Atlantic,Nova Scotia,Small Business,44,574.5,-449.04,0.02
2009-01-11,2009-01-01,Office Supplies,Appliances,Atlantic,Nova Scotia,Small Business,18,262.94,-22.37,0.06
2011-02-02,2011-02-01,Technology,Telephones and Communication,Atlantic,Nova Scotia,Small Business,27,462.366,-120.05,0.1
2011-02-02,2011-02-01,Office Supplies,Pens & Art Supplies,Atlantic,Nova Scotia,Small Business,14,336.48,5.56,0.09
2011-02-18,2011-02-01,Office Supplies,Storage & Organization,Atlantic,Nova Scotia,Small Business,8,69.57,-36.06,0.05
2009-05-14,2009-05-01,Office Supplies,Paper,Atlantic,Nova Scotia,Home Office,8,45.73,-23.29,0.0
2010-09-10,2010-09-01,Office Supplies,Appliances,Atlantic,Nova Scotia,Corporate,4,58.44,-7.04,0.05
2012-11-01,2012-11-01,Furniture,Office Furnishings,Atlantic,Nova Scotia,Corporate,18,122.41,2.37,0.09
2010-04-15,2010-04-01,Office Supplies,Appliances,Atlantic,Nova Scotia,Small Business,50,2869.44,840.55,0.08
2011-12-29,2011-12-01,Office Supplies,Labels,Atlantic,Nova Scotia,Corporate,49,183.08,82.49,0.01
2010-09-29,2010-09-01,Office Supplies,Envelopes,Atlantic,Nova Scotia,Corporate,28,257.9,-84.69,0.0
2009-02-21,2009-02-01,Technology,Computer Peripherals,Atlantic,Nova Scotia,Small Business,18,901.81,-76.89,0.02
2009-05-18,2009-05-01,Technology,Telephones and Communication,Atlantic,Nova Scotia,Corporate,38,623.1265,122.29,0.09
2009-10-26,2009-10-01,Office Supplies,Storage & Organization,Atlantic,Nova Scotia,Consumer,27,2651.23,-741.81,0.09
2009-03-24,2009-03-01,Furniture,Office Furnishings,Atlantic,Nova Scotia,Small Business,17,107.56,-25.0,0.1
2009-03-24,2009-03-01,Office Supplies,Envelopes,Atlantic,Nova Scotia,Small Business,15,1386.69,363.0,0.05
2010-12-25,2010-12-01,Technology,Copiers and Fax,Atlantic,Nova Scotia,Corporate,16,6813.93,358.19,0.09
2012-04-22,2012-04-01,Office Supplies,Appliances,Atlantic,Nova Scotia,Home Office,9,44.51,-43.48,0.01
2010-11-17,2010-11-01,Technology,Office Machines,Atlantic,Nova Scotia,Small Business,23,218.29,-32.43,0.09
2010-12-19,2010-12-01,Furniture,Office Furnishings,Atlantic,Nova Scotia,Consumer,38,1554.21,114.45,0.08
2012-09-11,2012-09-01,Office Supplies,Binders and Binder Accessories,Atlantic,Nova Scotia,Corporate,7,273.42,10.06,0.0
2012-09-14,2012-09-01,Office Supplies,Appliances,Atlantic,Nova Scotia,Consumer,19,773.83,146.79,0.06
2010-02-23,2010-02-01,Office Supplies,Paper,Atlantic,Nova Scotia,Consumer,37,1356.45,47.65,0.02
2010-02-23,2010-02-01,Office Supplies,Storage & Organization,Atlantic,Nova Scotia,Consumer,13,250.75,-43.52,0.02
2010-02-23,2010-02-01,Technology,Computer Peripherals,Atlantic,Nova Scotia,Consumer,31,313.05,81.87,0.02
2011-08-23,2011-08-01,Technology,Telephones and Communication,Atlantic,Nova Scotia,Corporate,39,6888.6635,1925.58,0.03
2009-07-21,2009-07-01,Office Supplies,Storage & Organization,Atlantic,Nova Scotia,Corporate,23,384.21,-266.22,0.04
2011-06-14,2011-06-01,Office Supplies,Paper,Atlantic,Nova Scotia,Corporate,1,10.48,-3.78,0.0
2009-10-04,2009-10-01,Office Supplies,Appliances,Atlantic,Nova Scotia,Corporate,6,17.59,-19.74,0.1
2011-08-21,2011-08-01,Furniture,Office Furnishings,Atlantic,Nova Scotia,Small Business,1,11.81,-7.95,0.01
2011-08-21,2011-08-01,Furniture,Tables,Atlantic,Nova Scotia,Consumer,39,4211.0,-270.57,0.07
2011-01-24,2011-01-01,Office Supplies,Binders and Binder Accessories,Atlantic,Nova Scotia,Small Business,18,89.99,18.96,0.0
2009-08-27,2009-08-01,Office Supplies,Paper,Atlantic,Nova Scotia,Home Office,50,343.0,-76.94,0.0
2010-03-09,2010-03-01,Office Supplies,Paper,Atlantic,Nova Scotia,Consumer,28,164.22,-124.72,0.1
2009-06-02,2009-06-01,Office Supplies,"Scissors, Rulers and Trimmers",Atlantic,Nova Scotia,Small Business,17,182.47,-3.18,0.05
2012-10-30,2012-10-01,Office Supplies,Paper,Atlantic,Nova Scotia,Small Business,18,132.78,-130.96,0.09
2009-10-22,2009-10-01,Office Supplies,Paper,Atlantic,Nova Scotia,Small Business,45,2096.7,939.67,0.03
2010-10-19,2010-10-01,Office Supplies,Paper,Atlantic,Nova Scotia,Home Office,12,81.87,-31.14,0.07
2011-02-21,2011-02-01,Office Supplies,Paper,Atlantic,Nova Scotia,Corporate,30,164.41,-128.52,0.0
2010-07-16,2010-07-01,Technology,Computer Peripherals,Atlantic,Nova Scotia,Small Business,15,144.14,12.09,0.05
2010-07-16,2010-07-01,Office Supplies,Rubber Bands,Atlantic,Nova Scotia,Small Business,9,30.65,0.08,0.03
2009-09-12,2009-09-01,Office Supplies,Binders and Binder Accessories,Atlantic,Nova Scotia,Consumer,40,259.83,80.73,0.0
2009-05-11,2009-05-01,Office Supplies,Binders and Binder Accessories,Atlantic,Nova Scotia,Small Business,14,57.28,7.31,0.02
2009-05-11,2009-05-01,Office Supplies,Paper,Atlantic,Nova Scotia,Small Business,32,227.87,-130.61,0.02
2012-01-03,2012-01-01,Furniture,Chairs & Chairmats,Atlantic,Nova Scotia,Corporate,25,5859.25,1358.53,0.02
2011-12-21,2011-12-01,Furniture,Tables,Atlantic,Nova Scotia,Home Office,49,26622.55,3146.22,0.08
2009-12-09,2009-12-01,Furniture,Office Furnishings,Atlantic,Nova Scotia,Corporate,3,26.5,20.12,0.05
2011-10-26,2011-10-01,Office Supplies,Binders and Binder Accessories,Atlantic,Nova Scotia,Small Business,19,267.0,-2.83,0.09
2009-08-31,2009-08-01,Office Supplies,Binders and Binder Accessories,Atlantic,Nova Scotia,Corporate,25,265.75,14.0,0.06
2011-12-18,2011-12-01,Office Supplies,Binders and Binder Accessories,Atlantic,Nova Scotia,Corporate,21,162.25,-42.72,0.03
2010-01-17,2010-01-01,Office Supplies,Pens & Art Supplies,Atlantic,Nova Scotia,Small Business,26,85.71,9.32,0.08
2009-06-06,2009-06-01,Office Supplies,Pens & Art Supplies,Atlantic,Nova Scotia,Consumer,39,104.97,3.21,0.07
2011-05-08,2011-05-01,Technology,Computer Peripherals,Atlantic,Nova Scotia,Consumer,29,184.74,-102.25,0.0
2009-05-19,2009-05-01,Office Supplies,Binders and Binder Accessories,Atlantic,Nova Scotia,Home Office,3,526.76,-93.83,0.07
2012-07-02,2012-07-01,Office Supplies,Storage & Organization,Atlantic,Nova Scotia,Small Business,18,1769.9,-468.89,0.05
2010-08-04,2010-08-01,Office Supplies,Appliances,Atlantic,Nova Scotia,Consumer,45,615.68,-54.34,0.08
2011-05-27,2011-05-01,Office Supplies,Labels,Atlantic,Nova Scotia,Small Business,18,126.62,60.79,0.08
2011-07-27,2011-07-01,Office Supplies,Pens & Art Supplies,Atlantic,Nova Scotia,Corporate,37,111.39,20.06,0.02
2011-11-26,2011-11-01,Office Supplies,Rubber Bands,Atlantic,Nova Scotia,Small Business,16,54.32,16.11,0.09
2012-11-08,2012-11-01,Furniture,Tables,Atlantic,Nova Scotia,Corporate,29,2185.61,-2897.25,0.01
2011-04-02,2011-04-01,Office Supplies,Pens & Art Supplies,Atlantic,Nova Scotia,Corporate,48,184.1,43.2,0.04
2010-01-11,2010-01-01,Technology,Office Machines,Atlantic,Nova Scotia,Small Business,48,25312.0,8788.81,0.01
2010-01-11,2010-01-01,Office Supplies,Storage & Organization,Atlantic,Nova Scotia,Small Business,14,2138.63,453.03,0.01
2010-02-13,2010-02-01,Office Supplies,Paper,Atlantic,Nova Scotia,Consumer,12,76.04,-47.55,0.04
2012-12-12,2012-12-01,Furniture,Chairs & Chairmats,Atlantic,Nova Scotia,Corporate,24,4408.27,329.28,0.04
2010-06-10,2010-06-01,Furniture,Bookcases,Atlantic,Nova Scotia,Consumer,30,4011.65,-603.8,0.05
2010-12-28,2010-12-01,Office Supplies,Paper,Atlantic,Nova Scotia,Home Office,21,154.35,-91.14,0.0
2010-12-28,2010-12-01,Office Supplies,Storage & Organization,Atlantic,Nova Scotia,Home Office,7,201.36,-284.4,0.0
2010-10-16,2010-10-01,Technology,Telephones and Communication,Atlantic,Nova Scotia,Corporate,9,884.1275,-178.71,0.06
2009-12-05,2009-12-01,Technology,Copiers and Fax,Atlantic,Nova Scotia,Home Office,32,21717.36,8249.86,0.06
2010-03-16,2010-03-01,Office Supplies,Paper,Atlantic,Nova Scotia,Corporate,16,692.73,94.97,0.01
2009-11-04,2009-11-01,Office Supplies,Pens & Art Supplies,Atlantic,Nova Scotia,Corporate,6,22.19,-3.51,0.01
2009-06-22,2009-06-01,Technology,Computer Peripherals,Atlantic,Nova Scotia,Consumer,43,815.89,-20.25,0.1
2012-09-22,2012-09-01,Furniture,Chairs & Chairmats,Atlantic,Nova Scotia,Home Office,41,4933.99,1161.89,0.1
2009-05-25,2009-05-01,Office Supplies,Labels,Atlantic,Nova Scotia,Home Office,23,72.93,28.55,0.01
2010-12-20,2010-12-01,Furniture,Chairs & Chairmats,Atlantic,Nova Scotia,Consumer,42,2537.88,-377.25,0.03
2010-06-01,2010-06-01,Furniture,Bookcases,Atlantic,Nova Scotia,Consumer,38,19269.05,4127.79,0.0
2009-05-13,2009-05-01,Technology,Telephones and Communication,Atlantic,Nova Scotia,Corporate,33,1590.163,-57.54,0.01
2011-12-22,2011-12-01,Office Supplies,Envelopes,Atlantic,Nova Scotia,Home Office,26,311.38,34.12,0.06
2010-11-25,2010-11-01,Office Supplies,Pens & Art Supplies,Atlantic,Nova Scotia,Corporate,8,24.72,-21.47,0.06
2010-01-07,2010-01-01,Office Supplies,Paper,Atlantic,Nova Scotia,Home Office,12,116.38,29.68,0.08
2009-12-19,2009-12-01,Furniture,Tables,Atlantic,Nova Scotia,Corporate,30,14922.16,545.7,0.1
2012-01-23,2012-01-01,Office Supplies,Appliances,Atlantic,Nova Scotia,Home Office,1,62.77,-36.84,0.01
2011-08-12,2011-08-01,Office Supplies,Paper,Atlantic,Nova Scotia,Small Business,36,240.14,57.78,0.06
2012-06-19,2012-06-01,Technology,Office Machines,Atlantic,Nova Scotia,Corporate,40,879.54,166.93,0.09
2009-09-14,2009-09-01,Furniture,Tables,Atlantic,Nova Scotia,Small Business,4,1620.94,-969.05,0.1
2011-06-05,2011-06-01,Office Supplies,Paper,Atlantic,Nova Scotia,Small Business,48,269.93,119.64,0.05
2012-12-23,2012-12-01,Furniture,Chairs & Chairmats,Atlantic,Nova Scotia,Corporate,45,4547.9,-768.14,0.01
2009-04-14,2009-04-01,Furniture,Tables,Atlantic,Nova Scotia,Home Office,18,4212.752,-715.78,0.06
2011-03-20,2011-03-01,Office Supplies,Rubber Bands,Atlantic,Nova Scotia,Consumer,32,119.2,30.61,0.06
2010-11-29,2010-11-01,Office Supplies,Binders and Binder Accessories,Atlantic,Nova Scotia,Corporate,48,418.82,-60.21,0.02
2011-02-13,2011-02-01,Office Supplies,Binders and Binder Accessories,Atlantic,Nova Scotia,Corporate,23,127.17,-108.13,0.1
2009-02-24,2009-02-01,Office Supplies,Storage & Organization,Atlantic,Nova Scotia,Small Business,17,2545.89,-321.51,0.01
2009-03-15,2009-03-01,Technology,Computer Peripherals,Atlantic,Nova Scotia,Consumer,17,281.84,-99.55,0.1
2011-10-26,2011-10-01,Office Supplies,Labels,Atlantic,Nova Scotia,Home Office,26,106.03,42.89,0.09
2009-04-06,2009-04-01,Office Supplies,Rubber Bands,Atlantic,Nova Scotia,Small Business,29,65.16,-7.04,0.03
2012-07-19,2012-07-01,Office Supplies,Appliances,Atlantic,Nova Scotia,Small Business,33,2269.41,630.18,0.05
2012-05-13,2012-05-01,Technology,Telephones and Communication,Atlantic,Nova Scotia,Small Business,46,2514.5125,601.65,0.04
2011-06-28,2011-06-01,Furniture,Chairs & Chairmats,Atlantic,Nova Scotia,Corporate,9,1425.21,-65.02,0.1
2010-10-07,2010-10-01,Technology,Telephones and Communication,Atlantic,Nova Scotia,Small Business,24,2435.5135,315.49,0.08
2009-03-29,2009-03-01,Technology,Telephones and Communication,Atlantic,Nova Scotia,Small Business,19,568.7435,143.79,0.05
2012-09-04,2012-09-01,Furniture,Tables,Atlantic,Nova Scotia,Consumer,20,2506.38,-500.46,0.07
2011-04-29,2011-04-01,Office Supplies,Appliances,Atlantic,Nova Scotia,Small Business,49,1959.43,467.72,0.09
2011-04-29,2011-04-01,Furniture,Chairs & Chairmats,Atlantic,Nova Scotia,Small Business,39,14072.64,2177.54,0.02
2011-04-24,2011-04-01,Technology,Office Machines,Atlantic,Nova Scotia,Consumer,47,5549.79,1300.8,0.09
2009-05-27,2009-05-01,Technology,Telephones and Communication,Atlantic,Nova Scotia,Corporate,41,728.127,49.79,0.02
2012-05-13,2012-05-01,Technology,Telephones and Communication,Atlantic,Nova Scotia,Corporate,22,1118.2515,-59.59,0.1
2012-05-13,2012-05-01,Office Supplies,Binders and Binder Accessories,Atlantic,Nova Scotia,Corporate,40,609.4,-89.23,0.04
2011-12-30,2011-12-01,Technology,Computer Peripherals,Atlantic,Nova Scotia,Corporate,36,282.58,21.68,0.1
2011-06-29,2011-06-01,Office Supplies,Paper,Atlantic,Nova Scotia,Corporate,16,61.5,-16.27,0.09
2011-06-29,2011-06-01,Technology,Telephones and Communication,Atlantic,Nova Scotia,Corporate,10,324.3175,-169.74,0.03
2010-07-16,2010-07-01,Office Supplies,Binders and Binder Accessories,Atlantic,Nova Scotia,Small Business,49,214.62,-151.42,0.05
2011-12-08,2011-12-01,Furniture,Office Furnishings,Atlantic,Nova Scotia,Consumer,8,194.11,87.66,0.03
2010-04-29,2010-04-01,Office Supplies,Storage & Organization,Atlantic,Nova Scotia,Consumer,11,167.53,-40.94,0.03
2010-04-29,2010-04-01,Furniture,Office Furnishings,Atlantic,Nova Scotia,Consumer,42,1060.34,-174.94,0.04
2010-06-15,2010-06-01,Technology,Office Machines,Atlantic,Nova Scotia,Consumer,5,751.94,-283.94,0.02
2011-09-23,2011-09-01,Office Supplies,Pens & Art Supplies,Atlantic,Nova Scotia,Small Business,17,48.24,-1.62,0.09
2010-05-14,2010-05-01,Office Supplies,Paper,Atlantic,Nova Scotia,Consumer,36,200.08,-62.97,0.05
2010-04-03,2010-04-01,Furniture,Office Furnishings,Atlantic,Nova Scotia,Small Business,33,1934.6,614.03,0.09
2010-08-17,2010-08-01,Office Supplies,Rubber Bands,Atlantic,Nova Scotia,Consumer,18,144.84,21.49,0.0
2010-05-30,2010-05-01,Technology,Computer Peripherals,Atlantic,Nova Scotia,Small Business,13,24.96,-20.68,0.01
2011-09-15,2011-09-01,Office Supplies,"Scissors, Rulers and Trimmers",Atlantic,Nova Scotia,Consumer,39,577.95,-86.43,0.07
2012-01-16,2012-01-01,Office Supplies,Paper,Atlantic,Nova Scotia,Home Office,5,255.31,41.41,0.02
2009-10-31,2009-10-01,Technology,Telephones and Communication,Atlantic,Nova Scotia,Corporate,4,129.7865,-116.51,0.05
2010-11-30,2010-11-01,Office Supplies,Storage & Organization,Atlantic,Nova Scotia,Small Business,50,1844.26,47.58,0.03
2011-12-29,2011-12-01,Furniture,Tables,Atlantic,Nova Scotia,Corporate,20,3467.28,-433.29,0.06
2009-07-28,2009-07-01,Furniture,Chairs & Chairmats,Atlantic,Nova Scotia,Corporate,46,5897.47,-1764.29,0.0
2010-10-13,2010-10-01,Office Supplies,Binders and Binder Accessories,Atlantic,Nova Scotia,Small Business,1,415.0,-199.31,0.07
2009-05-05,2009-05-01,Office Supplies,Paper,Atlantic,Nova Scotia,Home Office,40,1233.51,308.67,0.05
2010-06-30,2010-06-01,Technology,Computer Peripherals,Atlantic,Nova Scotia,Corporate,48,379.78,-71.59,0.1
2012-03-28,2012-03-01,Technology,Computer Peripherals,Atlantic,Nova Scotia,Small Business,30,856.34,248.91,0.06
2009-08-16,2009-08-01,Office Supplies,Envelopes,Atlantic,Nova Scotia,Corporate,2,29.06,-16.15,0.1
2010-06-10,2010-06-01,Technology,Telephones and Communication,Atlantic,Nova Scotia,Small Business,46,2526.54,772.11,0.04
2012-02-15,2012-02-01,Technology,Telephones and Communication,Atlantic,Nova Scotia,Consumer,31,206.2865,-111.98,0.05
2012-06-16,2012-06-01,Office Supplies,Storage & Organization,Atlantic,Nova Scotia,Small Business,24,5452.9,426.67,0.07
2010-10-15,2010-10-01,Office Supplies,Pens & Art Supplies,Atlantic,Nova Scotia,Consumer,36,840.24,19.73,0.0
2009-02-26,2009-02-01,Technology,Telephones and Communication,Atlantic,Nova Scotia,Home Office,23,3637.728,349.47,0.06
2012-09-27,2012-09-01,Furniture,Office Furnishings,Atlantic,Nova Scotia,Small Business,27,2398.9,656.95,0.09
2010-09-26,2010-09-01,Furniture,Tables,Atlantic,Nova Scotia,Corporate,6,763.448,-352.96,0.05
2011-03-20,2011-03-01,Office Supplies,Binders and Binder Accessories,Atlantic,Nova Scotia,Home Office,50,306.13,87.6,0.09
2010-05-06,2010-05-01,Office Supplies,Paper,Atlantic,Nova Scotia,Home Office,21,128.86,-42.81,0.1
2009-01-09,2009-01-01,Office Supplies,Pens & Art Supplies,Atlantic,Nova Scotia,Small Business,24,64.11,-4.09,0.09
2009-07-29,2009-07-01,Furniture,Chairs & Chairmats,Atlantic,Nova Scotia,Consumer,19,5369.46,-439.62,0.07
2011-02-24,2011-02-01,Office Supplies,Paper,Atlantic,Nova Scotia,Small Business,2,11.15,-5.54,0.04
2011-11-30,2011-11-01,Technology,Telephones and Communication,Atlantic,Nova Scotia,Home Office,17,524.212,127.85,0.04
2009-07-31,2009-07-01,Furniture,Tables,Atlantic,Nova Scotia,Corporate,23,367.53,11.65,0.03
2010-07-26,2010-07-01,Technology,Telephones and Communication,Atlantic,Nova Scotia,Home Office,19,1083.4015,64.53,0.02
2012-10-12,2012-10-01,Technology,Telephones and Communication,Atlantic,Nova Scotia,Corporate,3,329.63,-541.33,0.05
2009-07-08,2009-07-01,Office Supplies,Binders and Binder Accessories,Atlantic,Nova Scotia,Home Office,23,139.45,-137.49,0.02
2009-05-18,2009-05-01,Office Supplies,Binders and Binder Accessories,Atlantic,Nova Scotia,Corporate,15,62.62,-67.06,0.1
2009-05-18,2009-05-01,Office Supplies,Paper,Atlantic,Nova Scotia,Corporate,5,64.25,-7.94,0.07
2012-09-20,2012-09-01,Office Supplies,Storage & Organization,Atlantic,Nova Scotia,Home Office,39,2617.13,368.87,0.0
2012-06-10,2012-06-01,Office Supplies,Binders and Binder Accessories,Atlantic,Nova Scotia,Corporate,1,8.49,-5.74,0.06
2009-12-14,2009-12-01,Office Supplies,Paper,Atlantic,Nova Scotia,Consumer,40,2169.49,1043.43,0.06
2012-08-27,2012-08-01,Office Supplies,Envelopes,Atlantic,Nova Scotia,Small Business,4,64.09,3.72,0.02
2009-06-07,2009-06-01,Furniture,Office Furnishings,Atlantic,Nova Scotia,Consumer,48,2208.31,569.08,0.04
2010-12-19,2010-12-01,Technology,Telephones and Communication,Atlantic,Nova Scotia,Consumer,22,1295.502,224.86,0.01
2010-07-25,2010-07-01,Furniture,Office Furnishings,Atlantic,Nova Scotia,Small Business,20,873.82,244.45,0.1
2009-01-07,2009-01-01,Office Supplies,Pens & Art Supplies,Atlantic,Nova Scotia,Corporate,6,11.57,-2.06,0.01
2010-05-12,2010-05-01,Office Supplies,Binders and Binder Accessories,Atlantic,Nova Scotia,Small Business,36,1449.45,620.07,0.04
2009-11-10,2009-11-01,Office Supplies,Paper,Atlantic,Nova Scotia,Small Business,10,80.92,-20.16,0.09
2009-08-22,2009-08-01,Furniture,Chairs & Chairmats,Atlantic,Nova Scotia,Consumer,50,7817.45,-1303.6,0.03
2010-10-16,2010-10-01,Furniture,Office Furnishings,Atlantic,Nova Scotia,Consumer,4,63.93,40.63,0.03
2011-03-21,2011-03-01,Office Supplies,Labels,Atlantic,Nova Scotia,Small Business,46,110.96,35.92,0.08
2012-11-08,2012-11-01,Office Supplies,Binders and Binder Accessories,Atlantic,Nova Scotia,Consumer,18,2130.82,818.92,0.05
2011-08-23,2011-08-01,Technology,Telephones and Communication,Atlantic,Nova Scotia,Corporate,43,720.613,329.68,0.07
2012-09-01,2012-09-01,Furniture,Tables,Atlantic,Nova Scotia,Home Office,16,3075.752,-572.69,0.04
2012-10-04,2012-10-01,Office Supplies,Paper,Atlantic,Nova Scotia,Small Business,18,85.03,-75.31,0.05
2011-08-21,2011-08-01,Office Supplies,Binders and Binder Accessories,Atlantic,Nova Scotia,Small Business,26,164.1,-41.22,0.03
2011-08-21,2011-08-01,Technology,Computer Peripherals,Atlantic,Nova Scotia,Small Business,23,1316.87,204.7,0.02
2010-06-21,2010-06-01,Office Supplies,Labels,Atlantic,Nova Scotia,Small Business,11,38.24,-37.55,0.02
2012-01-27,2012-01-01,Office Supplies,Pens & Art Supplies,Atlantic,Nova Scotia,Corporate,27,80.33,2.49,0.01
2009-09-01,2009-09-01,Furniture,Office Furnishings,Atlantic,Nova Scotia,Home Office,43,3832.24,-1570.32,0.09
2010-12-05,2010-12-01,Furniture,Tables,Atlantic,Nova Scotia,Corporate,48,9708.64,-528.65,0.1
2011-10-25,2011-10-01,Technology,Telephones and Communication,Atlantic,Nova Scotia,Home Office,40,6618.457,1489.96,0.1
2010-03-03,2010-03-01,Technology,Telephones and Communication,Atlantic,Nova Scotia,Home Office,15,803.267,-19.97,0.06
2011-03-03,2011-03-01,Furniture,Office Furnishings,Atlantic,Nova Scotia,Home Office,1,22.74,-13.59,0.03
2011-02-21,2011-02-01,Furniture,Office Furnishings,Atlantic,Nova Scotia,Corporate,19,1882.18,336.26,0.09
2010-07-16,2010-07-01,Office Supplies,Pens & Art Supplies,Atlantic,Nova Scotia,Small Business,23,103.2,17.89,0.02
2009-09-12,2009-09-01,Office Supplies,Labels,Atlantic,Nova Scotia,Consumer,19,88.4,35.5,0.08
2011-02-14,2011-02-01,Office Supplies,Pens & Art Supplies,Atlantic,Nova Scotia,Small Business,34,390.35,71.03,0.05
2012-09-25,2012-09-01,Office Supplies,Binders and Binder Accessories,Atlantic,Nova Scotia,Corporate,36,772.67,286.87,0.0
2011-11-11,2011-11-01,Furniture,Tables,Atlantic,Nova Scotia,Consumer,10,1875.18,-433.29,0.01
2009-06-24,2009-06-01,Furniture,Office Furnishings,Atlantic,Nova Scotia,Corporate,42,375.76,-241.63,0.0
2011-07-27,2011-07-01,Office Supplies,Labels,Atlantic,Nova Scotia,Corporate,20,92.15,36.98,0.08
2012-02-14,2012-02-01,Technology,Telephones and Communication,Atlantic,Nova Scotia,Consumer,18,821.7885,-230.34,0.06
2012-12-03,2012-12-01,Office Supplies,Paper,Atlantic,Nova Scotia,Consumer,13,95.68,-15.27,0.07
2011-11-01,2011-11-01,Office Supplies,Storage & Organization,Atlantic,Nova Scotia,Corporate,7,73.86,-52.49,0.08
2011-05-27,2011-05-01,Furniture,Bookcases,Atlantic,Nova Scotia,Small Business,17,979.52,-362.04,0.1
2012-04-22,2012-04-01,Furniture,Tables,Atlantic,Nova Scotia,Consumer,35,5740.624,-526.48,0.09
2010-01-14,2010-01-01,Furniture,Chairs & Chairmats,Atlantic,Nova Scotia,Small Business,49,5332.42,-219.2,0.06
2012-02-26,2012-02-01,Technology,Computer Peripherals,Atlantic,Nova Scotia,Small Business,4,21.84,-25.31,0.02
2010-01-11,2010-01-01,Technology,Computer Peripherals,Atlantic,Nova Scotia,Small Business,47,1597.02,749.03,0.01
2011-06-03,2011-06-01,Office Supplies,Binders and Binder Accessories,Quebec,Quebec,Consumer,34,218.27,-44.14,0.03
2011-06-03,2011-06-01,Office Supplies,Rubber Bands,Quebec,Quebec,Consumer,17,100.95,-21.3,0.05
2012-11-30,2012-11-01,Furniture,Office Furnishings,Quebec,Quebec,Corporate,41,628.22,163.81,0.0
2012-11-30,2012-11-01,Furniture,Tables,Quebec,Quebec,Corporate,24,3366.1,-335.32,0.07
2010-06-02,2010-06-01,Technology,Computer Peripherals,Quebec,Quebec,Consumer,40,676.13,45.39,0.03
2010-06-02,2010-06-01,Furniture,Tables,Quebec,Quebec,Consumer,26,7668.55,-715.78,0.04
2009-08-31,2009-08-01,Office Supplies,Binders and Binder Accessories,Quebec,Quebec,Consumer,34,226.1,-52.21,0.0
2012-10-14,2012-10-01,Technology,Telephones and Communication,Quebec,Quebec,Consumer,40,2135.9735,239.4,0.07
2009-06-02,2009-06-01,Furniture,Tables,Quebec,Quebec,Corporate,21,3905.75,55.3,0.01
2009-06-29,2009-06-01,Technology,Computer Peripherals,Quebec,Quebec,Home Office,22,1651.09,-2.38,0.05
2009-06-29,2009-06-01,Office Supplies,Paper,Quebec,Quebec,Home Office,14,95.89,-46.31,0.0
2009-06-29,2009-06-01,Office Supplies,Pens & Art Supplies,Quebec,Quebec,Home Office,23,80.38,-71.11,0.09
2010-06-28,2010-06-01,Office Supplies,Binders and Binder Accessories,Quebec,Quebec,Corporate,32,182.33,40.85,0.1
2009-01-16,2009-01-01,Furniture,Office Furnishings,Quebec,Quebec,Consumer,6,679.6,-85.76,0.02
2009-01-16,2009-01-01,Office Supplies,Paper,Quebec,Quebec,Consumer,30,257.42,59.18,0.01
2010-10-28,2010-10-01,Office Supplies,Binders and Binder Accessories,Quebec,Quebec,Consumer,21,78.17,-72.7,0.01
2009-02-08,2009-02-01,Technology,Computer Peripherals,Quebec,Quebec,Consumer,4,718.03,-427.47,0.07
2011-11-09,2011-11-01,Technology,Computer Peripherals,Quebec,Quebec,Home Office,30,534.96,-26.72,0.08
2012-03-16,2012-03-01,Technology,Office Machines,Quebec,Quebec,Consumer,7,887.94,49.45,0.02
2009-09-30,2009-09-01,Office Supplies,Paper,Quebec,Quebec,Corporate,29,180.38,-119.32,0.08
2009-06-11,2009-06-01,Technology,Computer Peripherals,Quebec,Quebec,Corporate,14,569.21,-38.51,0.01
2012-01-12,2012-01-01,Furniture,Office Furnishings,Quebec,Quebec,Consumer,30,260.12,36.54,0.05
2010-03-24,2010-03-01,Office Supplies,Storage & Organization,Quebec,Quebec,Corporate,14,284.62,-27.08,0.1
2011-11-22,2011-11-01,Office Supplies,Labels,Quebec,Quebec,Home Office,41,159.26,73.89,0.01
2009-05-28,2009-05-01,Office Supplies,Appliances,Quebec,Quebec,Consumer,1,57.84,-41.77,0.07
2009-05-28,2009-05-01,Furniture,Office Furnishings,Quebec,Quebec,Consumer,42,3991.99,-1014.11,0.0
2011-06-25,2011-06-01,Office Supplies,Binders and Binder Accessories,Quebec,Quebec,Corporate,47,2926.33,499.27,0.09
2011-06-25,2011-06-01,Office Supplies,Binders and Binder Accessories,Quebec,Quebec,Corporate,20,40.05,-10.22,0.1
2011-06-25,2011-06-01,Technology,Computer Peripherals,Quebec,Quebec,Corporate,20,552.87,-64.82,0.01
2011-06-25,2011-06-01,Furniture,Office Furnishings,Quebec,Quebec,Corporate,12,26.33,-33.61,0.05
2010-04-05,2010-04-01,Furniture,Bookcases,Quebec,Quebec,Corporate,50,2851.17,-868.88,0.06
2010-04-05,2010-04-01,Office Supplies,Storage & Organization,Quebec,Quebec,Corporate,15,183.43,-41.86,0.06
2011-01-06,2011-01-01,Office Supplies,Paper,Quebec,Quebec,Consumer,5,51.3,-32.48,0.05
2011-01-06,2011-01-01,Furniture,Office Furnishings,Quebec,Quebec,Consumer,1,8.48,-7.9,0.1
2011-01-06,2011-01-01,Office Supplies,Pens & Art Supplies,Quebec,Quebec,Consumer,26,87.52,-70.02,0.03
2012-08-10,2012-08-01,Technology,Telephones and Communication,Quebec,Quebec,Small Business,50,1497.7595,483.66,0.04
2009-12-23,2009-12-01,Furniture,Tables,Quebec,Quebec,Home Office,41,2811.7,-3074.27,0.09
2012-08-09,2012-08-01,Office Supplies,Appliances,Quebec,Quebec,Corporate,31,131.2,-107.98,0.01
2011-06-16,2011-06-01,Office Supplies,Labels,Quebec,Quebec,Home Office,17,53.91,19.47,0.05
2009-03-17,2009-03-01,Office Supplies,Paper,Quebec,Quebec,Home Office,39,223.64,-90.26,0.1
2011-04-28,2011-04-01,Furniture,Office Furnishings,Quebec,Quebec,Home Office,2,203.3,148.25,0.08
2011-04-28,2011-04-01,Technology,Telephones and Communication,Quebec,Quebec,Home Office,2,196.8515,-606.6,0.09
2010-02-24,2010-02-01,Office Supplies,Appliances,Quebec,Quebec,Home Office,4,40.23,-30.26,0.05
2009-09-11,2009-09-01,Furniture,Office Furnishings,Quebec,Quebec,Corporate,39,341.55,-255.65,0.06
2009-09-11,2009-09-01,Office Supplies,Paper,Quebec,Quebec,Corporate,14,98.37,-76.54,0.09
2010-07-05,2010-07-01,Office Supplies,Paper,Quebec,Quebec,Home Office,2,19.36,-11.85,0.1
2010-07-05,2010-07-01,Office Supplies,Binders and Binder Accessories,Quebec,Quebec,Home Office,30,206.27,-54.44,0.09
2012-06-12,2012-06-01,Office Supplies,Binders and Binder Accessories,Quebec,Quebec,Home Office,3,133.9,-14.58,0.03
2010-03-27,2010-03-01,Office Supplies,Storage & Organization,Quebec,Quebec,Corporate,42,2040.95,-1231.87,0.07
2010-03-03,2010-03-01,Office Supplies,Binders and Binder Accessories,Quebec,Quebec,Home Office,39,446.04,59.04,0.01
2010-03-03,2010-03-01,Furniture,Tables,Quebec,Quebec,Home Office,46,18421.2,-969.05,0.06
2012-09-24,2012-09-01,Office Supplies,Pens & Art Supplies,Quebec,Quebec,Home Office,26,1090.4,146.24,0.06
2012-12-02,2012-12-01,Technology,Computer Peripherals,Quebec,Quebec,Home Office,50,1100.21,433.59,0.03
2010-04-23,2010-04-01,Office Supplies,Binders and Binder Accessories,Quebec,Quebec,Consumer,24,104.89,22.84,0.07
2011-08-17,2011-08-01,Furniture,Tables,Quebec,Quebec,Consumer,41,10714.78,-627.64,0.0
2011-04-18,2011-04-01,Technology,Computer Peripherals,Quebec,Quebec,Consumer,46,1824.13,104.51,0.05
2011-04-18,2011-04-01,Office Supplies,Envelopes,Quebec,Quebec,Consumer,27,151.38,-55.61,0.04
2009-01-01,2009-01-01,Office Supplies,Storage & Organization,Quebec,Quebec,Home Office,9,872.48,-342.91,0.08
2011-05-09,2011-05-01,Furniture,Tables,Quebec,Quebec,Corporate,26,3617.64,-354.13,0.07
2011-08-04,2011-08-01,Furniture,Tables,Quebec,Quebec,Home Office,22,8218.16,-774.14,0.09
2012-06-26,2012-06-01,Technology,Computer Peripherals,Quebec,Quebec,Home Office,19,676.79,213.2,0.0
2012-02-12,2012-02-01,Office Supplies,Appliances,Quebec,Quebec,Home Office,32,2409.96,575.1,0.07
2011-08-04,2011-08-01,Technology,Telephones and Communication,Quebec,Quebec,Small Business,10,931.1495,-128.83,0.06
2011-12-10,2011-12-01,Furniture,Bookcases,Quebec,Quebec,Consumer,15,951.09,-246.32,0.02
2011-02-24,2011-02-01,Technology,Office Machines,Quebec,Quebec,Home Office,38,4502.26,1272.17,0.09
2011-02-24,2011-02-01,Office Supplies,Paper,Quebec,Quebec,Home Office,34,192.23,-149.84,0.07
2010-07-18,2010-07-01,Office Supplies,Paper,Quebec,Quebec,Consumer,39,237.89,-165.26,0.0
2011-12-06,2011-12-01,Technology,Computer Peripherals,Quebec,Quebec,Consumer,29,598.49,34.16,0.05
2012-02-27,2012-02-01,Technology,Office Machines,Quebec,Quebec,Small Business,33,3008.5,1101.9,0.05
2009-10-04,2009-10-01,Technology,Computer Peripherals,Quebec,Quebec,Consumer,24,195.83,10.79,0.04
2010-12-03,2010-12-01,Office Supplies,Paper,Quebec,Quebec,Corporate,15,94.84,-26.66,0.01
2012-02-27,2012-02-01,Furniture,Tables,Quebec,Quebec,Consumer,46,8246.86,-433.29,0.06
2009-12-20,2009-12-01,Office Supplies,Storage & Organization,Quebec,Quebec,Consumer,38,2315.11,532.21,0.06
2009-12-20,2009-12-01,Technology,Telephones and Communication,Quebec,Quebec,Consumer,8,1264.2305,-444.69,0.07
2010-09-19,2010-09-01,Office Supplies,Appliances,Quebec,Quebec,Small Business,22,1082.8,299.35,0.02
2010-09-19,2010-09-01,Technology,Telephones and Communication,Quebec,Quebec,Small Business,7,1260.2015,-523.0,0.03
2010-05-07,2010-05-01,Office Supplies,Appliances,Quebec,Quebec,Home Office,28,1623.09,245.88,0.02
2009-06-20,2009-06-01,Office Supplies,Paper,Quebec,Quebec,Consumer,39,238.49,-110.56,0.09
2009-03-13,2009-03-01,Office Supplies,Paper,Quebec,Quebec,Corporate,19,123.1,-75.44,0.06
2010-05-11,2010-05-01,Furniture,Chairs & Chairmats,Quebec,Quebec,Consumer,37,12612.66,3325.03,0.06
2011-01-03,2011-01-01,Technology,Telephones and Communication,Quebec,Quebec,Home Office,20,1564.1615,682.48,0.0
2012-11-06,2012-11-01,Office Supplies,Binders and Binder Accessories,Quebec,Quebec,Consumer,34,926.85,382.94,0.09
2011-11-22,2011-11-01,Office Supplies,Pens & Art Supplies,Quebec,Quebec,Home Office,21,203.55,38.6,0.03
2010-08-18,2010-08-01,Office Supplies,Pens & Art Supplies,Quebec,Quebec,Consumer,19,639.3,30.21,0.05
2011-02-06,2011-02-01,Furniture,Tables,Quebec,Quebec,Consumer,4,1280.73,-774.89,0.09
2009-10-10,2009-10-01,Office Supplies,Paper,Quebec,Quebec,Home Office,5,43.55,-3.64,0.1
2012-02-07,2012-02-01,Furniture,Office Furnishings,Quebec,Quebec,Small Business,44,809.77,83.48,0.1
2012-01-20,2012-01-01,Furniture,Chairs & Chairmats,Quebec,Quebec,Home Office,48,24701.12,8022.94,0.04
2011-10-03,2011-10-01,Office Supplies,Binders and Binder Accessories,Quebec,Quebec,Consumer,17,5122.61,1784.04,0.05
2011-06-14,2011-06-01,Office Supplies,Binders and Binder Accessories,Quebec,Quebec,Consumer,46,221.13,59.7,0.01
2011-06-14,2011-06-01,Office Supplies,Binders and Binder Accessories,Quebec,Quebec,Consumer,8,16.35,-5.62,0.05
2009-06-22,2009-06-01,Office Supplies,Storage & Organization,Quebec,Quebec,Consumer,11,96.01,-43.24,0.01
2012-07-22,2012-07-01,Office Supplies,Binders and Binder Accessories,Quebec,Quebec,Small Business,10,165.09,-8.59,0.0
2011-01-06,2011-01-01,Office Supplies,Binders and Binder Accessories,Quebec,Quebec,Consumer,47,307.57,-72.3,0.0
2011-01-06,2011-01-01,Furniture,Chairs & Chairmats,Quebec,Quebec,Consumer,32,14861.07,3408.29,0.1
2010-08-28,2010-08-01,Office Supplies,Binders and Binder Accessories,Quebec,Quebec,Consumer,45,182.7,-156.41,0.08
2010-08-28,2010-08-01,Office Supplies,Labels,Quebec,Quebec,Consumer,46,141.08,36.96,0.04
2010-05-18,2010-05-01,Technology,Computer Peripherals,Quebec,Quebec,Consumer,38,331.53,-35.97,0.0
2011-10-28,2011-10-01,Furniture,Office Furnishings,Quebec,Quebec,Small Business,22,494.84,205.13,0.07
2011-10-28,2011-10-01,Technology,Office Machines,Quebec,Quebec,Small Business,11,3443.21,794.2,0.0
2011-11-19,2011-11-01,Technology,Office Machines,Quebec,Quebec,Consumer,8,1100.0,-240.31,0.07
2012-12-14,2012-12-01,Office Supplies,Paper,Quebec,Quebec,Home Office,2,19.81,-10.39,0.02
2011-12-19,2011-12-01,Furniture,Tables,Quebec,Quebec,Small Business,37,2638.79,54.23,0.1
2011-03-18,2011-03-01,Office Supplies,Binders and Binder Accessories,Quebec,Quebec,Home Office,6,156.09,-34.85,0.0
2011-03-18,2011-03-01,Technology,Telephones and Communication,Quebec,Quebec,Home Office,47,1294.023,607.26,0.1
2012-05-31,2012-05-01,Furniture,Tables,Quebec,Quebec,Consumer,39,16028.26,-1008.73,0.02
2012-05-31,2012-05-01,Technology,Telephones and Communication,Quebec,Quebec,Consumer,8,738.2505,-286.36,0.1
2011-07-15,2011-07-01,Office Supplies,Storage & Organization,Quebec,Quebec,Home Office,48,5318.89,525.15,0.06
2010-06-14,2010-06-01,Office Supplies,Paper,Quebec,Quebec,Consumer,21,125.9,5.85,0.04
2011-06-06,2011-06-01,Office Supplies,Pens & Art Supplies,Quebec,Quebec,Consumer,21,190.99,-27.15,0.1
2010-06-22,2010-06-01,Office Supplies,Envelopes,Quebec,Quebec,Consumer,22,125.57,-45.16,0.03
2012-02-01,2012-02-01,Furniture,Bookcases,Quebec,Quebec,Home Office,31,2966.13,-1456.31,0.08
2010-01-16,2010-01-01,Office Supplies,Binders and Binder Accessories,Quebec,Quebec,Small Business,6,29.19,0.65,0.03
2009-08-14,2009-08-01,Technology,Computer Peripherals,Quebec,Quebec,Small Business,18,157.85,10.74,0.01
2009-08-14,2009-08-01,Technology,Telephones and Communication,Quebec,Quebec,Small Business,38,2773.0315,897.87,0.04
2012-03-30,2012-03-01,Office Supplies,Paper,Quebec,Quebec,Small Business,14,304.65,24.2,0.1
2011-05-21,2011-05-01,Office Supplies,Labels,Quebec,Quebec,Home Office,49,142.1,37.03,0.01
2010-04-17,2010-04-01,Technology,Telephones and Communication,Quebec,Quebec,Home Office,13,2175.218,44.55,0.07
2011-03-02,2011-03-01,Office Supplies,Appliances,Quebec,Quebec,Consumer,50,421.36,-75.17,0.07
2010-10-06,2010-10-01,Furniture,Chairs & Chairmats,Quebec,Quebec,Consumer,30,4506.85,290.66,0.1
2010-10-06,2010-10-01,Technology,Office Machines,Quebec,Quebec,Consumer,16,2110.37,-14.42,0.0
2010-10-06,2010-10-01,Technology,Telephones and Communication,Quebec,Quebec,Consumer,34,1094.9105,-112.12,0.02
2011-04-21,2011-04-01,Office Supplies,Pens & Art Supplies,Quebec,Quebec,Corporate,43,1243.88,22.71,0.1
2012-10-29,2012-10-01,Furniture,Bookcases,Quebec,Quebec,Consumer,16,1617.91,-159.21,0.04
2010-07-15,2010-07-01,Technology,Telephones and Communication,Quebec,Quebec,Home Office,48,2688.0825,844.82,0.04
2012-01-23,2012-01-01,Office Supplies,Binders and Binder Accessories,Quebec,Quebec,Corporate,41,221.08,-108.2,0.0
2010-06-16,2010-06-01,Furniture,Chairs & Chairmats,Quebec,Quebec,Home Office,33,3636.37,-176.91,0.06
2010-06-19,2010-06-01,Office Supplies,Paper,Quebec,Quebec,Home Office,30,203.48,-71.91,0.04
2012-09-10,2012-09-01,Office Supplies,Paper,Quebec,Quebec,Home Office,31,1750.0,559.38,0.03
2009-01-12,2009-01-01,Furniture,Chairs & Chairmats,Quebec,Quebec,Consumer,45,15963.09,4276.73,0.03
2009-01-12,2009-01-01,Office Supplies,Pens & Art Supplies,Quebec,Quebec,Consumer,33,58.48,2.72,0.04
2012-06-18,2012-06-01,Office Supplies,Appliances,Quebec,Quebec,Home Office,46,2116.2,483.67,0.08
2012-06-18,2012-06-01,Office Supplies,Envelopes,Quebec,Quebec,Home Office,46,766.36,399.12,0.0
2012-06-18,2012-06-01,Furniture,Office Furnishings,Quebec,Quebec,Home Office,28,547.32,42.39,0.1
2012-06-18,2012-06-01,Office Supplies,Binders and Binder Accessories,Quebec,Quebec,Home Office,13,192.44,6.77,0.05
2012-06-18,2012-06-01,Technology,Copiers and Fax,Quebec,Quebec,Home Office,3,1294.35,-1569.06,0.06
2010-05-26,2010-05-01,Office Supplies,Envelopes,Quebec,Quebec,Consumer,49,561.06,-2.23,0.07
2010-05-26,2010-05-01,Office Supplies,Storage & Organization,Quebec,Quebec,Consumer,19,320.03,-43.22,0.0
2009-10-30,2009-10-01,Furniture,Office Furnishings,Quebec,Quebec,Home Office,35,620.02,50.04,0.05
2009-08-22,2009-08-01,Technology,Telephones and Communication,Quebec,Quebec,Corporate,12,653.786,-83.47,0.09
2010-04-01,2010-04-01,Furniture,Tables,Quebec,Quebec,Home Office,22,5288.89,547.04,0.0
2010-05-12,2010-05-01,Office Supplies,Paper,Quebec,Quebec,Home Office,25,1321.55,448.24,0.1
2010-03-24,2010-03-01,Office Supplies,Rubber Bands,Quebec,Quebec,Home Office,15,55.2,4.26,0.05
2012-01-24,2012-01-01,Furniture,Chairs & Chairmats,Quebec,Quebec,Corporate,47,23239.96,6888.36,0.06
2012-01-24,2012-01-01,Office Supplies,Storage & Organization,Quebec,Quebec,Corporate,24,302.91,-36.76,0.05
2011-12-02,2011-12-01,Office Supplies,Storage & Organization,Quebec,Quebec,Consumer,19,6648.58,-555.98,0.08
2011-03-02,2011-03-01,Technology,Computer Peripherals,Quebec,Quebec,Small Business,35,677.43,-37.99,0.1
2011-03-02,2011-03-01,Office Supplies,Paper,Quebec,Quebec,Small Business,38,491.78,44.04,0.0
2011-09-11,2011-09-01,Furniture,Chairs & Chairmats,Quebec,Quebec,Small Business,47,6131.54,1844.96,0.06
2010-07-25,2010-07-01,Technology,Computer Peripherals,Quebec,Quebec,Home Office,29,475.58,108.21,0.04
2010-07-13,2010-07-01,Office Supplies,Binders and Binder Accessories,Quebec,Quebec,Home Office,50,274.04,-243.87,0.1
2009-04-19,2009-04-01,Technology,Copiers and Fax,Quebec,Quebec,Home Office,20,3960.99,631.33,0.09
2011-05-23,2011-05-01,Office Supplies,Appliances,Quebec,Quebec,Home Office,16,139.69,-95.64,0.01
2011-05-23,2011-05-01,Technology,Telephones and Communication,Quebec,Quebec,Home Office,39,6030.58,1197.86,0.09
2011-12-20,2011-12-01,Office Supplies,Paper,Quebec,Quebec,Consumer,47,725.8,327.45,0.01
2010-02-01,2010-02-01,Office Supplies,Pens & Art Supplies,Quebec,Quebec,Home Office,36,111.83,19.36,0.0
2010-02-01,2010-02-01,Technology,Telephones and Communication,Quebec,Quebec,Home Office,50,4159.628,1332.91,0.05
2012-02-05,2012-02-01,Furniture,Chairs & Chairmats,Quebec,Quebec,Home Office,22,1505.67,-436.23,0.1
2009-01-13,2009-01-01,Furniture,Office Furnishings,Quebec,Quebec,Home Office,17,39.23,-66.58,0.06
2010-12-11,2010-12-01,Office Supplies,Binders and Binder Accessories,Quebec,Quebec,Home Office,25,612.93,-5.04,0.1
2010-12-11,2010-12-01,Furniture,Bookcases,Quebec,Quebec,Home Office,12,1551.34,-483.12,0.03
2009-10-29,2009-10-01,Office Supplies,Pens & Art Supplies,Quebec,Quebec,Corporate,48,287.54,57.28,0.04
2009-10-29,2009-10-01,Technology,Telephones and Communication,Quebec,Quebec,Corporate,5,88.315,-72.4,0.01
2012-04-08,2012-04-01,Technology,Computer Peripherals,Quebec,Quebec,Corporate,49,4968.5,1041.28,0.0
2011-01-04,2011-01-01,Office Supplies,Pens & Art Supplies,Quebec,Quebec,Consumer,15,92.03,19.71,0.03
2011-08-15,2011-08-01,Office Supplies,Paper,Quebec,Quebec,Corporate,38,262.9,-41.98,0.06
2012-02-11,2012-02-01,Office Supplies,Binders and Binder Accessories,Quebec,Quebec,Home Office,31,1024.31,174.72,0.03
2011-03-23,2011-03-01,Furniture,Office Furnishings,Quebec,Quebec,Small Business,22,51.39,-64.37,0.06
2011-03-23,2011-03-01,Office Supplies,Storage & Organization,Quebec,Quebec,Small Business,31,293.52,-116.66,0.08
2009-05-23,2009-05-01,Office Supplies,Binders and Binder Accessories,Quebec,Quebec,Corporate,44,1844.97,807.38,0.03
2011-09-09,2011-09-01,Furniture,Office Furnishings,Quebec,Quebec,Home Office,49,266.3,-135.06,0.03
2011-03-08,2011-03-01,Office Supplies,Binders and Binder Accessories,Quebec,Quebec,Consumer,17,74.25,-56.17,0.01
2011-03-08,2011-03-01,Office Supplies,Paper,Quebec,Quebec,Consumer,4,23.23,-19.06,0.09
2012-05-16,2012-05-01,Furniture,Office Furnishings,Quebec,Quebec,Corporate,33,203.49,46.21,0.0
2009-09-29,2009-09-01,Office Supplies,Binders and Binder Accessories,Quebec,Quebec,Home Office,33,211.48,18.15,0.1
2009-09-29,2009-09-01,Office Supplies,Storage & Organization,Quebec,Quebec,Home Office,38,5601.1,1515.7,0.02
2010-10-24,2010-10-01,Office Supplies,Paper,Quebec,Quebec,Small Business,2,21.01,-13.13,0.03
2009-07-06,2009-07-01,Furniture,Office Furnishings,Quebec,Quebec,Home Office,20,525.78,180.64,0.03
2010-12-28,2010-12-01,Office Supplies,Binders and Binder Accessories,Quebec,Quebec,Home Office,33,216.77,-55.11,0.02
2011-05-19,2011-05-01,Office Supplies,Binders and Binder Accessories,Quebec,Quebec,Corporate,50,315.02,95.16,0.02
2012-02-14,2012-02-01,Office Supplies,Labels,Quebec,Quebec,Home Office,23,115.1,53.13,0.02
2012-02-14,2012-02-01,Office Supplies,Binders and Binder Accessories,Quebec,Quebec,Corporate,5,16.6,-20.3,0.07
2010-11-14,2010-11-01,Furniture,Tables,Quebec,Quebec,Consumer,28,7384.54,-2301.53,0.09
2009-05-13,2009-05-01,Office Supplies,"Scissors, Rulers and Trimmers",Quebec,Quebec,Corporate,34,482.93,-67.59,0.06
2010-12-09,2010-12-01,Office Supplies,Envelopes,Quebec,Quebec,Home Office,48,7522.8,3187.37,0.04
2009-04-14,2009-04-01,Technology,Computer Peripherals,Quebec,Quebec,Home Office,33,1003.71,-22.82,0.01
2012-10-07,2012-10-01,Office Supplies,Storage & Organization,Quebec,Quebec,Corporate,38,1610.76,-8.67,0.1
2012-06-02,2012-06-01,Office Supplies,Paper,Quebec,Quebec,Home Office,2,12.12,-4.55,0.03
2010-02-08,2010-02-01,Office Supplies,Binders and Binder Accessories,Quebec,Quebec,Small Business,39,147.88,-142.91,0.0
2010-10-30,2010-10-01,Office Supplies,Storage & Organization,Quebec,Quebec,Small Business,4,1629.75,-195.7,0.03
2011-12-25,2011-12-01,Office Supplies,Paper,Quebec,Quebec,Home Office,26,188.93,58.32,0.04
2010-03-19,2010-03-01,Office Supplies,Paper,Quebec,Quebec,Small Business,22,345.69,143.23,0.02
2011-12-14,2011-12-01,Furniture,Bookcases,Quebec,Quebec,Corporate,34,3577.11,-1620.41,0.1
2009-09-21,2009-09-01,Office Supplies,"Scissors, Rulers and Trimmers",Quebec,Quebec,Corporate,16,96.04,-50.75,0.05
2009-12-27,2009-12-01,Office Supplies,Labels,Quebec,Quebec,Home Office,19,55.27,19.12,0.05
2011-12-20,2011-12-01,Office Supplies,Paper,Quebec,Quebec,Home Office,41,160.11,-26.73,0.1
2011-12-25,2011-12-01,Furniture,Bookcases,Quebec,Quebec,Home Office,10,1410.93,-317.48,0.08
2010-11-24,2010-11-01,Technology,Telephones and Communication,Quebec,Quebec,Corporate,50,1978.3665,483.6,0.0
2011-12-22,2011-12-01,Office Supplies,Binders and Binder Accessories,Quebec,Quebec,Small Business,17,72.75,-57.89,0.05
2011-09-14,2011-09-01,Furniture,Chairs & Chairmats,Quebec,Quebec,Corporate,8,301.57,-77.31,0.0
2009-06-14,2009-06-01,Furniture,Office Furnishings,Quebec,Quebec,Home Office,21,4201.08,1162.76,0.01
2009-06-15,2009-06-01,Furniture,Chairs & Chairmats,Quebec,Quebec,Consumer,15,5028.31,664.88,0.06
2012-03-28,2012-03-01,Office Supplies,Pens & Art Supplies,Quebec,Quebec,Small Business,19,238.35,-64.51,0.0
2009-08-25,2009-08-01,Office Supplies,Storage & Organization,Quebec,Quebec,Consumer,10,150.33,-47.88,0.1
2011-12-30,2011-12-01,Office Supplies,Paper,Quebec,Quebec,Small Business,29,155.86,-152.59,0.09
2010-04-06,2010-04-01,Office Supplies,Labels,Quebec,Quebec,Consumer,9,30.35,5.02,0.01
2010-11-25,2010-11-01,Furniture,Tables,Quebec,Quebec,Home Office,20,4108.17,-505.98,0.09
2010-08-11,2010-08-01,Technology,Computer Peripherals,Quebec,Quebec,Consumer,19,1504.97,-0.31,0.02
2012-02-15,2012-02-01,Technology,Telephones and Communication,Quebec,Quebec,Corporate,49,5008.761,1601.64,0.04
2010-06-04,2010-06-01,Technology,Computer Peripherals,Quebec,Quebec,Home Office,18,211.44,-75.81,0.03
2011-04-18,2011-04-01,Office Supplies,Binders and Binder Accessories,Quebec,Quebec,Corporate,4,41.06,-16.39,0.04
2012-02-10,2012-02-01,Furniture,Office Furnishings,Quebec,Quebec,Corporate,36,455.93,83.51,0.02
2009-10-01,2009-10-01,Office Supplies,Paper,Quebec,Quebec,Small Business,8,43.72,2.12,0.06
2011-09-07,2011-09-01,Office Supplies,Binders and Binder Accessories,Quebec,Quebec,Small Business,46,75.6,-225.25,0.09
2012-08-27,2012-08-01,Office Supplies,Labels,Quebec,Quebec,Small Business,14,36.41,9.94,0.09
2009-12-19,2009-12-01,Office Supplies,Appliances,Quebec,Quebec,Corporate,48,201.98,-245.67,0.05
2009-04-06,2009-04-01,Furniture,Bookcases,Quebec,Quebec,Consumer,31,9459.94,2023.75,0.04
2012-08-07,2012-08-01,Office Supplies,Paper,Quebec,Quebec,Corporate,2,20.16,-13.32,0.06
2011-08-21,2011-08-01,Office Supplies,Binders and Binder Accessories,Quebec,Quebec,Consumer,23,84.47,7.98,0.06
2009-12-08,2009-12-01,Office Supplies,Binders and Binder Accessories,Quebec,Quebec,Corporate,17,5001.29,1680.92,0.09
2010-05-12,2010-05-01,Office Supplies,Paper,Quebec,Quebec,Small Business,50,230.23,-150.93,0.06
2011-03-26,2011-03-01,Office Supplies,Pens & Art Supplies,Quebec,Quebec,Corporate,3,13.71,-10.27,0.03
2009-10-01,2009-10-01,Office Supplies,Paper,Quebec,Quebec,Home Office,46,300.07,-209.58,0.05
2010-03-19,2010-03-01,Technology,Telephones and Communication,Quebec,Quebec,Corporate,46,2422.721,366.18,0.1
2012-10-27,2012-10-01,Office Supplies,Pens & Art Supplies,Quebec,Quebec,Corporate,10,45.69,-24.21,0.01
2012-03-08,2012-03-01,Office Supplies,Storage & Organization,Quebec,Quebec,Corporate,12,173.97,-2.55,0.03
2012-01-18,2012-01-01,Office Supplies,Storage & Organization,Quebec,Quebec,Corporate,32,5934.39,519.55,0.08
2011-06-12,2011-06-01,Furniture,Bookcases,Quebec,Quebec,Small Business,28,1971.56,-15.29,0.05
2011-08-24,2011-08-01,Office Supplies,Storage & Organization,Quebec,Quebec,Small Business,33,3093.76,-850.71,0.07
2012-12-03,2012-12-01,Furniture,Tables,Quebec,Quebec,Consumer,6,1008.872,-505.98,0.02
2012-04-03,2012-04-01,Technology,Office Machines,Quebec,Quebec,Home Office,47,13382.01,2852.94,0.09
2010-01-14,2010-01-01,Furniture,Chairs & Chairmats,Quebec,Quebec,Small Business,19,2328.62,45.54,0.0
2010-06-10,2010-06-01,Technology,Telephones and Communication,Quebec,Quebec,Consumer,27,192.814,-86.2,0.03
2011-11-06,2011-11-01,Furniture,Tables,Quebec,Quebec,Home Office,35,3532.96,-243.6,0.08
2009-12-05,2009-12-01,Office Supplies,Storage & Organization,Quebec,Quebec,Home Office,24,416.4,24.33,0.02
2009-09-01,2009-09-01,Office Supplies,Paper,Quebec,Quebec,Home Office,1,11.35,-7.96,0.09
2011-10-05,2011-10-01,Office Supplies,Storage & Organization,Quebec,Quebec,Corporate,9,122.14,-16.99,0.04
2010-01-25,2010-01-01,Office Supplies,Storage & Organization,Quebec,Quebec,Home Office,11,1382.8,141.31,0.01
2009-06-22,2009-06-01,Office Supplies,Binders and Binder Accessories,Quebec,Quebec,Consumer,11,30.61,-3.38,0.09
2012-12-09,2012-12-01,Office Supplies,Binders and Binder Accessories,Quebec,Quebec,Corporate,24,99.53,18.28,0.1
2010-05-20,2010-05-01,Office Supplies,Paper,Quebec,Quebec,Corporate,14,700.46,254.31,0.02
2010-06-01,2010-06-01,Office Supplies,Storage & Organization,Quebec,Quebec,Consumer,21,763.12,140.33,0.03
2012-07-02,2012-07-01,Office Supplies,Pens & Art Supplies,Quebec,Quebec,Home Office,3,42.5,-28.43,0.07
2010-10-10,2010-10-01,Furniture,Office Furnishings,Quebec,Quebec,Small Business,39,279.29,14.15,0.07
2012-08-21,2012-08-01,Office Supplies,Binders and Binder Accessories,Quebec,Quebec,Small Business,21,121.3,-64.87,0.05
2011-02-25,2011-02-01,Office Supplies,Paper,Quebec,Quebec,Corporate,4,40.87,-16.38,0.04
2010-11-25,2010-11-01,Office Supplies,Storage & Organization,Quebec,Quebec,Corporate,14,2066.63,65.58,0.03
2011-09-22,2011-09-01,Office Supplies,Paper,Quebec,Quebec,Corporate,48,1734.72,57.89,0.04
2011-12-10,2011-12-01,Office Supplies,Appliances,Quebec,Quebec,Small Business,14,294.52,15.34,0.09
2012-03-26,2012-03-01,Technology,Telephones and Communication,Quebec,Quebec,Home Office,4,187.3995,-225.3,0.08
2011-10-10,2011-10-01,Office Supplies,Storage & Organization,Quebec,Quebec,Corporate,15,241.89,-83.3,0.02
2011-10-10,2011-10-01,Office Supplies,Rubber Bands,Quebec,Quebec,Corporate,43,83.34,-93.18,0.01
2009-09-14,2009-09-01,Technology,Computer Peripherals,Quebec,Quebec,Small Business,7,296.84,-71.83,0.08
2010-03-13,2010-03-01,Office Supplies,Paper,Quebec,Quebec,Corporate,23,139.19,-86.73,0.04
2012-10-21,2012-10-01,Furniture,Office Furnishings,Quebec,Quebec,Small Business,17,1125.76,379.28,0.0
2010-02-01,2010-02-01,Office Supplies,Envelopes,Quebec,Quebec,Corporate,18,299.87,130.04,0.02
2011-07-15,2011-07-01,Office Supplies,Appliances,Quebec,Quebec,Small Business,8,84.64,-9.29,0.0
2012-06-02,2012-06-01,Technology,Computer Peripherals,Quebec,Quebec,Home Office,30,1136.44,-9.3,0.09
2009-04-13,2009-04-01,Office Supplies,Binders and Binder Accessories,Quebec,Quebec,Corporate,1,3.42,-2.91,0.05
2011-01-02,2011-01-01,Office Supplies,Pens & Art Supplies,Quebec,Quebec,Corporate,24,138.75,49.81,0.09
2011-09-10,2011-09-01,Office Supplies,Binders and Binder Accessories,Quebec,Quebec,Small Business,5,95.38,-36.89,0.03
2012-05-13,2012-05-01,Office Supplies,Labels,Quebec,Quebec,Small Business,36,251.05,118.79,0.1
2010-10-30,2010-10-01,Office Supplies,Binders and Binder Accessories,Quebec,Quebec,Small Business,49,261.02,-94.05,0.01
2012-09-24,2012-09-01,Technology,Computer Peripherals,Quebec,Quebec,Home Office,30,243.49,-45.89,0.08
2010-06-29,2010-06-01,Office Supplies,Paper,Quebec,Quebec,Consumer,45,311.1,86.6,0.04
2010-06-29,2010-06-01,Technology,Computer Peripherals,Quebec,Quebec,Consumer,43,452.93,-172.34,0.09
2010-05-13,2010-05-01,Technology,Telephones and Communication,Quebec,Quebec,Small Business,16,1702.499,133.45,0.08
2010-01-13,2010-01-01,Office Supplies,Pens & Art Supplies,Quebec,Quebec,Small Business,43,140.72,-115.53,0.04
2011-03-01,2011-03-01,Office Supplies,Pens & Art Supplies,Quebec,Quebec,Consumer,31,53.33,-2.44,0.09
2012-04-24,2012-04-01,Office Supplies,Storage & Organization,Quebec,Quebec,Home Office,11,653.92,52.89,0.02
2012-01-15,2012-01-01,Office Supplies,Paper,Quebec,Quebec,Small Business,42,290.68,-93.5,0.03
2010-10-16,2010-10-01,Office Supplies,Binders and Binder Accessories,Quebec,Quebec,Home Office,47,231.29,-147.86,0.09
2012-05-17,2012-05-01,Technology,Computer Peripherals,Quebec,Quebec,Home Office,7,40.11,-43.71,0.07
2010-05-09,2010-05-01,Office Supplies,Paper,Quebec,Quebec,Small Business,10,44.08,6.79,0.08
2009-07-24,2009-07-01,Office Supplies,Appliances,Quebec,Quebec,Corporate,1,68.45,-25.76,0.02
2009-04-06,2009-04-01,Furniture,Bookcases,Quebec,Quebec,Small Business,38,6532.48,538.52,0.01
2009-04-06,2009-04-01,Furniture,Office Furnishings,Quebec,Quebec,Small Business,41,241.9,-136.7,0.05
2011-12-21,2011-12-01,Office Supplies,Pens & Art Supplies,Quebec,Quebec,Small Business,46,1200.13,-7.8,0.09
2012-05-13,2012-05-01,Furniture,Chairs & Chairmats,Quebec,Quebec,Small Business,7,2202.45,-51.28,0.01
2012-01-05,2012-01-01,Office Supplies,Binders and Binder Accessories,Quebec,Quebec,Corporate,28,169.22,-165.11,0.05
2012-01-05,2012-01-01,Technology,Telephones and Communication,Quebec,Quebec,Corporate,10,1319.421,-268.87,0.07
2012-01-05,2012-01-01,Office Supplies,Storage & Organization,Quebec,Quebec,Corporate,33,550.93,-141.6,0.1
2012-05-27,2012-05-01,Furniture,Chairs & Chairmats,Quebec,Quebec,Small Business,7,2236.16,-99.16,0.05
2012-05-13,2012-05-01,Office Supplies,Appliances,Quebec,Quebec,Corporate,43,1883.82,528.77,0.08
2012-08-20,2012-08-01,Office Supplies,Appliances,Quebec,Quebec,Small Business,21,1490.56,-499.51,0.01
2012-08-20,2012-08-01,Office Supplies,Pens & Art Supplies,Quebec,Quebec,Small Business,17,105.44,18.76,0.0
2012-09-09,2012-09-01,Office Supplies,Paper,Quebec,Quebec,Home Office,28,1201.68,146.8,0.01
2012-09-09,2012-09-01,Furniture,Office Furnishings,Quebec,Quebec,Home Office,21,2784.57,847.06,0.05
2010-03-25,2010-03-01,Furniture,Tables,Quebec,Quebec,Small Business,22,5202.896,-715.78,0.02
2012-04-12,2012-04-01,Office Supplies,Appliances,Quebec,Quebec,Corporate,35,6608.24,2164.64,0.09
2011-02-25,2011-02-01,Office Supplies,Rubber Bands,Quebec,Quebec,Corporate,2,7.98,-3.93,0.04
2009-10-05,2009-10-01,Technology,Telephones and Communication,Quebec,Quebec,Corporate,49,8252.361,2418.56,0.07
2009-10-05,2009-10-01,Technology,Office Machines,Quebec,Quebec,Corporate,7,2205.84,-313.13,0.01
2011-12-25,2011-12-01,Furniture,Tables,Quebec,Quebec,Home Office,15,3364.248,-693.23,0.1
2009-05-20,2009-05-01,Furniture,Bookcases,Quebec,Quebec,Consumer,4,442.99,-152.76,0.04
2012-12-09,2012-12-01,Technology,Computer Peripherals,Quebec,Quebec,Corporate,29,587.2,134.25,0.08
2012-12-09,2012-12-01,Office Supplies,Labels,Quebec,Quebec,Corporate,39,110.79,42.68,0.05
2011-01-22,2011-01-01,Technology,Computer Peripherals,Quebec,Quebec,Small Business,29,516.62,138.33,0.06
2012-04-23,2012-04-01,Office Supplies,Pens & Art Supplies,Quebec,Quebec,Corporate,30,177.22,68.96,0.06
2010-05-14,2010-05-01,Technology,Computer Peripherals,Quebec,Quebec,Consumer,24,790.24,-213.18,0.09
2012-01-16,2012-01-01,Office Supplies,Paper,Quebec,Quebec,Home Office,14,50.85,-6.81,0.09
2011-04-11,2011-04-01,Technology,Telephones and Communication,Quebec,Quebec,Small Business,20,1077.8085,17.25,0.06
2011-04-11,2011-04-01,Technology,Computer Peripherals,Quebec,Quebec,Small Business,19,2899.98,666.01,0.1
2011-04-11,2011-04-01,Office Supplies,Paper,Quebec,Quebec,Small Business,36,233.38,-180.17,0.1
2011-03-04,2011-03-01,Office Supplies,Paper,Quebec,Quebec,Corporate,19,127.48,-41.99,0.05
2009-07-28,2009-07-01,Office Supplies,Appliances,Quebec,Quebec,Corporate,40,2550.12,882.45,0.01
2009-05-21,2009-05-01,Office Supplies,Paper,Quebec,Quebec,Small Business,40,194.02,80.35,0.03
2009-04-22,2009-04-01,Office Supplies,Storage & Organization,Quebec,Quebec,Corporate,14,422.83,-21.06,0.02
2011-05-04,2011-05-01,Office Supplies,Storage & Organization,Quebec,Quebec,Corporate,10,170.35,-39.92,0.03
2010-09-12,2010-09-01,Technology,Office Machines,Quebec,Quebec,Corporate,19,20329.8,9224.1,0.0
2012-10-30,2012-10-01,Furniture,Tables,Quebec,Quebec,Corporate,15,2567.64,-505.98,0.0
2009-02-06,2009-02-01,Technology,Office Machines,Quebec,Quebec,Small Business,2,1838.18,-2531.48,0.09
2010-07-23,2010-07-01,Furniture,Chairs & Chairmats,Quebec,Quebec,Consumer,12,1466.95,-64.14,0.02
2010-07-23,2010-07-01,Technology,Office Machines,Quebec,Quebec,Consumer,33,440.23,-37.94,0.09
2012-04-27,2012-04-01,Technology,Telephones and Communication,Quebec,Quebec,Home Office,18,3136.2025,439.78,0.07
2009-08-15,2009-08-01,Furniture,Office Furnishings,Quebec,Quebec,Home Office,48,460.69,-103.48,0.06
2011-01-31,2011-01-01,Office Supplies,Pens & Art Supplies,Quebec,Quebec,Small Business,12,82.64,0.35,0.1
2009-06-15,2009-06-01,Furniture,Bookcases,Quebec,Quebec,Consumer,10,784.08,-222.77,0.02
2009-06-15,2009-06-01,Technology,Computer Peripherals,Quebec,Quebec,Consumer,41,1085.61,-33.32,0.04
2011-09-19,2011-09-01,Office Supplies,Storage & Organization,Quebec,Quebec,Consumer,41,6863.95,1662.92,0.1
2010-06-10,2010-06-01,Office Supplies,Paper,Quebec,Quebec,Small Business,33,162.39,-101.68,0.1
2009-08-25,2009-08-01,Office Supplies,Binders and Binder Accessories,Quebec,Quebec,Consumer,47,2519.55,592.53,0.05
2009-08-25,2009-08-01,Office Supplies,Pens & Art Supplies,Quebec,Quebec,Consumer,46,1634.17,232.8,0.05
2012-02-15,2012-02-01,Furniture,Tables,Quebec,Quebec,Consumer,40,13367.82,-774.89,0.0
2010-10-15,2010-10-01,Technology,Copiers and Fax,Quebec,Quebec,Consumer,34,16193.16,6463.34,0.02
2010-10-04,2010-10-01,Office Supplies,Envelopes,Quebec,Quebec,Home Office,30,443.46,193.12,0.06
2011-01-29,2011-01-01,Office Supplies,Binders and Binder Accessories,Quebec,Quebec,Home Office,31,792.76,33.37,0.02
2011-08-26,2011-08-01,Technology,Telephones and Communication,Quebec,Quebec,Corporate,44,1453.704,549.84,0.0
2011-08-26,2011-08-01,Furniture,Tables,Quebec,Quebec,Corporate,34,7656.304,-715.78,0.1
2011-12-07,2011-12-01,Office Supplies,Appliances,Quebec,Quebec,Corporate,25,1412.98,324.96,0.1
2011-12-07,2011-12-01,Technology,Office Machines,Quebec,Quebec,Corporate,39,19539.94,4914.24,0.06
2012-09-15,2012-09-01,Office Supplies,Binders and Binder Accessories,Quebec,Quebec,Small Business,18,126.69,-35.56,0.04
2012-09-15,2012-09-01,Office Supplies,Paper,Quebec,Quebec,Small Business,12,162.11,3.91,0.04
2012-03-03,2012-03-01,Office Supplies,Pens & Art Supplies,Quebec,Quebec,Home Office,34,145.48,32.43,0.03
2011-02-24,2011-02-01,Technology,Computer Peripherals,Quebec,Quebec,Small Business,25,2427.25,227.67,0.1
2009-01-24,2009-01-01,Office Supplies,Appliances,Quebec,Quebec,Small Business,5,318.31,-19.06,0.08
2010-08-03,2010-08-01,Technology,Telephones and Communication,Quebec,Quebec,Corporate,7,368.0245,-218.81,0.09
2011-11-30,2011-11-01,Office Supplies,Pens & Art Supplies,Quebec,Quebec,Home Office,6,24.2,-5.2,0.08
2009-07-26,2009-07-01,Furniture,Chairs & Chairmats,Quebec,Quebec,Small Business,13,1619.51,-722.23,0.05
2012-08-04,2012-08-01,Office Supplies,Pens & Art Supplies,Quebec,Quebec,Home Office,45,463.93,29.96,0.06
2009-01-11,2009-01-01,Furniture,Office Furnishings,Quebec,Quebec,Small Business,29,138.17,-103.78,0.05
2009-01-11,2009-01-01,Office Supplies,Paper,Quebec,Quebec,Small Business,18,216.87,30.53,0.03
2012-09-06,2012-09-01,Office Supplies,Appliances,Quebec,Quebec,Small Business,16,75.77,-56.62,0.0
2012-07-19,2012-07-01,Office Supplies,Paper,Quebec,Quebec,Small Business,12,488.65,19.83,0.07
2012-01-10,2012-01-01,Office Supplies,Storage & Organization,Quebec,Quebec,Consumer,35,12741.81,95.06,0.09
2009-11-23,2009-11-01,Office Supplies,Storage & Organization,Quebec,Quebec,Home Office,36,572.4,-39.5,0.07
2011-04-28,2011-04-01,Furniture,Office Furnishings,Quebec,Quebec,Consumer,11,55.49,-37.32,0.04
2011-07-27,2011-07-01,Office Supplies,Storage & Organization,Quebec,Quebec,Small Business,14,1885.41,-524.74,0.08
2011-03-21,2011-03-01,Technology,Telephones and Communication,Quebec,Quebec,Corporate,7,407.8725,-165.63,0.02
2011-02-14,2011-02-01,Furniture,Tables,Quebec,Quebec,Consumer,18,1731.104,-270.57,0.01
2011-01-06,2011-01-01,Furniture,Tables,Quebec,Quebec,Corporate,15,5713.48,-712.53,0.05
2012-02-19,2012-02-01,Office Supplies,Pens & Art Supplies,Quebec,Quebec,Corporate,20,37.4,-17.18,0.09
2012-11-01,2012-11-01,Technology,Telephones and Communication,Quebec,Quebec,Corporate,22,2052.2655,371.4,0.04
2010-04-15,2010-04-01,Technology,Telephones and Communication,Quebec,Quebec,Small Business,21,2172.702,481.74,0.01
2009-11-04,2009-11-01,Office Supplies,Labels,Quebec,Quebec,Home Office,25,88.37,33.68,0.09
2011-12-29,2011-12-01,Office Supplies,Pens & Art Supplies,Quebec,Quebec,Corporate,14,36.74,-5.36,0.09
2011-11-24,2011-11-01,Technology,Computer Peripherals,Quebec,Quebec,Corporate,14,436.78,25.69,0.04
2010-05-15,2010-05-01,Furniture,Office Furnishings,Quebec,Quebec,Consumer,46,1053.84,-632.16,0.0
2009-11-02,2009-11-01,Furniture,Chairs & Chairmats,Quebec,Quebec,Home Office,37,9517.6,-1262.44,0.09
2012-10-28,2012-10-01,Technology,Computer Peripherals,Quebec,Quebec,Corporate,46,6943.94,608.9,0.01
2010-12-25,2010-12-01,Office Supplies,Paper,Quebec,Quebec,Corporate,46,944.76,165.46,0.03
2009-05-21,2009-05-01,Technology,Telephones and Communication,Quebec,Quebec,Corporate,26,1204.5095,-221.25,0.03
2011-08-26,2011-08-01,Office Supplies,Pens & Art Supplies,Quebec,Quebec,Home Office,5,24.91,-0.9,0.0
2010-09-26,2010-09-01,Office Supplies,Binders and Binder Accessories,Quebec,Quebec,Corporate,9,373.48,112.06,0.1
2009-05-26,2009-05-01,Office Supplies,Rubber Bands,Quebec,Quebec,Small Business,21,56.21,12.71,0.05
2009-06-07,2009-06-01,Office Supplies,Paper,Quebec,Quebec,Consumer,33,1683.69,809.97,0.02
2010-07-25,2010-07-01,Office Supplies,Storage & Organization,Quebec,Quebec,Small Business,9,130.43,-8.7,0.03
2010-05-08,2010-05-01,Office Supplies,Storage & Organization,Quebec,Quebec,Small Business,1,423.3,-259.01,0.01
2010-05-12,2010-05-01,Furniture,Chairs & Chairmats,Quebec,Quebec,Small Business,38,2702.3,-1330.78,0.03
2010-10-16,2010-10-01,Furniture,Chairs & Chairmats,Quebec,Quebec,Consumer,2,570.98,-340.48,0.05
2012-03-09,2012-03-01,Office Supplies,Pens & Art Supplies,Quebec,Quebec,Consumer,23,44.89,-17.13,0.09
2010-02-23,2010-02-01,Office Supplies,Paper,Quebec,Quebec,Consumer,29,200.7,-147.72,0.02
2010-10-10,2010-10-01,Office Supplies,Pens & Art Supplies,Quebec,Quebec,Small Business,2,6.34,-4.44,0.08
2010-10-10,2010-10-01,Office Supplies,Appliances,Quebec,Quebec,Small Business,48,2996.93,1060.87,0.04
2010-07-31,2010-07-01,Office Supplies,Binders and Binder Accessories,Quebec,Quebec,Small Business,3,554.32,-62.13,0.01
2010-07-31,2010-07-01,Technology,Telephones and Communication,Quebec,Quebec,Small Business,15,1073.567,-305.97,0.04
2009-05-14,2009-05-01,Office Supplies,Paper,Quebec,Quebec,Corporate,29,143.29,-55.54,0.05
2012-01-10,2012-01-01,Furniture,Tables,Quebec,Quebec,Corporate,45,5811.97,-434.15,0.03
2010-07-03,2010-07-01,Technology,Office Machines,Quebec,Quebec,Small Business,23,1914.16,128.43,0.01
2009-10-04,2009-10-01,Furniture,Office Furnishings,Quebec,Quebec,Corporate,21,315.07,95.0,0.02
2010-07-24,2010-07-01,Office Supplies,Storage & Organization,Quebec,Quebec,Consumer,1,18.16,-7.25,0.03
2010-12-05,2010-12-01,Office Supplies,Binders and Binder Accessories,Quebec,Quebec,Corporate,13,11169.95,3982.22,0.07
2009-12-17,2009-12-01,Office Supplies,Pens & Art Supplies,Quebec,Quebec,Corporate,23,39.13,-23.14,0.1
2012-04-24,2012-04-01,Office Supplies,Pens & Art Supplies,Quebec,Quebec,Corporate,48,166.13,-119.16,0.0
2011-08-21,2011-08-01,Technology,Telephones and Communication,Quebec,Quebec,Consumer,17,3064.658,447.34,0.01
2010-05-13,2010-05-01,Office Supplies,Pens & Art Supplies,Quebec,Quebec,Small Business,35,584.42,-97.21,0.08
2011-10-25,2011-10-01,Office Supplies,Appliances,Quebec,Quebec,Home Office,37,2192.63,660.06,0.05
2009-07-11,2009-07-01,Furniture,Office Furnishings,Quebec,Quebec,Home Office,16,230.74,27.23,0.08
2012-10-30,2012-10-01,Office Supplies,Rubber Bands,Quebec,Quebec,Small Business,28,31.2,-2.81,0.09
2011-01-23,2011-01-01,Office Supplies,Pens & Art Supplies,Quebec,Quebec,Home Office,41,396.15,-10.98,0.05
2011-03-22,2011-03-01,Technology,Telephones and Communication,Quebec,Quebec,Small Business,33,1900.226,440.2,0.01
2009-04-10,2009-04-01,Furniture,Office Furnishings,Quebec,Quebec,Corporate,28,65.7,-83.54,0.02
2009-04-10,2009-04-01,Furniture,Office Furnishings,Quebec,Quebec,Corporate,38,1685.07,-681.97,0.03
2011-11-11,2011-11-01,Furniture,Tables,Quebec,Quebec,Consumer,47,3587.72,54.23,0.0
2012-02-14,2012-02-01,Technology,Telephones and Communication,Quebec,Quebec,Consumer,34,5634.3525,1185.41,0.03
2011-06-12,2011-06-01,Furniture,Office Furnishings,Quebec,Quebec,Small Business,34,154.43,-133.77,0.03
2011-11-01,2011-11-01,Technology,Computer Peripherals,Quebec,Quebec,Corporate,8,2302.36,-114.68,0.05
2011-05-08,2011-05-01,Technology,Telephones and Communication,Quebec,Quebec,Consumer,24,437.478,-42.23,0.02
2009-05-19,2009-05-01,Office Supplies,Storage & Organization,Quebec,Quebec,Home Office,2,32.6,-20.57,0.03
2012-07-02,2012-07-01,Office Supplies,Paper,Quebec,Quebec,Small Business,42,802.46,192.88,0.08
2009-08-15,2009-08-01,Office Supplies,Paper,Quebec,Quebec,Corporate,34,223.76,-139.66,0.03
2011-07-27,2011-07-01,Technology,Office Machines,Quebec,Quebec,Corporate,13,1207.02,235.4,0.03
2009-05-28,2009-05-01,Office Supplies,Pens & Art Supplies,Quebec,Quebec,Corporate,18,106.45,-5.08,0.03
2009-01-09,2009-01-01,Office Supplies,Rubber Bands,Quebec,Quebec,Corporate,39,121.87,11.32,0.07
2010-01-11,2010-01-01,Furniture,Chairs & Chairmats,Quebec,Quebec,Small Business,5,647.27,-404.77,0.08
2010-02-13,2010-02-01,Office Supplies,Paper,Quebec,Quebec,Consumer,35,225.4,-165.48,0.08
2010-12-13,2010-12-01,Furniture,Tables,Quebec,Quebec,Corporate,26,9225.65,1656.46,0.03
2012-12-12,2012-12-01,Furniture,Office Furnishings,Quebec,Quebec,Corporate,18,1837.94,1249.43,0.02
2012-12-12,2012-12-01,Furniture,Bookcases,Quebec,Quebec,Corporate,28,24391.16,-9611.91,0.04
2010-12-17,2010-12-01,Office Supplies,Rubber Bands,Quebec,Quebec,Home Office,48,90.05,-107.0,0.03
2010-12-17,2010-12-01,Technology,Telephones and Communication,Quebec,Quebec,Home Office,46,7804.53,2057.17,0.05
2011-10-20,2011-10-01,Technology,Computer Peripherals,Quebec,Quebec,Consumer,25,125.85,-89.25,0.09
2010-08-07,2010-08-01,Office Supplies,Storage & Organization,Quebec,Quebec,Consumer,14,174.89,-37.04,0.06
2011-05-24,2011-05-01,Office Supplies,Pens & Art Supplies,Quebec,Quebec,Home Office,24,126.58,18.27,0.06
2011-05-24,2011-05-01,Office Supplies,Pens & Art Supplies,Quebec,Quebec,Home Office,1,23.7,-8.97,0.05
2009-01-05,2009-01-01,Office Supplies,Paper,Quebec,Quebec,Home Office,24,188.73,-32.48,0.05
2012-04-30,2012-04-01,Furniture,Chairs & Chairmats,Quebec,Quebec,Corporate,5,1679.58,-171.92,0.01
2010-03-01,2010-03-01,Office Supplies,Appliances,Quebec,Quebec,Corporate,7,560.51,32.6,0.04
2010-03-01,2010-03-01,Office Supplies,Paper,Quebec,Quebec,Corporate,31,189.95,-56.68,0.08
2010-04-16,2010-04-01,Office Supplies,Appliances,Quebec,Quebec,Consumer,35,589.24,-38.35,0.08
2010-04-16,2010-04-01,Office Supplies,Envelopes,Quebec,Quebec,Consumer,25,233.05,86.93,0.1
2009-04-08,2009-04-01,Office Supplies,Envelopes,Quebec,Quebec,Small Business,27,129.1,-59.82,0.0
2010-12-04,2010-12-01,Office Supplies,Pens & Art Supplies,Quebec,Quebec,Small Business,22,38.26,-2.34,0.03
2011-07-15,2011-07-01,Technology,Office Machines,Quebec,Quebec,Corporate,30,4147.47,586.61,0.09
2012-10-29,2012-10-01,Office Supplies,Binders and Binder Accessories,Quebec,Quebec,Consumer,13,4002.14,1314.39,0.02
2009-01-07,2009-01-01,Office Supplies,Binders and Binder Accessories,Quebec,Quebec,Home Office,3,10.58,-11.58,0.05
2009-01-07,2009-01-01,Technology,Copiers and Fax,Quebec,Quebec,Home Office,3,2119.67,-2314.74,0.07
2009-01-07,2009-01-01,Technology,Office Machines,Quebec,Quebec,Home Office,7,45923.76,102.61,0.07
2012-01-29,2012-01-01,Furniture,Office Furnishings,Quebec,Quebec,Home Office,14,80.6,-4.2,0.04
2012-04-10,2012-04-01,Furniture,Office Furnishings,Quebec,Quebec,Consumer,8,136.61,80.43,0.01
2012-04-10,2012-04-01,Furniture,Tables,Quebec,Quebec,Consumer,42,2907.63,54.6,0.04
2012-10-23,2012-10-01,Office Supplies,Binders and Binder Accessories,Quebec,Quebec,Corporate,34,136.67,-117.92,0.07
2010-12-04,2010-12-01,Furniture,Office Furnishings,Quebec,Quebec,Home Office,32,383.57,70.51,0.06
2010-12-04,2010-12-01,Furniture,Office Furnishings,Quebec,Quebec,Home Office,31,461.1,116.96,0.05
2011-04-29,2011-04-01,Office Supplies,Paper,Quebec,Quebec,Small Business,12,76.16,-24.03,0.04
2010-05-25,2010-05-01,Technology,Computer Peripherals,Quebec,Quebec,Home Office,34,268.09,-63.76,0.07
2010-05-25,2010-05-01,Technology,Computer Peripherals,Quebec,Quebec,Home Office,12,557.03,8.95,0.04
2010-05-25,2010-05-01,Office Supplies,Paper,Quebec,Quebec,Home Office,3,26.53,-15.0,0.05
2010-05-25,2010-05-01,Technology,Telephones and Communication,Quebec,Quebec,Home Office,34,5133.9235,1313.95,0.02
2009-10-04,2009-10-01,Office Supplies,Appliances,Quebec,Quebec,Small Business,19,1184.45,-552.1,0.02
2009-10-04,2009-10-01,Office Supplies,Binders and Binder Accessories,Quebec,Quebec,Small Business,20,25409.63,11535.28,0.02
2009-10-04,2009-10-01,Technology,Telephones and Communication,Quebec,Quebec,Small Business,43,7308.283,1680.23,0.05
2010-05-06,2010-05-01,Office Supplies,Pens & Art Supplies,Quebec,Quebec,Corporate,14,63.52,8.66,0.1
2010-05-06,2010-05-01,Office Supplies,Pens & Art Supplies,Quebec,Quebec,Corporate,44,1512.25,195.48,0.05
2012-07-02,2012-07-01,Office Supplies,Labels,Quebec,Quebec,Corporate,21,128.28,53.58,0.04
2011-04-13,2011-04-01,Office Supplies,Labels,Quebec,Quebec,Home Office,41,117.4,48.63,0.01
2012-01-05,2012-01-01,Office Supplies,Binders and Binder Accessories,Quebec,Quebec,Corporate,4,41.94,-26.17,0.05
2012-01-05,2012-01-01,Office Supplies,Labels,Quebec,Quebec,Corporate,17,89.25,40.88,0.01
2012-01-05,2012-01-01,Office Supplies,Pens & Art Supplies,Quebec,Quebec,Corporate,7,79.81,-4.28,0.07
2010-09-24,2010-09-01,Office Supplies,Appliances,Quebec,Quebec,Corporate,15,703.54,138.46,0.04
2010-09-24,2010-09-01,Office Supplies,Paper,Quebec,Quebec,Corporate,6,65.93,11.06,0.04
2010-09-24,2010-09-01,Office Supplies,"Scissors, Rulers and Trimmers",Quebec,Quebec,Corporate,27,67.3,-115.38,0.02
2011-02-15,2011-02-01,Office Supplies,Pens & Art Supplies,Quebec,Quebec,Small Business,23,138.17,-1.09,0.0
2010-03-28,2010-03-01,Technology,Office Machines,Quebec,Quebec,Small Business,3,261.94,-219.78,0.06
2010-03-28,2010-03-01,Furniture,Tables,Quebec,Quebec,Small Business,47,9574.82,-505.98,0.08
2011-12-24,2011-12-01,Furniture,Office Furnishings,Quebec,Quebec,Small Business,50,510.56,-29.4,0.05
2011-12-24,2011-12-01,Furniture,Office Furnishings,Quebec,Quebec,Small Business,18,389.52,116.37,0.05
2009-08-29,2009-08-01,Office Supplies,Labels,Quebec,Quebec,Consumer,12,33.43,8.47,0.06
2010-02-08,2010-02-01,Furniture,Chairs & Chairmats,Quebec,Quebec,Small Business,44,12296.49,-416.7,0.01
2010-02-08,2010-02-01,Office Supplies,Paper,Quebec,Quebec,Small Business,18,128.13,-34.91,0.03
2010-12-28,2010-12-01,Technology,Telephones and Communication,Quebec,Quebec,Corporate,17,959.089,124.99,0.06
2009-10-28,2009-10-01,Office Supplies,Appliances,Quebec,Quebec,Corporate,18,5459.32,1603.12,0.03
2009-10-28,2009-10-01,Technology,Computer Peripherals,Quebec,Quebec,Corporate,37,1793.42,21.5,0.06
2009-10-28,2009-10-01,Office Supplies,Paper,Quebec,Quebec,Corporate,32,3080.07,1480.15,0.1
2010-09-19,2010-09-01,Office Supplies,Binders and Binder Accessories,Quebec,Quebec,Small Business,10,149.25,-26.81,0.08
2010-09-19,2010-09-01,Office Supplies,Binders and Binder Accessories,Quebec,Quebec,Small Business,1,10.14,-7.61,0.04
2012-08-23,2012-08-01,Office Supplies,Envelopes,Quebec,Quebec,Small Business,37,1199.7,3.22,0.01
2009-10-07,2009-10-01,Technology,Computer Peripherals,Quebec,Quebec,Small Business,25,670.39,-82.26,0.03
2009-10-07,2009-10-01,Technology,Computer Peripherals,Quebec,Quebec,Small Business,32,5618.4,1314.12,0.1
2009-10-07,2009-10-01,Office Supplies,Storage & Organization,Quebec,Quebec,Small Business,42,5450.6,10.86,0.1
2010-03-05,2010-03-01,Office Supplies,Paper,Quebec,Quebec,Small Business,15,441.58,117.39,0.07
2012-01-30,2012-01-01,Furniture,Office Furnishings,Quebec,Quebec,Small Business,36,1644.22,563.09,0.05
2011-01-19,2011-01-01,Office Supplies,Paper,Quebec,Quebec,Home Office,8,40.26,-27.44,0.01
2009-07-02,2009-07-01,Furniture,Office Furnishings,Quebec,Quebec,Home Office,45,4629.67,2860.71,0.04
2012-02-07,2012-02-01,Technology,Telephones and Communication,Quebec,Quebec,Corporate,28,1650.411,335.08,0.03
2011-11-08,2011-11-01,Office Supplies,Binders and Binder Accessories,Quebec,Quebec,Small Business,33,240.27,-269.8,0.07
2011-11-08,2011-11-01,Furniture,Chairs & Chairmats,Quebec,Quebec,Small Business,24,6802.37,459.5,0.08
2009-04-08,2009-04-01,Office Supplies,Paper,Quebec,Quebec,Consumer,39,1357.53,562.92,0.05
2011-10-05,2011-10-01,Furniture,Office Furnishings,Quebec,Quebec,Corporate,12,502.01,159.73,0.04
2009-03-22,2009-03-01,Furniture,Chairs & Chairmats,Quebec,Quebec,Consumer,44,7312.86,1279.37,0.03
2009-03-22,2009-03-01,Technology,Computer Peripherals,Quebec,Quebec,Consumer,39,605.16,154.65,0.09
2010-05-23,2010-05-01,Office Supplies,Labels,Quebec,Quebec,Consumer,33,121.0,51.21,0.09
2010-05-23,2010-05-01,Technology,Telephones and Communication,Quebec,Quebec,Consumer,27,1484.185,239.25,0.02
2010-10-06,2010-10-01,Furniture,Tables,Quebec,Quebec,Home Office,31,1476.12,-1401.17,0.03
2010-10-20,2010-10-01,Furniture,Bookcases,Quebec,Quebec,Consumer,13,1764.97,-383.5,0.07
2010-10-20,2010-10-01,Office Supplies,Paper,Quebec,Quebec,Consumer,50,238.34,-7.36,0.04
2012-12-01,2012-12-01,Furniture,Chairs & Chairmats,Quebec,Quebec,Small Business,41,3731.59,-605.52,0.0
2012-12-01,2012-12-01,Technology,Copiers and Fax,Quebec,Quebec,Small Business,9,33367.85,3992.52,0.01
2012-12-01,2012-12-01,Office Supplies,Paper,Quebec,Quebec,Small Business,44,1299.91,439.26,0.06
2012-03-14,2012-03-01,Furniture,Tables,Quebec,Quebec,Small Business,43,2009.05,33.99,0.04
2011-11-17,2011-11-01,Office Supplies,Binders and Binder Accessories,Quebec,Quebec,Home Office,3,3581.52,-408.22,0.07
2011-11-17,2011-11-01,Office Supplies,Labels,Quebec,Quebec,Home Office,13,90.15,33.05,0.07
2012-07-30,2012-07-01,Office Supplies,Paper,Quebec,Quebec,Corporate,16,113.25,-43.43,0.03
2010-09-03,2010-09-01,Furniture,Chairs & Chairmats,Quebec,Quebec,Small Business,10,1642.43,-423.2,0.02
2011-10-01,2011-10-01,Furniture,Tables,Quebec,Quebec,Home Office,26,6766.856,-774.89,0.02
2010-07-27,2010-07-01,Furniture,Chairs & Chairmats,Quebec,Quebec,Corporate,6,652.33,-227.51,0.09
2012-04-25,2012-04-01,Office Supplies,Rubber Bands,Quebec,Quebec,Small Business,3,3.96,-1.72,0.1
2012-07-23,2012-07-01,Office Supplies,Paper,Quebec,Quebec,Consumer,32,157.85,22.54,0.06
2010-07-14,2010-07-01,Office Supplies,Storage & Organization,Quebec,Quebec,Home Office,17,158.19,-75.22,0.09
2009-12-03,2009-12-01,Office Supplies,Envelopes,Quebec,Quebec,Corporate,7,34.66,-20.87,0.06
2012-06-29,2012-06-01,Technology,Computer Peripherals,Quebec,Quebec,Corporate,39,3755.43,448.07,0.07
2012-06-29,2012-06-01,Office Supplies,Paper,Quebec,Quebec,Corporate,32,347.93,34.29,0.1
2009-06-09,2009-06-01,Office Supplies,"Scissors, Rulers and Trimmers",Quebec,Quebec,Home Office,15,138.84,8.75,0.0
2011-09-15,2011-09-01,Office Supplies,Binders and Binder Accessories,Quebec,Quebec,Small Business,36,79.02,-192.68,0.08
2011-08-11,2011-08-01,Furniture,Office Furnishings,Quebec,Quebec,Home Office,33,1053.74,359.53,0.07
2011-09-22,2011-09-01,Office Supplies,Labels,Quebec,Quebec,Small Business,20,76.89,31.64,0.03
2011-10-20,2011-10-01,Office Supplies,"Scissors, Rulers and Trimmers",Quebec,Quebec,Home Office,29,230.77,-146.24,0.09
2011-10-20,2011-10-01,Office Supplies,Storage & Organization,Quebec,Quebec,Home Office,31,507.58,-131.59,0.01
2010-12-20,2010-12-01,Office Supplies,Labels,Quebec,Quebec,Small Business,4,15.7,0.71,0.01
2009-02-24,2009-02-01,Office Supplies,Appliances,Quebec,Quebec,Corporate,12,580.46,108.96,0.03
2011-09-19,2011-09-01,Office Supplies,Paper,Quebec,Quebec,Small Business,17,351.25,80.73,0.01
2010-03-07,2010-03-01,Furniture,Office Furnishings,Quebec,Quebec,Corporate,37,281.59,-6.39,0.07
2010-03-07,2010-03-01,Technology,Telephones and Communication,Quebec,Quebec,Corporate,6,231.7525,-155.95,0.03
2009-10-20,2009-10-01,Office Supplies,Binders and Binder Accessories,Quebec,Quebec,Consumer,44,161.8,21.34,0.06
2009-10-20,2009-10-01,Office Supplies,Pens & Art Supplies,Quebec,Quebec,Consumer,37,64.36,-1.53,0.06
2011-08-08,2011-08-01,Office Supplies,"Scissors, Rulers and Trimmers",Quebec,Quebec,Corporate,49,450.66,-115.1,0.01
2010-12-26,2010-12-01,Office Supplies,Pens & Art Supplies,Quebec,Quebec,Corporate,17,213.06,-31.74,0.03
2010-12-26,2010-12-01,Technology,Telephones and Communication,Quebec,Quebec,Corporate,7,1126.488,-557.95,0.08
2012-06-08,2012-06-01,Office Supplies,Storage & Organization,Quebec,Quebec,Small Business,31,310.46,-182.52,0.0
2012-01-30,2012-01-01,Technology,Telephones and Communication,Quebec,Quebec,Corporate,5,141.9755,-88.94,0.09
2011-02-28,2011-02-01,Office Supplies,Binders and Binder Accessories,Quebec,Quebec,Home Office,9,53.18,-46.13,0.09
2009-02-08,2009-02-01,Office Supplies,Binders and Binder Accessories,Quebec,Quebec,Home Office,38,607.42,-254.14,0.03
2012-09-19,2012-09-01,Office Supplies,Labels,Quebec,Quebec,Corporate,24,76.06,30.03,0.02
2011-10-25,2011-10-01,Office Supplies,Storage & Organization,Quebec,Quebec,Corporate,30,396.6,-148.26,0.08
2011-10-25,2011-10-01,Furniture,Tables,Quebec,Quebec,Corporate,32,6902.51,-513.79,0.04
2009-11-29,2009-11-01,Technology,Computer Peripherals,Quebec,Quebec,Small Business,31,180.7,-94.61,0.1
2009-11-29,2009-11-01,Office Supplies,Labels,Quebec,Quebec,Small Business,26,67.4,22.71,0.07
2012-07-21,2012-07-01,Technology,Telephones and Communication,Quebec,Quebec,Consumer,16,466.9475,82.82,0.1
2010-01-20,2010-01-01,Technology,Office Machines,Quebec,Quebec,Corporate,5,1253.89,-577.48,0.09
2011-02-03,2011-02-01,Technology,Computer Peripherals,Quebec,Quebec,Corporate,28,1103.67,253.61,0.04
2009-05-28,2009-05-01,Office Supplies,Envelopes,Quebec,Quebec,Small Business,28,1062.69,401.8,0.01
2012-12-03,2012-12-01,Furniture,Chairs & Chairmats,Quebec,Quebec,Home Office,3,912.35,-379.22,0.07
2012-09-23,2012-09-01,Furniture,Chairs & Chairmats,Quebec,Quebec,Corporate,40,6147.24,632.98,0.05
2009-04-04,2009-04-01,Office Supplies,Binders and Binder Accessories,Quebec,Quebec,Small Business,8,70.55,-66.17,0.0
2010-11-09,2010-11-01,Technology,Computer Peripherals,Quebec,Quebec,Consumer,20,34.94,-30.7,0.05
2009-03-27,2009-03-01,Technology,Office Machines,Quebec,Quebec,Home Office,46,9304.2,1981.17,0.08
2009-03-27,2009-03-01,Office Supplies,Paper,Quebec,Quebec,Home Office,31,1685.05,518.07,0.1
2009-03-27,2009-03-01,Office Supplies,Storage & Organization,Quebec,Quebec,Home Office,3,57.48,-28.09,0.0
2009-08-16,2009-08-01,Furniture,Tables,Quebec,Quebec,Home Office,24,4276.096,-505.98,0.0
2010-01-10,2010-01-01,Furniture,Chairs & Chairmats,Quebec,Quebec,Corporate,46,21390.44,5365.43,0.09
2010-01-10,2010-01-01,Office Supplies,Storage & Organization,Quebec,Quebec,Corporate,7,169.75,-194.85,0.09
2010-07-16,2010-07-01,Furniture,Tables,Quebec,Quebec,Home Office,21,7981.2,-592.52,0.02
2011-05-20,2011-05-01,Technology,Computer Peripherals,Quebec,Quebec,Corporate,6,205.24,-135.51,0.01
2011-05-20,2011-05-01,Office Supplies,Storage & Organization,Quebec,Quebec,Corporate,36,825.82,-1049.26,0.0
2009-07-17,2009-07-01,Office Supplies,Rubber Bands,Quebec,Quebec,Home Office,31,60.64,-66.62,0.05
2009-08-07,2009-08-01,Technology,Telephones and Communication,Quebec,Quebec,Small Business,48,2482.034,421.89,0.08
2012-07-16,2012-07-01,Technology,Copiers and Fax,Quebec,Quebec,Home Office,16,9695.84,2752.11,0.0
2012-07-16,2012-07-01,Office Supplies,Paper,Quebec,Quebec,Home Office,36,246.79,-90.08,0.01
2012-07-16,2012-07-01,Office Supplies,Pens & Art Supplies,Quebec,Quebec,Home Office,39,777.78,237.75,0.01
2009-06-04,2009-06-01,Technology,Office Machines,Quebec,Quebec,Corporate,3,3029.97,-1820.0,0.0
2009-06-04,2009-06-01,Office Supplies,Paper,Quebec,Quebec,Corporate,34,241.04,-28.2,0.05
2012-03-17,2012-03-01,Furniture,Office Furnishings,Quebec,Quebec,Consumer,5,44.17,23.41,0.02
2012-03-17,2012-03-01,Office Supplies,Paper,Quebec,Quebec,Consumer,37,192.92,74.58,0.09
2012-03-17,2012-03-01,Office Supplies,Storage & Organization,Quebec,Quebec,Consumer,37,10532.94,406.37,0.06
2010-01-10,2010-01-01,Furniture,Office Furnishings,Quebec,Quebec,Corporate,11,1091.47,160.48,0.04
2010-01-10,2010-01-01,Office Supplies,Pens & Art Supplies,Quebec,Quebec,Corporate,35,112.59,-126.7,0.09
2011-04-28,2011-04-01,Technology,Telephones and Communication,Quebec,Quebec,Corporate,3,210.5025,-315.33,0.04
2012-09-02,2012-09-01,Furniture,Office Furnishings,Quebec,Quebec,Small Business,50,230.63,-39.71,0.1
2012-09-02,2012-09-01,Office Supplies,Rubber Bands,Quebec,Quebec,Small Business,22,80.79,25.18,0.1
2010-07-28,2010-07-01,Furniture,Tables,Quebec,Quebec,Corporate,8,1095.27,-281.22,0.03
2012-06-19,2012-06-01,Office Supplies,Storage & Organization,Quebec,Quebec,Home Office,34,9522.12,171.3,0.04
2012-06-19,2012-06-01,Technology,Telephones and Communication,Quebec,Quebec,Home Office,16,1985.6935,35.65,0.1
2009-12-30,2009-12-01,Office Supplies,Appliances,Quebec,Quebec,Corporate,37,1420.89,389.67,0.06
2009-12-30,2009-12-01,Technology,Copiers and Fax,Quebec,Quebec,Corporate,48,27820.34,11630.15,0.08
2009-12-30,2009-12-01,Office Supplies,Paper,Quebec,Quebec,Corporate,11,45.18,-10.77,0.1
2010-11-27,2010-11-01,Office Supplies,Paper,Quebec,Quebec,Corporate,9,65.67,-35.2,0.02
2012-03-18,2012-03-01,Office Supplies,Paper,Quebec,Quebec,Home Office,1,10.23,-4.22,0.1
2012-01-08,2012-01-01,Office Supplies,Binders and Binder Accessories,Quebec,Quebec,Small Business,23,202.84,-19.48,0.05
2012-01-08,2012-01-01,Office Supplies,Appliances,Quebec,Quebec,Small Business,5,78.39,-5.16,0.01
2012-01-08,2012-01-01,Office Supplies,Binders and Binder Accessories,Quebec,Quebec,Small Business,36,251.34,-162.2,0.1
2010-12-30,2010-12-01,Office Supplies,Envelopes,Quebec,Quebec,Home Office,5,53.66,5.69,0.09
2012-09-16,2012-09-01,Office Supplies,Pens & Art Supplies,Quebec,Quebec,Corporate,33,67.85,1.05,0.05
2011-12-07,2011-12-01,Office Supplies,Binders and Binder Accessories,Quebec,Quebec,Home Office,1,36.4,-41.56,0.06
2011-12-07,2011-12-01,Office Supplies,Paper,Quebec,Quebec,Home Office,36,176.35,73.05,0.04
2012-12-27,2012-12-01,Office Supplies,Binders and Binder Accessories,Quebec,Quebec,Consumer,30,15337.58,6670.41,0.1
2012-12-27,2012-12-01,Technology,Telephones and Communication,Quebec,Quebec,Consumer,42,3883.4715,707.17,0.1
2009-03-14,2009-03-01,Furniture,Tables,Quebec,Quebec,Corporate,38,5679.59,-1763.75,0.09
2009-04-21,2009-04-01,Office Supplies,Paper,Quebec,Quebec,Small Business,26,1029.29,109.16,0.06
2012-03-31,2012-03-01,Office Supplies,Storage & Organization,Quebec,Quebec,Small Business,1,184.18,-112.44,0.08
2012-12-29,2012-12-01,Office Supplies,Binders and Binder Accessories,Quebec,Quebec,Corporate,36,12690.33,5045.3,0.08
2010-08-16,2010-08-01,Technology,Copiers and Fax,Quebec,Quebec,Corporate,7,4667.28,-362.88,0.09
2010-01-29,2010-01-01,Office Supplies,Storage & Organization,Quebec,Quebec,Corporate,28,5155.07,368.79,0.06
2009-12-28,2009-12-01,Technology,Copiers and Fax,Quebec,Quebec,Small Business,39,16468.55,5638.75,0.08
2012-05-07,2012-05-01,Furniture,Bookcases,Quebec,Quebec,Small Business,10,707.3,-127.94,0.06
2012-05-07,2012-05-01,Office Supplies,Pens & Art Supplies,Quebec,Quebec,Small Business,48,335.64,80.13,0.02
2010-09-14,2010-09-01,Technology,Computer Peripherals,Quebec,Quebec,Corporate,23,872.97,-22.63,0.1
2010-09-14,2010-09-01,Office Supplies,Storage & Organization,Quebec,Quebec,Corporate,19,545.71,-35.47,0.1
2011-08-13,2011-08-01,Furniture,Chairs & Chairmats,Quebec,Quebec,Home Office,7,261.17,-78.84,0.03
2009-06-17,2009-06-01,Office Supplies,Appliances,Quebec,Quebec,Consumer,26,342.4,-14.06,0.0
2011-12-02,2011-12-01,Technology,Office Machines,Quebec,Quebec,Corporate,25,450.28,-12.35,0.09
2010-10-31,2010-10-01,Furniture,Office Furnishings,Quebec,Quebec,Small Business,50,929.81,-188.41,0.09
2011-12-16,2011-12-01,Office Supplies,Pens & Art Supplies,Quebec,Quebec,Consumer,31,1359.74,202.33,0.01
2011-12-16,2011-12-01,Office Supplies,Storage & Organization,Quebec,Quebec,Consumer,38,5228.2,-691.52,0.0
2011-12-16,2011-12-01,Technology,Telephones and Communication,Quebec,Quebec,Consumer,41,7174.9435,2373.24,0.02
2009-02-15,2009-02-01,Office Supplies,Storage & Organization,Quebec,Quebec,Corporate,13,136.24,-81.77,0.07
2012-07-26,2012-07-01,Office Supplies,Storage & Organization,Quebec,Quebec,Small Business,31,454.58,-118.75,0.07
2012-08-24,2012-08-01,Furniture,Office Furnishings,Quebec,Quebec,Home Office,24,550.68,-134.63,0.08
2012-08-24,2012-08-01,Office Supplies,Paper,Quebec,Quebec,Home Office,18,120.96,-53.69,0.02
2010-11-21,2010-11-01,Technology,Telephones and Communication,Quebec,Quebec,Corporate,19,2569.6265,398.01,0.0
2009-03-12,2009-03-01,Technology,Computer Peripherals,Quebec,Quebec,Small Business,20,1388.91,-229.87,0.1
2009-03-12,2009-03-01,Technology,Office Machines,Quebec,Quebec,Small Business,34,1806.65,599.04,0.05
2012-03-01,2012-03-01,Furniture,Office Furnishings,Quebec,Quebec,Small Business,46,410.03,-138.39,0.05
2012-07-16,2012-07-01,Furniture,Tables,Quebec,Quebec,Home Office,17,3801.27,-861.3,0.02
2011-02-10,2011-02-01,Office Supplies,Pens & Art Supplies,Quebec,Quebec,Small Business,31,226.15,35.98,0.01
2010-03-30,2010-03-01,Furniture,Chairs & Chairmats,Quebec,Quebec,Small Business,35,1794.03,196.21,0.05
2012-01-19,2012-01-01,Furniture,Office Furnishings,Quebec,Quebec,Small Business,13,109.58,31.32,0.0
2012-11-03,2012-11-01,Furniture,Office Furnishings,Quebec,Quebec,Small Business,6,43.9,12.74,0.06
2012-11-03,2012-11-01,Furniture,Office Furnishings,Quebec,Quebec,Small Business,50,236.28,-34.06,0.05
2012-08-21,2012-08-01,Office Supplies,Labels,Quebec,Quebec,Small Business,33,136.79,42.71,0.06
2012-10-17,2012-10-01,Furniture,Office Furnishings,Quebec,Quebec,Home Office,31,336.34,-89.9,0.05
2010-05-14,2010-05-01,Furniture,Office Furnishings,Quebec,Quebec,Corporate,36,3610.85,2235.37,0.04
2010-05-05,2010-05-01,Office Supplies,Envelopes,Quebec,Quebec,Corporate,46,1396.75,-75.7,0.04
2011-03-13,2011-03-01,Office Supplies,Binders and Binder Accessories,Quebec,Quebec,Corporate,20,159.71,-114.41,0.1
2011-02-07,2011-02-01,Office Supplies,Binders and Binder Accessories,Quebec,Quebec,Corporate,37,187.37,-85.01,0.01
2009-07-24,2009-07-01,Office Supplies,Binders and Binder Accessories,Quebec,Quebec,Home Office,43,84.61,-15.1,0.03
2010-08-09,2010-08-01,Furniture,Office Furnishings,Quebec,Quebec,Consumer,3,24.36,10.04,0.08
2009-04-15,2009-04-01,Office Supplies,Binders and Binder Accessories,Quebec,Quebec,Home Office,28,443.73,-200.86,0.01
2010-06-07,2010-06-01,Office Supplies,Paper,Quebec,Quebec,Small Business,6,188.44,17.57,0.09
2010-06-07,2010-06-01,Technology,Telephones and Communication,Quebec,Quebec,Small Business,13,1265.497,-228.18,0.1
2011-05-08,2011-05-01,Office Supplies,Envelopes,Quebec,Quebec,Small Business,23,230.41,94.39,0.06
2011-05-08,2011-05-01,Technology,Telephones and Communication,Quebec,Quebec,Small Business,48,5163.0105,1448.33,0.07
2012-10-16,2012-10-01,Office Supplies,Pens & Art Supplies,Quebec,Quebec,Consumer,10,19.36,-1.02,0.0
2010-02-17,2010-02-01,Office Supplies,Envelopes,Quebec,Quebec,Small Business,31,538.3,-63.98,0.03
2009-12-02,2009-12-01,Office Supplies,Binders and Binder Accessories,Quebec,Quebec,Home Office,9,61.43,-42.98,0.09
2009-12-02,2009-12-01,Furniture,Office Furnishings,Quebec,Quebec,Home Office,6,129.5,65.49,0.02
2009-12-02,2009-12-01,Office Supplies,Pens & Art Supplies,Quebec,Quebec,Home Office,10,125.95,15.73,0.0
2009-12-02,2009-12-01,Office Supplies,"Scissors, Rulers and Trimmers",Quebec,Quebec,Home Office,43,90.93,-72.5,0.05
2009-05-13,2009-05-01,Technology,Computer Peripherals,Quebec,Quebec,Corporate,28,865.35,-159.25,0.06
2009-05-13,2009-05-01,Office Supplies,Paper,Quebec,Quebec,Corporate,22,823.07,318.25,0.02
2009-10-08,2009-10-01,Office Supplies,Binders and Binder Accessories,Quebec,Quebec,Consumer,16,68.04,-55.52,0.07
2009-10-08,2009-10-01,Furniture,Office Furnishings,Quebec,Quebec,Consumer,27,331.17,97.19,0.07
2012-09-08,2012-09-01,Furniture,Office Furnishings,Quebec,Quebec,Home Office,3,26.13,-10.61,0.1
2012-07-29,2012-07-01,Office Supplies,Pens & Art Supplies,Quebec,Quebec,Home Office,9,55.49,7.23,0.05
2012-03-04,2012-03-01,Office Supplies,Paper,Quebec,Quebec,Home Office,24,132.02,-123.28,0.04
2011-09-09,2011-09-01,Furniture,Tables,Quebec,Quebec,Home Office,39,20596.58,-1331.55,0.09
2009-01-21,2009-01-01,Office Supplies,Labels,Quebec,Quebec,Small Business,33,139.98,-140.54,0.07
2009-12-26,2009-12-01,Technology,Computer Peripherals,Quebec,Quebec,Small Business,15,1393.39,84.15,0.08
2009-12-26,2009-12-01,Furniture,Office Furnishings,Quebec,Quebec,Small Business,42,601.52,171.98,0.0
2012-02-08,2012-02-01,Office Supplies,Binders and Binder Accessories,Quebec,Quebec,Consumer,29,169.61,-211.06,0.1
2012-02-08,2012-02-01,Technology,Telephones and Communication,Quebec,Quebec,Consumer,24,1247.9275,186.42,0.1
2009-03-30,2009-03-01,Office Supplies,Paper,Quebec,Quebec,Small Business,2,29.03,-11.83,0.01
2010-01-24,2010-01-01,Technology,Telephones and Communication,Quebec,Quebec,Corporate,42,2252.262,478.11,0.1
2010-01-24,2010-01-01,Furniture,Office Furnishings,Quebec,Quebec,Corporate,47,279.01,-136.84,0.05
2011-04-30,2011-04-01,Technology,Telephones and Communication,Quebec,Quebec,Consumer,21,2561.6705,88.77,0.08
2009-11-08,2009-11-01,Technology,Computer Peripherals,Quebec,Quebec,Small Business,24,2004.4,544.3,0.05
2010-11-14,2010-11-01,Furniture,Office Furnishings,Quebec,Quebec,Small Business,9,96.52,16.78,0.1
2010-11-14,2010-11-01,Furniture,Office Furnishings,Quebec,Quebec,Small Business,4,115.17,40.93,0.04
2009-12-11,2009-12-01,Office Supplies,Paper,Quebec,Quebec,Corporate,41,222.65,-131.16,0.02
2009-01-16,2009-01-01,Office Supplies,Rubber Bands,Quebec,Quebec,Small Business,36,76.48,3.23,0.09
2009-01-16,2009-01-01,Furniture,Tables,Quebec,Quebec,Small Business,2,373.27,-433.29,0.05
2009-05-25,2009-05-01,Technology,Computer Peripherals,Quebec,Quebec,Corporate,24,113.23,-45.64,0.06
2009-05-25,2009-05-01,Office Supplies,Envelopes,Quebec,Quebec,Corporate,34,889.84,204.49,0.1
2009-07-06,2009-07-01,Office Supplies,Paper,Quebec,Quebec,Consumer,6,63.61,7.59,0.01
2009-07-06,2009-07-01,Technology,Telephones and Communication,Quebec,Quebec,Consumer,9,519.9535,-107.99,0.0
2009-07-06,2009-07-01,Technology,Telephones and Communication,Quebec,Quebec,Consumer,41,5636.3075,1595.67,0.04
2011-03-05,2011-03-01,Furniture,Tables,Quebec,Quebec,Corporate,50,7663.74,-375.33,0.0
2012-09-25,2012-09-01,Office Supplies,Labels,Quebec,Quebec,Corporate,35,224.58,108.49,0.03
2012-09-25,2012-09-01,Office Supplies,Labels,Quebec,Quebec,Corporate,36,138.59,62.73,0.01
2012-09-25,2012-09-01,Office Supplies,Binders and Binder Accessories,Quebec,Quebec,Corporate,19,97.06,-7.36,0.05
2011-04-05,2011-04-01,Office Supplies,Envelopes,Quebec,Quebec,Home Office,23,258.74,10.8,0.05
2011-12-11,2011-12-01,Technology,Computer Peripherals,Quebec,Quebec,Corporate,43,12858.88,4833.27,0.08
2011-12-11,2011-12-01,Furniture,Office Furnishings,Quebec,Quebec,Corporate,28,146.69,-64.05,0.0
2011-11-13,2011-11-01,Office Supplies,Pens & Art Supplies,Quebec,Quebec,Home Office,28,49.49,-1.23,0.01
2011-11-13,2011-11-01,Technology,Telephones and Communication,Quebec,Quebec,Home Office,11,404.1495,-107.5,0.07
2011-01-10,2011-01-01,Furniture,Office Furnishings,Quebec,Quebec,Corporate,17,1782.68,280.64,0.08
2010-01-23,2010-01-01,Office Supplies,Binders and Binder Accessories,Quebec,Quebec,Home Office,48,280.87,-214.15,0.01
2012-02-17,2012-02-01,Technology,Office Machines,Quebec,Quebec,Home Office,42,5361.08,1841.92,0.0
2009-11-12,2009-11-01,Office Supplies,Storage & Organization,Quebec,Quebec,Consumer,10,670.03,-326.47,0.01
2010-06-19,2010-06-01,Office Supplies,Pens & Art Supplies,Quebec,Quebec,Consumer,28,164.5,62.68,0.01
2012-11-10,2012-11-01,Technology,Computer Peripherals,Quebec,Quebec,Home Office,12,1769.74,-333.69,0.07
2012-11-10,2012-11-01,Office Supplies,Paper,Quebec,Quebec,Home Office,42,638.07,278.89,0.05
2011-05-22,2011-05-01,Office Supplies,Binders and Binder Accessories,Quebec,Quebec,Corporate,38,468.95,-2.38,0.02
2010-08-22,2010-08-01,Technology,Telephones and Communication,Quebec,Quebec,Small Business,38,1142.485,303.4,0.09
2012-09-16,2012-09-01,Technology,Telephones and Communication,Quebec,Quebec,Home Office,20,2104.991,165.45,0.09
2009-07-03,2009-07-01,Office Supplies,Rubber Bands,Quebec,Quebec,Corporate,19,28.34,1.68,0.09
2012-09-01,2012-09-01,Office Supplies,Labels,Quebec,Quebec,Consumer,35,343.92,154.54,0.06
2010-03-03,2010-03-01,Office Supplies,Pens & Art Supplies,Quebec,Quebec,Small Business,2,7.75,-5.27,0.03
2010-11-01,2010-11-01,Office Supplies,Appliances,Quebec,Quebec,Corporate,43,2433.53,946.7,0.02
2010-11-01,2010-11-01,Technology,Computer Peripherals,Quebec,Quebec,Corporate,26,1368.03,27.51,0.04
2010-11-01,2010-11-01,Office Supplies,Paper,Quebec,Quebec,Corporate,41,260.64,-106.21,0.08
2010-11-01,2010-11-01,Technology,Telephones and Communication,Quebec,Quebec,Corporate,32,1250.4265,303.3,0.02
2009-08-21,2009-08-01,Furniture,Office Furnishings,Quebec,Quebec,Corporate,20,3878.49,1397.86,0.09
2010-03-15,2010-03-01,Office Supplies,Storage & Organization,Quebec,Quebec,Corporate,36,580.04,-31.86,0.09
2012-07-18,2012-07-01,Furniture,Tables,Quebec,Quebec,Corporate,42,1392.77,-1981.55,0.0
2010-02-21,2010-02-01,Technology,Telephones and Communication,Quebec,Quebec,Consumer,12,1940.21,-215.34,0.09
2010-02-21,2010-02-01,Office Supplies,Pens & Art Supplies,Quebec,Quebec,Consumer,44,1717.21,176.13,0.08
2012-01-11,2012-01-01,Office Supplies,Pens & Art Supplies,Quebec,Quebec,Consumer,40,250.13,61.97,0.01
2009-04-03,2009-04-01,Furniture,Office Furnishings,Quebec,Quebec,Small Business,29,1958.32,632.29,0.0
2009-09-15,2009-09-01,Office Supplies,Rubber Bands,Quebec,Quebec,Small Business,25,81.76,8.53,0.06
2009-09-11,2009-09-01,Furniture,Office Furnishings,Quebec,Quebec,Corporate,4,28.15,-10.09,0.09
2009-09-11,2009-09-01,Office Supplies,Storage & Organization,Quebec,Quebec,Corporate,37,558.77,-92.87,0.03
2009-09-29,2009-09-01,Office Supplies,Pens & Art Supplies,Quebec,Quebec,Small Business,29,209.3,30.49,0.07
2012-04-27,2012-04-01,Office Supplies,Pens & Art Supplies,Quebec,Quebec,Corporate,34,61.45,0.62,0.06
2011-02-12,2011-02-01,Furniture,Tables,Quebec,Quebec,Home Office,35,5407.9,-352.79,0.01
2009-12-31,2009-12-01,Technology,Telephones and Communication,Quebec,Quebec,Consumer,47,8216.593,2463.46,0.01
2009-12-31,2009-12-01,Office Supplies,Binders and Binder Accessories,Quebec,Quebec,Consumer,10,130.36,2.43,0.06
2009-12-31,2009-12-01,Furniture,Chairs & Chairmats,Quebec,Quebec,Consumer,1,200.57,-83.63,0.0
2010-09-20,2010-09-01,Office Supplies,Pens & Art Supplies,Quebec,Quebec,Consumer,13,80.0,10.96,0.03
2010-09-20,2010-09-01,Office Supplies,Storage & Organization,Quebec,Quebec,Consumer,8,137.42,-24.86,0.04
2012-03-29,2012-03-01,Office Supplies,Paper,Quebec,Quebec,Corporate,28,174.1,-162.75,0.1
2012-03-29,2012-03-01,Office Supplies,Pens & Art Supplies,Quebec,Quebec,Corporate,32,693.17,-59.83,0.07
2011-10-03,2011-10-01,Office Supplies,Pens & Art Supplies,Quebec,Quebec,Home Office,40,115.51,5.54,0.0
2011-12-10,2011-12-01,Office Supplies,Paper,Quebec,Quebec,Home Office,31,187.13,-60.83,0.02
2010-01-11,2010-01-01,Office Supplies,Binders and Binder Accessories,Quebec,Quebec,Home Office,27,360.7,146.17,0.0
2012-08-09,2012-08-01,Furniture,Chairs & Chairmats,Quebec,Quebec,Small Business,31,7323.78,573.55,0.04
2012-12-13,2012-12-01,Office Supplies,Storage & Organization,Quebec,Quebec,Consumer,21,1537.5,-531.92,0.04
2009-08-06,2009-08-01,Office Supplies,"Scissors, Rulers and Trimmers",Quebec,Quebec,Home Office,46,259.25,-64.03,0.1
2011-06-15,2011-06-01,Office Supplies,Pens & Art Supplies,Quebec,Quebec,Corporate,35,99.13,23.74,0.09
2010-08-23,2010-08-01,Office Supplies,Storage & Organization,Quebec,Quebec,Small Business,18,274.32,-58.24,0.01
2011-02-10,2011-02-01,Office Supplies,Appliances,Quebec,Quebec,Corporate,26,171.14,-1172.75,0.02
2010-12-20,2010-12-01,Office Supplies,Storage & Organization,Quebec,Quebec,Home Office,43,7731.09,-222.17,0.0
2010-12-20,2010-12-01,Furniture,Tables,Quebec,Quebec,Home Office,33,10162.576,-969.05,0.08
2010-12-20,2010-12-01,Technology,Telephones and Communication,Quebec,Quebec,Home Office,33,5834.6465,1619.66,0.01
2012-10-18,2012-10-01,Office Supplies,Labels,Quebec,Quebec,Home Office,19,86.48,33.58,0.1
2010-09-17,2010-09-01,Office Supplies,Binders and Binder Accessories,Quebec,Quebec,Corporate,28,327.95,43.68,0.0
2010-09-17,2010-09-01,Furniture,Tables,Quebec,Quebec,Corporate,47,5606.91,-300.85,0.06
2010-11-23,2010-11-01,Furniture,Chairs & Chairmats,Quebec,Quebec,Consumer,1,129.88,-89.9,0.1
2012-04-16,2012-04-01,Office Supplies,Labels,Quebec,Quebec,Consumer,23,86.53,35.62,0.05
2011-08-20,2011-08-01,Office Supplies,"Scissors, Rulers and Trimmers",Quebec,Quebec,Consumer,20,269.66,-59.13,0.02
2011-12-17,2011-12-01,Office Supplies,Paper,Quebec,Quebec,Corporate,4,28.34,-18.55,0.01
2011-12-17,2011-12-01,Technology,Telephones and Communication,Quebec,Quebec,Corporate,7,405.3395,-147.88,0.01
2009-04-24,2009-04-01,Office Supplies,Paper,Quebec,Quebec,Home Office,11,113.19,-53.25,0.04
2009-04-24,2009-04-01,Office Supplies,Binders and Binder Accessories,Quebec,Quebec,Home Office,13,196.04,2.13,0.04
2009-04-24,2009-04-01,Office Supplies,Labels,Quebec,Quebec,Home Office,28,140.02,66.71,0.03
2012-08-02,2012-08-01,Technology,Computer Peripherals,Quebec,Quebec,Corporate,48,2006.38,840.46,0.0
2012-05-21,2012-05-01,Office Supplies,Binders and Binder Accessories,Quebec,Quebec,Small Business,7,1134.05,149.5,0.08
2012-05-21,2012-05-01,Technology,Telephones and Communication,Quebec,Quebec,Small Business,28,1470.0495,185.94,0.1
2010-07-27,2010-07-01,Furniture,Office Furnishings,Quebec,Quebec,Home Office,47,1020.88,173.94,0.08
2011-01-04,2011-01-01,Technology,Computer Peripherals,Quebec,Quebec,Home Office,41,11883.2,4160.88,0.1
2012-04-29,2012-04-01,Office Supplies,Appliances,Quebec,Quebec,Corporate,6,120.38,-29.77,0.09
2009-03-05,2009-03-01,Technology,Telephones and Communication,Quebec,Quebec,Corporate,36,2051.8235,350.36,0.01
2012-11-05,2012-11-01,Office Supplies,Storage & Organization,Quebec,Quebec,Home Office,22,621.21,-42.35,0.07
2012-07-14,2012-07-01,Office Supplies,Binders and Binder Accessories,Quebec,Quebec,Corporate,2,13.29,-10.33,0.08
2010-10-29,2010-10-01,Furniture,Tables,Quebec,Quebec,Home Office,7,2423.06,-94.27,0.06
2011-11-29,2011-11-01,Technology,Computer Peripherals,Quebec,Quebec,Small Business,25,667.64,-57.53,0.08
2010-03-31,2010-03-01,Office Supplies,"Scissors, Rulers and Trimmers",Quebec,Quebec,Corporate,9,98.24,-10.38,0.04
2012-12-29,2012-12-01,Office Supplies,Binders and Binder Accessories,Quebec,Quebec,Corporate,40,181.8,-144.74,0.05
2012-01-31,2012-01-01,Office Supplies,Paper,Quebec,Quebec,Corporate,35,648.58,182.63,0.05
2012-01-31,2012-01-01,Office Supplies,Paper,Quebec,Quebec,Corporate,43,270.56,-140.48,0.09
2011-11-01,2011-11-01,Office Supplies,Paper,Quebec,Quebec,Small Business,31,233.2,-48.07,0.04
2011-11-01,2011-11-01,Office Supplies,Paper,Quebec,Quebec,Small Business,16,79.53,-48.55,0.08
2011-11-01,2011-11-01,Technology,Telephones and Communication,Quebec,Quebec,Small Business,43,1680.977,383.09,0.05
2012-10-18,2012-10-01,Furniture,Bookcases,Quebec,Quebec,Corporate,19,2002.4,151.09,0.0
2011-07-12,2011-07-01,Office Supplies,Labels,Quebec,Quebec,Home Office,5,24.3,3.14,0.02
2011-07-12,2011-07-01,Office Supplies,Pens & Art Supplies,Quebec,Quebec,Home Office,14,322.61,19.37,0.02
2011-10-04,2011-10-01,Technology,Computer Peripherals,Quebec,Quebec,Corporate,2,31.7,-44.39,0.05
2011-10-04,2011-10-01,Technology,Telephones and Communication,Quebec,Quebec,Corporate,3,143.9815,-283.23,0.08
2011-11-02,2011-11-01,Office Supplies,Binders and Binder Accessories,Quebec,Quebec,Home Office,20,52.7,-64.88,0.03
2011-09-19,2011-09-01,Technology,Telephones and Communication,Quebec,Quebec,Corporate,10,1124.244,-126.45,0.03
2011-10-20,2011-10-01,Technology,Telephones and Communication,Quebec,Quebec,Consumer,23,415.055,-44.13,0.02
2012-09-30,2012-09-01,Office Supplies,Pens & Art Supplies,Quebec,Quebec,Home Office,40,73.62,0.86,0.05
2010-06-30,2010-06-01,Office Supplies,Envelopes,Quebec,Quebec,Small Business,37,1287.94,140.35,0.06
2010-06-30,2010-06-01,Office Supplies,Envelopes,Quebec,Quebec,Small Business,39,585.36,269.26,0.07
2012-09-17,2012-09-01,Technology,Office Machines,Quebec,Quebec,Corporate,22,11022.53,1869.86,0.06
2012-09-17,2012-09-01,Office Supplies,Paper,Quebec,Quebec,Corporate,25,377.37,151.4,0.04
2012-09-17,2012-09-01,Office Supplies,Storage & Organization,Quebec,Quebec,Corporate,47,1200.7,-37.27,0.06
2009-05-28,2009-05-01,Office Supplies,Paper,Quebec,Quebec,Corporate,11,73.62,-23.5,0.03
2012-02-11,2012-02-01,Office Supplies,Binders and Binder Accessories,Quebec,Quebec,Corporate,3,110.0,-24.43,0.02
2012-02-11,2012-02-01,Office Supplies,Paper,Quebec,Quebec,Corporate,35,186.89,-153.2,0.02
2012-05-12,2012-05-01,Office Supplies,Pens & Art Supplies,Quebec,Quebec,Consumer,34,1132.32,77.45,0.1
2012-05-12,2012-05-01,Furniture,Tables,Quebec,Quebec,Consumer,8,593.64,65.25,0.02
2012-05-12,2012-05-01,Technology,Telephones and Communication,Quebec,Quebec,Consumer,45,2438.3695,317.2,0.1
2010-02-03,2010-02-01,Technology,Telephones and Communication,Quebec,Quebec,Small Business,34,232.4155,-110.59,0.05
2012-06-26,2012-06-01,Office Supplies,Binders and Binder Accessories,Quebec,Quebec,Corporate,8,71.1,2.29,0.03
2009-11-30,2009-11-01,Office Supplies,Binders and Binder Accessories,Quebec,Quebec,Small Business,21,470.79,-80.11,0.04
2009-11-30,2009-11-01,Office Supplies,Labels,Quebec,Quebec,Small Business,6,36.56,6.22,0.07
2009-11-30,2009-11-01,Furniture,Office Furnishings,Quebec,Quebec,Small Business,3,55.17,46.84,0.06
2011-01-21,2011-01-01,Office Supplies,Pens & Art Supplies,Quebec,Quebec,Consumer,35,422.25,-116.02,0.06
2009-08-04,2009-08-01,Office Supplies,Envelopes,Quebec,Quebec,Consumer,44,357.48,160.02,0.01
2009-05-22,2009-05-01,Office Supplies,Pens & Art Supplies,Quebec,Quebec,Small Business,45,1206.15,304.2,0.03
2009-05-22,2009-05-01,Office Supplies,Storage & Organization,Quebec,Quebec,Small Business,44,941.99,-2111.36,0.1
2011-06-11,2011-06-01,Office Supplies,Paper,Quebec,Quebec,Small Business,20,137.97,-123.94,0.06
2009-03-24,2009-03-01,Furniture,Tables,Quebec,Quebec,Small Business,23,2527.792,-335.32,0.09
2010-04-24,2010-04-01,Furniture,Bookcases,Quebec,Quebec,Corporate,35,6130.9,583.15,0.03
2010-04-24,2010-04-01,Technology,Telephones and Communication,Quebec,Quebec,Corporate,10,193.205,-52.24,0.0
2012-03-02,2012-03-01,Technology,Copiers and Fax,Quebec,Quebec,Small Business,27,14300.26,6279.18,0.01
2012-03-02,2012-03-01,Office Supplies,Pens & Art Supplies,Quebec,Quebec,Small Business,3,62.88,-25.96,0.09
2009-02-12,2009-02-01,Office Supplies,Binders and Binder Accessories,Quebec,Quebec,Small Business,13,197.61,3.46,0.08
2009-02-12,2009-02-01,Office Supplies,Rubber Bands,Quebec,Quebec,Small Business,22,68.92,2.63,0.04
2009-02-12,2009-02-01,Technology,Telephones and Communication,Quebec,Quebec,Small Business,38,3594.7435,1016.97,0.05
2009-12-28,2009-12-01,Office Supplies,Paper,Quebec,Quebec,Small Business,7,235.98,-32.28,0.02
2011-01-24,2011-01-01,Office Supplies,Labels,Ontario,Ontario,Corporate,4,14.96,-0.03,0.02
2011-01-24,2011-01-01,Office Supplies,Pens & Art Supplies,Ontario,Ontario,Corporate,4,15.69,-1.59,0.09
2010-09-26,2010-09-01,Technology,Telephones and Communication,Ontario,Ontario,Consumer,20,1156.6715,88.52,0.01
2011-04-30,2011-04-01,Furniture,Chairs & Chairmats,Ontario,Ontario,Home Office,33,5437.92,-684.57,0.0
2010-01-26,2010-01-01,Office Supplies,Storage & Organization,Ontario,Ontario,Home Office,47,840.04,-131.27,0.04
2011-01-04,2011-01-01,Office Supplies,Binders and Binder Accessories,Ontario,Ontario,Corporate,33,378.6,12.72,0.08
2011-01-04,2011-01-01,Technology,Office Machines,Ontario,Ontario,Corporate,2,38.5,-52.14,0.09
2009-09-20,2009-09-01,Furniture,Office Furnishings,Ontario,Ontario,Consumer,46,605.97,-22.72,0.07
2011-05-14,2011-05-01,Furniture,Tables,Ontario,Ontario,Corporate,42,11230.25,-679.04,0.07
2011-09-18,2011-09-01,Furniture,Office Furnishings,Ontario,Ontario,Consumer,48,5340.5,1215.28,0.01
2010-10-13,2010-10-01,Technology,Computer Peripherals,Ontario,Ontario,Home Office,29,4345.86,126.62,0.09
2009-05-07,2009-05-01,Technology,Telephones and Communication,Ontario,Ontario,Corporate,26,755.6075,149.17,0.05
2009-03-15,2009-03-01,Furniture,Tables,Ontario,Ontario,Corporate,24,7287.55,-715.78,0.04
2010-11-29,2010-11-01,Office Supplies,Binders and Binder Accessories,Ontario,Ontario,Small Business,13,137.64,19.59,0.06
2010-01-14,2010-01-01,Office Supplies,Paper,Ontario,Ontario,Small Business,6,40.31,-32.27,0.08
2010-08-19,2010-08-01,Office Supplies,Appliances,Ontario,Ontario,Consumer,36,508.73,-229.67,0.08
2012-09-04,2012-09-01,Technology,Computer Peripherals,Ontario,Ontario,Home Office,32,731.22,-84.07,0.0
2012-09-04,2012-09-01,Office Supplies,Paper,Ontario,Ontario,Home Office,23,114.14,-65.62,0.07
2009-04-02,2009-04-01,Office Supplies,Appliances,Ontario,Ontario,Home Office,16,1427.67,422.8,0.04
2009-04-02,2009-04-01,Office Supplies,Paper,Ontario,Ontario,Home Office,11,499.26,144.05,0.09
2012-02-06,2012-02-01,Office Supplies,Binders and Binder Accessories,Ontario,Ontario,Corporate,30,736.3,259.07,0.03
2012-02-06,2012-02-01,Office Supplies,Paper,Ontario,Ontario,Corporate,50,346.06,-76.54,0.0
2012-09-15,2012-09-01,Office Supplies,Appliances,Ontario,Ontario,Home Office,42,927.97,162.17,0.08
2012-09-15,2012-09-01,Office Supplies,Paper,Ontario,Ontario,Home Office,9,59.05,-24.09,0.08
2011-10-02,2011-10-01,Office Supplies,Storage & Organization,Ontario,Ontario,Consumer,27,153.23,-95.15,0.08
2010-12-07,2010-12-01,Office Supplies,Appliances,Ontario,Ontario,Small Business,3,321.57,-100.05,0.01
2010-12-07,2010-12-01,Furniture,Chairs & Chairmats,Ontario,Ontario,Small Business,12,1085.16,-311.54,0.08
2011-01-03,2011-01-01,Office Supplies,Paper,Ontario,Ontario,Corporate,38,1441.61,624.84,0.06
2009-01-08,2009-01-01,Office Supplies,Labels,Ontario,Ontario,Home Office,16,64.29,14.42,0.07
2009-01-08,2009-01-01,Furniture,Office Furnishings,Ontario,Ontario,Home Office,3,75.77,64.25,0.03
2011-10-22,2011-10-01,Furniture,Tables,Ontario,Ontario,Corporate,4,640.21,-388.52,0.07
2011-10-24,2011-10-01,Furniture,Tables,Ontario,Ontario,Home Office,43,6077.11,-353.66,0.06
2011-12-22,2011-12-01,Furniture,Tables,Ontario,Ontario,Home Office,48,6746.312,-433.29,0.07
2009-05-09,2009-05-01,Office Supplies,Paper,Ontario,Ontario,Consumer,24,159.43,-120.59,0.05
2010-05-24,2010-05-01,Office Supplies,"Scissors, Rulers and Trimmers",Ontario,Ontario,Corporate,30,106.64,-31.95,0.1
2011-02-11,2011-02-01,Office Supplies,Storage & Organization,Ontario,Ontario,Small Business,41,17874.26,6247.95,0.0
2011-08-11,2011-08-01,Technology,Telephones and Communication,Ontario,Ontario,Corporate,13,2388.636,191.0,0.01
2010-10-08,2010-10-01,Technology,Computer Peripherals,Ontario,Ontario,Consumer,8,141.77,-24.48,0.02
2009-11-17,2009-11-01,Office Supplies,Binders and Binder Accessories,Ontario,Ontario,Corporate,26,4286.55,1416.7,0.07
2009-11-17,2009-11-01,Office Supplies,Envelopes,Ontario,Ontario,Corporate,1,8.34,-3.44,0.09
2011-06-03,2011-06-01,Office Supplies,Paper,Ontario,Ontario,Consumer,27,197.15,-23.34,0.0
2012-02-07,2012-02-01,Office Supplies,Pens & Art Supplies,Ontario,Ontario,Corporate,41,89.77,9.92,0.03
2011-09-06,2011-09-01,Technology,Telephones and Communication,Ontario,Ontario,Home Office,45,766.9635,-88.25,0.05
2011-01-29,2011-01-01,Office Supplies,Paper,Ontario,Ontario,Corporate,11,76.36,-58.4,0.07
2011-01-29,2011-01-01,Technology,Telephones and Communication,Ontario,Ontario,Corporate,3,309.9015,-558.42,0.09
2010-03-07,2010-03-01,Office Supplies,Appliances,Ontario,Ontario,Corporate,46,3725.53,748.67,0.0
2010-02-27,2010-02-01,Office Supplies,Binders and Binder Accessories,Ontario,Ontario,Small Business,8,103.75,25.13,0.01
2010-02-27,2010-02-01,Technology,Telephones and Communication,Ontario,Ontario,Small Business,9,855.865,-153.92,0.04
2009-10-11,2009-10-01,Furniture,Office Furnishings,Ontario,Ontario,Home Office,25,158.83,-56.97,0.0
2010-06-25,2010-06-01,Office Supplies,Paper,Ontario,Ontario,Consumer,28,193.16,-71.73,0.03
2012-05-04,2012-05-01,Office Supplies,Appliances,Ontario,Ontario,Corporate,40,1757.43,490.77,0.02
2012-05-04,2012-05-01,Office Supplies,Binders and Binder Accessories,Ontario,Ontario,Corporate,8,137.26,-54.61,0.03
2012-05-04,2012-05-01,Technology,Telephones and Communication,Ontario,Ontario,Corporate,20,2913.1455,333.72,0.09
2011-01-17,2011-01-01,Furniture,Office Furnishings,Ontario,Ontario,Corporate,7,308.52,-59.85,0.1
2011-01-17,2011-01-01,Office Supplies,Paper,Ontario,Ontario,Corporate,29,176.5,-119.72,0.1
2012-03-30,2012-03-01,Technology,Computer Peripherals,Ontario,Ontario,Corporate,37,221.66,-95.17,0.08
2012-02-09,2012-02-01,Furniture,Tables,Ontario,Ontario,Small Business,33,6170.02,-433.29,0.03
2012-07-21,2012-07-01,Office Supplies,Binders and Binder Accessories,Ontario,Ontario,Corporate,42,12270.3,4842.37,0.07
2012-07-31,2012-07-01,Furniture,Tables,Ontario,Ontario,Corporate,1,148.344,25.21,0.06
2012-09-09,2012-09-01,Technology,Computer Peripherals,Ontario,Ontario,Corporate,1,40.29,-82.13,0.0
2012-09-09,2012-09-01,Office Supplies,Envelopes,Ontario,Ontario,Corporate,20,775.77,179.37,0.07
2011-05-11,2011-05-01,Furniture,Office Furnishings,Ontario,Ontario,Small Business,36,3436.9,-398.11,0.03
2009-07-07,2009-07-01,Furniture,Bookcases,Ontario,Ontario,Small Business,8,1187.01,-203.27,0.0
2009-05-24,2009-05-01,Technology,Office Machines,Ontario,Ontario,Home Office,31,2360.43,66.22,0.1
2009-05-24,2009-05-01,Office Supplies,Paper,Ontario,Ontario,Home Office,22,154.6,-23.53,0.02
2010-04-22,2010-04-01,Office Supplies,Appliances,Ontario,Ontario,Corporate,46,187.92,-2149.8,0.08
2010-03-07,2010-03-01,Technology,Computer Peripherals,Ontario,Ontario,Corporate,36,1211.0,-27.99,0.0
2010-03-07,2010-03-01,Technology,Telephones and Communication,Ontario,Ontario,Corporate,28,4924.135,1049.54,0.07
2010-11-07,2010-11-01,Office Supplies,Storage & Organization,Ontario,Ontario,Consumer,35,4890.58,310.51,0.05
2010-01-29,2010-01-01,Office Supplies,Paper,Ontario,Ontario,Consumer,29,150.28,-50.86,0.04
2010-01-08,2010-01-01,Technology,Telephones and Communication,Ontario,Ontario,Corporate,24,436.4835,0.85,0.01
2011-09-30,2011-09-01,Technology,Computer Peripherals,Ontario,Ontario,Consumer,49,682.77,165.2,0.05
2009-10-17,2009-10-01,Office Supplies,Storage & Organization,Ontario,Ontario,Home Office,32,2421.44,-949.09,0.09
2011-08-16,2011-08-01,Office Supplies,Rubber Bands,Ontario,Ontario,Home Office,4,14.75,-2.49,0.03
2010-01-05,2010-01-01,Office Supplies,Pens & Art Supplies,Ontario,Ontario,Consumer,31,111.48,29.57,0.09
2010-01-05,2010-01-01,Technology,Telephones and Communication,Ontario,Ontario,Consumer,44,2322.812,454.38,0.1
2010-04-28,2010-04-01,Office Supplies,Storage & Organization,Ontario,Ontario,Corporate,24,391.23,-27.98,0.07
2010-11-09,2010-11-01,Office Supplies,Paper,Ontario,Ontario,Corporate,33,207.01,-36.9,0.01
2009-01-27,2009-01-01,Office Supplies,Pens & Art Supplies,Ontario,Ontario,Corporate,41,1863.02,360.63,0.03
2009-01-27,2009-01-01,Office Supplies,Rubber Bands,Ontario,Ontario,Corporate,50,55.89,-3.05,0.06
2010-03-21,2010-03-01,Office Supplies,Paper,Ontario,Ontario,Corporate,16,838.81,290.77,0.09
2012-05-11,2012-05-01,Office Supplies,Binders and Binder Accessories,Ontario,Ontario,Home Office,12,94.39,-29.49,0.04
2009-03-19,2009-03-01,Technology,Telephones and Communication,Ontario,Ontario,Consumer,39,936.802,-12.08,0.07
2012-06-15,2012-06-01,Furniture,Chairs & Chairmats,Ontario,Ontario,Consumer,1,379.8,-183.09,0.02
2012-06-15,2012-06-01,Office Supplies,Pens & Art Supplies,Ontario,Ontario,Consumer,48,107.7,14.97,0.06
2009-01-19,2009-01-01,Office Supplies,Appliances,Ontario,Ontario,Consumer,18,3568.45,1081.62,0.09
2012-07-21,2012-07-01,Technology,Telephones and Communication,Ontario,Ontario,Small Business,45,2604.315,750.87,0.0
2010-09-25,2010-09-01,Technology,Computer Peripherals,Ontario,Ontario,Corporate,37,2911.64,225.28,0.02
2009-08-25,2009-08-01,Office Supplies,Labels,Ontario,Ontario,Corporate,14,36.52,10.05,0.07
2012-07-10,2012-07-01,Furniture,Bookcases,Ontario,Ontario,Home Office,10,1077.28,-486.12,0.0
2012-07-10,2012-07-01,Office Supplies,Envelopes,Ontario,Ontario,Home Office,16,61.52,-8.89,0.02
2010-09-10,2010-09-01,Office Supplies,Paper,Ontario,Ontario,Corporate,29,1111.23,21.6,0.1
2010-07-27,2010-07-01,Technology,Computer Peripherals,Ontario,Ontario,Home Office,3,64.5,-55.11,0.05
2010-07-27,2010-07-01,Furniture,Tables,Ontario,Ontario,Home Office,25,9944.49,-969.05,0.08
2011-02-11,2011-02-01,Furniture,Chairs & Chairmats,Ontario,Ontario,Home Office,1,172.34,-73.22,0.0
2010-04-15,2010-04-01,Office Supplies,Storage & Organization,Ontario,Ontario,Small Business,12,816.23,-353.71,0.05
2011-04-30,2011-04-01,Office Supplies,Appliances,Ontario,Ontario,Corporate,33,340.97,-22.82,0.07
2011-04-30,2011-04-01,Office Supplies,Paper,Ontario,Ontario,Corporate,22,136.24,-96.22,0.03
2012-05-03,2012-05-01,Office Supplies,Binders and Binder Accessories,Ontario,Ontario,Small Business,14,28.82,-8.36,0.08
2009-02-02,2009-02-01,Furniture,Tables,Ontario,Ontario,Corporate,31,4713.25,-372.49,0.1
2011-12-22,2011-12-01,Office Supplies,Pens & Art Supplies,Ontario,Ontario,Corporate,3,92.31,-28.95,0.0
2011-12-22,2011-12-01,Office Supplies,Pens & Art Supplies,Ontario,Ontario,Corporate,42,116.94,-10.01,0.06
2009-08-31,2009-08-01,Technology,Computer Peripherals,Ontario,Ontario,Home Office,35,1271.12,-62.82,0.05
2009-08-31,2009-08-01,Office Supplies,"Scissors, Rulers and Trimmers",Ontario,Ontario,Home Office,17,58.5,-25.26,0.0
2012-05-25,2012-05-01,Office Supplies,Paper,Ontario,Ontario,Corporate,6,53.72,2.82,0.1
2012-05-25,2012-05-01,Office Supplies,Storage & Organization,Ontario,Ontario,Corporate,33,1809.21,454.49,0.04
2012-05-25,2012-05-01,Furniture,Tables,Ontario,Ontario,Corporate,17,9150.09,-1331.55,0.1
2011-03-05,2011-03-01,Office Supplies,Paper,Ontario,Ontario,Corporate,34,306.3,18.73,0.07
2011-03-05,2011-03-01,Office Supplies,Pens & Art Supplies,Ontario,Ontario,Corporate,42,163.98,55.73,0.01
2010-04-12,2010-04-01,Office Supplies,Paper,Ontario,Ontario,Home Office,9,495.1,110.36,0.04
2011-07-28,2011-07-01,Furniture,Chairs & Chairmats,Ontario,Ontario,Corporate,4,559.75,-331.08,0.07
2012-10-28,2012-10-01,Office Supplies,Appliances,Ontario,Ontario,Home Office,8,1611.73,-314.61,0.1
2012-10-28,2012-10-01,Technology,Office Machines,Ontario,Ontario,Home Office,1,1946.55,-4017.62,0.07
2012-10-15,2012-10-01,Technology,Telephones and Communication,Ontario,Ontario,Home Office,5,474.793,-407.26,0.09
2012-12-06,2012-12-01,Office Supplies,Binders and Binder Accessories,Ontario,Ontario,Corporate,28,120.98,-92.85,0.0
2012-12-06,2012-12-01,Furniture,Office Furnishings,Ontario,Ontario,Corporate,14,1082.66,-256.93,0.08
2012-05-06,2012-05-01,Technology,Computer Peripherals,Ontario,Ontario,Home Office,46,4744.64,1033.38,0.04
2012-05-06,2012-05-01,Technology,Telephones and Communication,Ontario,Ontario,Home Office,2,40.8255,-99.98,0.01
2012-05-06,2012-05-01,Office Supplies,Envelopes,Ontario,Ontario,Home Office,41,607.13,274.66,0.1
2012-05-06,2012-05-01,Office Supplies,Rubber Bands,Ontario,Ontario,Home Office,31,34.22,-3.19,0.07
2009-06-05,2009-06-01,Office Supplies,Appliances,Ontario,Ontario,Consumer,14,4998.03,1092.94,0.09
2010-06-10,2010-06-01,Office Supplies,Binders and Binder Accessories,Ontario,Ontario,Small Business,14,323.11,41.52,0.0
2010-06-10,2010-06-01,Office Supplies,Paper,Ontario,Ontario,Small Business,11,65.1,13.31,0.03
2010-06-10,2010-06-01,Furniture,Office Furnishings,Ontario,Ontario,Small Business,19,163.75,23.61,0.0
2010-06-29,2010-06-01,Office Supplies,Paper,Ontario,Ontario,Small Business,17,90.93,14.19,0.02
2010-06-29,2010-06-01,Furniture,Tables,Ontario,Ontario,Small Business,35,6170.912,-528.65,0.04
2009-05-24,2009-05-01,Office Supplies,Appliances,Ontario,Ontario,Consumer,8,319.62,-16.64,0.08
2009-05-24,2009-05-01,Technology,Computer Peripherals,Ontario,Ontario,Consumer,32,263.39,-59.73,0.08
2009-05-24,2009-05-01,Furniture,Tables,Ontario,Ontario,Consumer,26,7208.8,-633.44,0.02
2010-04-29,2010-04-01,Office Supplies,Binders and Binder Accessories,Ontario,Ontario,Small Business,45,101.57,-5.99,0.01
2012-06-06,2012-06-01,Technology,Computer Peripherals,Ontario,Ontario,Home Office,2,107.67,-234.66,0.1
2012-04-29,2012-04-01,Technology,Telephones and Communication,Ontario,Ontario,Corporate,30,2368.168,1181.3,0.0
2011-05-07,2011-05-01,Technology,Computer Peripherals,Ontario,Ontario,Corporate,7,33.99,-25.86,0.09
2010-10-30,2010-10-01,Office Supplies,Appliances,Ontario,Ontario,Consumer,5,78.79,-21.29,0.03
2010-10-30,2010-10-01,Office Supplies,Binders and Binder Accessories,Ontario,Ontario,Consumer,9,3928.25,1343.25,0.04
2012-10-15,2012-10-01,Office Supplies,Pens & Art Supplies,Ontario,Ontario,Corporate,29,195.21,16.4,0.07
2012-04-24,2012-04-01,Technology,Telephones and Communication,Ontario,Ontario,Consumer,47,4725.0905,1578.7,0.01
2012-04-24,2012-04-01,Office Supplies,Rubber Bands,Ontario,Ontario,Consumer,50,286.76,77.2,0.09
2012-07-30,2012-07-01,Office Supplies,Binders and Binder Accessories,Ontario,Ontario,Home Office,4,7406.49,701.22,0.03
2012-07-30,2012-07-01,Office Supplies,Paper,Ontario,Ontario,Home Office,50,350.01,-133.43,0.04
2009-03-21,2009-03-01,Office Supplies,Binders and Binder Accessories,Ontario,Ontario,Home Office,41,18081.76,8822.28,0.03
2009-10-21,2009-10-01,Office Supplies,Storage & Organization,Ontario,Ontario,Corporate,49,21337.27,7606.0,0.02
2010-03-06,2010-03-01,Office Supplies,Paper,Ontario,Ontario,Consumer,2,15.81,-9.88,0.06
2012-08-05,2012-08-01,Furniture,Office Furnishings,Ontario,Ontario,Corporate,41,802.16,-293.45,0.1
2012-09-30,2012-09-01,Technology,Computer Peripherals,Ontario,Ontario,Consumer,50,3333.1,-85.03,0.1
2012-09-30,2012-09-01,Office Supplies,Pens & Art Supplies,Ontario,Ontario,Consumer,27,55.68,0.26,0.04
2012-02-08,2012-02-01,Office Supplies,Labels,Ontario,Ontario,Corporate,18,56.13,-58.47,0.02
2010-09-24,2010-09-01,Office Supplies,Envelopes,Ontario,Ontario,Home Office,12,94.83,29.87,0.02
2011-09-05,2011-09-01,Office Supplies,Pens & Art Supplies,Ontario,Ontario,Corporate,1,13.04,-6.62,0.06
2011-03-04,2011-03-01,Office Supplies,Binders and Binder Accessories,Ontario,Ontario,Small Business,31,197.59,-73.62,0.09
2010-09-02,2010-09-01,Office Supplies,Pens & Art Supplies,Ontario,Ontario,Home Office,43,856.45,265.1,0.03
2010-09-02,2010-09-01,Office Supplies,Pens & Art Supplies,Ontario,Ontario,Home Office,1,6.75,-2.31,0.08
2009-01-22,2009-01-01,Office Supplies,Storage & Organization,Ontario,Ontario,Corporate,13,1160.59,-330.14,0.01
2009-03-13,2009-03-01,Technology,Telephones and Communication,Ontario,Ontario,Home Office,2,201.178,-604.41,0.07
2009-03-13,2009-03-01,Technology,Computer Peripherals,Ontario,Ontario,Home Office,25,2493.24,293.66,0.03
2010-08-01,2010-08-01,Office Supplies,Labels,Ontario,Ontario,Consumer,28,90.5,24.71,0.03
2012-08-06,2012-08-01,Office Supplies,Paper,Ontario,Ontario,Corporate,25,157.4,-84.0,0.07
2011-12-03,2011-12-01,Technology,Telephones and Communication,Ontario,Ontario,Consumer,11,617.219,-136.09,0.03
2011-11-18,2011-11-01,Technology,Computer Peripherals,Ontario,Ontario,Corporate,20,157.13,-46.89,0.07
2011-11-18,2011-11-01,Office Supplies,Paper,Ontario,Ontario,Corporate,28,195.11,-129.42,0.04
2011-11-18,2011-11-01,Technology,Telephones and Communication,Ontario,Ontario,Corporate,29,2738.785,556.83,0.07
2011-11-18,2011-11-01,Furniture,Office Furnishings,Ontario,Ontario,Corporate,30,217.42,16.97,0.09
2012-02-09,2012-02-01,Furniture,Tables,Ontario,Ontario,Consumer,14,3049.632,-679.04,0.04
2012-02-09,2012-02-01,Technology,Telephones and Communication,Ontario,Ontario,Consumer,41,1274.949,416.99,0.05
2010-06-03,2010-06-01,Furniture,Tables,Ontario,Ontario,Home Office,18,2657.56,126.28,0.1
2009-12-04,2009-12-01,Office Supplies,Pens & Art Supplies,Ontario,Ontario,Small Business,44,243.5,23.87,0.09
2010-09-07,2010-09-01,Furniture,Office Furnishings,Ontario,Ontario,Corporate,43,606.98,21.08,0.05
2010-09-07,2010-09-01,Office Supplies,Paper,Ontario,Ontario,Corporate,48,301.62,-162.54,0.09
2012-07-11,2012-07-01,Office Supplies,Binders and Binder Accessories,Ontario,Ontario,Corporate,2,24.51,-18.26,0.06
2012-09-01,2012-09-01,Furniture,Office Furnishings,Ontario,Ontario,Corporate,33,311.19,-9.18,0.03
2012-07-16,2012-07-01,Technology,Telephones and Communication,Ontario,Ontario,Home Office,46,1752.0965,356.35,0.1
2011-03-24,2011-03-01,Office Supplies,Paper,Ontario,Ontario,Home Office,13,76.81,-55.77,0.0
2011-03-24,2011-03-01,Office Supplies,"Scissors, Rulers and Trimmers",Ontario,Ontario,Home Office,21,174.22,-1.23,0.03
2009-11-25,2009-11-01,Office Supplies,Appliances,Ontario,Ontario,Home Office,35,725.15,140.57,0.05
2012-07-25,2012-07-01,Office Supplies,Appliances,Ontario,Ontario,Small Business,28,1166.29,302.86,0.07
2009-01-16,2009-01-01,Office Supplies,Pens & Art Supplies,Ontario,Ontario,Corporate,20,62.78,-17.75,0.04
2009-01-16,2009-01-01,Technology,Telephones and Communication,Ontario,Ontario,Corporate,25,2836.0505,561.13,0.01
2010-11-29,2010-11-01,Office Supplies,Binders and Binder Accessories,Ontario,Ontario,Corporate,4,701.16,4.56,0.08
2010-07-25,2010-07-01,Furniture,Office Furnishings,Ontario,Ontario,Home Office,39,1818.76,843.12,0.02
2010-07-25,2010-07-01,Office Supplies,Storage & Organization,Ontario,Ontario,Home Office,26,4322.26,-618.95,0.07
2009-01-21,2009-01-01,Furniture,Tables,Ontario,Ontario,Small Business,37,1251.18,-1756.44,0.05
2012-08-18,2012-08-01,Technology,Telephones and Communication,Ontario,Ontario,Consumer,24,169.354,-84.14,0.09
2011-07-31,2011-07-01,Office Supplies,Paper,Ontario,Ontario,Small Business,14,593.62,25.19,0.02
2011-07-31,2011-07-01,Office Supplies,Rubber Bands,Ontario,Ontario,Small Business,31,38.52,-17.34,0.06
2010-07-20,2010-07-01,Technology,Computer Peripherals,Ontario,Ontario,Consumer,37,1196.2,-73.77,0.03
2010-07-20,2010-07-01,Furniture,Office Furnishings,Ontario,Ontario,Consumer,7,98.55,23.16,0.07
2010-07-23,2010-07-01,Technology,Computer Peripherals,Ontario,Ontario,Small Business,3,28.75,-31.43,0.01
2010-07-23,2010-07-01,Office Supplies,Paper,Ontario,Ontario,Small Business,3,75.81,-21.13,0.06
2010-07-23,2010-07-01,Technology,Telephones and Communication,Ontario,Ontario,Small Business,38,259.7175,-118.48,0.02
2011-03-31,2011-03-01,Office Supplies,Binders and Binder Accessories,Ontario,Ontario,Consumer,12,83.89,-29.59,0.05
2010-10-24,2010-10-01,Office Supplies,Binders and Binder Accessories,Ontario,Ontario,Corporate,15,43.96,-0.24,0.03
2010-10-24,2010-10-01,Office Supplies,Envelopes,Ontario,Ontario,Corporate,7,60.19,6.44,0.01
2012-05-22,2012-05-01,Office Supplies,Appliances,Ontario,Ontario,Corporate,20,1361.91,312.52,0.05
2011-12-02,2011-12-01,Furniture,Office Furnishings,Ontario,Ontario,Corporate,42,267.06,-96.95,0.03
2011-12-02,2011-12-01,Office Supplies,Paper,Ontario,Ontario,Corporate,11,449.79,13.21,0.06
2012-06-19,2012-06-01,Furniture,Office Furnishings,Ontario,Ontario,Small Business,43,512.78,16.14,0.08
2010-10-04,2010-10-01,Furniture,Tables,Ontario,Ontario,Corporate,15,2272.56,111.05,0.06
2010-04-01,2010-04-01,Technology,Office Machines,Ontario,Ontario,Consumer,18,8334.03,1886.66,0.05
2010-08-30,2010-08-01,Office Supplies,Appliances,Ontario,Ontario,Consumer,22,1516.13,493.03,0.06
2010-08-30,2010-08-01,Technology,Computer Peripherals,Ontario,Ontario,Consumer,38,612.49,168.04,0.09
2010-08-30,2010-08-01,Furniture,Tables,Ontario,Ontario,Consumer,7,1092.42,-364.87,0.03
2010-08-24,2010-08-01,Technology,Computer Peripherals,Ontario,Ontario,Small Business,22,561.92,57.82,0.1
2010-08-24,2010-08-01,Office Supplies,Paper,Ontario,Ontario,Small Business,19,365.64,22.77,0.03
2010-03-25,2010-03-01,Furniture,Office Furnishings,Ontario,Ontario,Home Office,16,1835.84,608.74,0.05
2010-03-25,2010-03-01,Office Supplies,Pens & Art Supplies,Ontario,Ontario,Home Office,48,133.43,9.5,0.1
2010-03-25,2010-03-01,Technology,Telephones and Communication,Ontario,Ontario,Home Office,31,1655.3665,173.93,0.08
2010-06-13,2010-06-01,Furniture,Bookcases,Ontario,Ontario,Corporate,32,1727.79,-694.9,0.1
2012-10-23,2012-10-01,Technology,Computer Peripherals,Ontario,Ontario,Consumer,42,3931.17,1174.02,0.1
2012-10-23,2012-10-01,Office Supplies,Paper,Ontario,Ontario,Consumer,24,134.88,-122.21,0.0
2012-09-13,2012-09-01,Technology,Computer Peripherals,Ontario,Ontario,Home Office,23,394.8,-113.8,0.1
2009-11-30,2009-11-01,Office Supplies,Paper,Ontario,Ontario,Corporate,44,276.0,-98.53,0.08
2009-11-30,2009-11-01,Office Supplies,Pens & Art Supplies,Ontario,Ontario,Corporate,46,132.01,6.93,0.04
2012-01-27,2012-01-01,Office Supplies,Binders and Binder Accessories,Ontario,Ontario,Corporate,33,207.92,-124.84,0.08
2010-03-01,2010-03-01,Office Supplies,Appliances,Ontario,Ontario,Corporate,18,877.64,218.97,0.03
2010-03-01,2010-03-01,Technology,Computer Peripherals,Ontario,Ontario,Corporate,9,190.1,-63.78,0.06
2009-06-25,2009-06-01,Furniture,Tables,Ontario,Ontario,Small Business,17,1032.072,54.23,0.06
2012-07-11,2012-07-01,Office Supplies,Paper,Ontario,Ontario,Home Office,25,184.32,-73.33,0.0
2009-11-03,2009-11-01,Office Supplies,Labels,Ontario,Ontario,Corporate,12,34.01,10.58,0.0
2009-11-03,2009-11-01,Furniture,Office Furnishings,Ontario,Ontario,Corporate,41,1008.95,69.31,0.04
2009-11-03,2009-11-01,Office Supplies,Storage & Organization,Ontario,Ontario,Corporate,21,3508.33,-546.98,0.04
2012-02-18,2012-02-01,Furniture,Tables,Ontario,Ontario,Small Business,50,794.58,11.65,0.05
2010-08-03,2010-08-01,Office Supplies,Binders and Binder Accessories,Ontario,Ontario,Corporate,22,123.95,2.42,0.01
2010-10-29,2010-10-01,Office Supplies,Appliances,Ontario,Ontario,Corporate,39,9081.98,2485.54,0.02
2010-10-29,2010-10-01,Office Supplies,Envelopes,Ontario,Ontario,Corporate,31,806.08,402.37,0.08
2010-10-29,2010-10-01,Office Supplies,Storage & Organization,Ontario,Ontario,Corporate,4,70.02,-30.63,0.0
2010-04-20,2010-04-01,Office Supplies,Storage & Organization,Ontario,Ontario,Home Office,28,481.27,-128.89,0.01
2010-12-12,2010-12-01,Office Supplies,Paper,Ontario,Ontario,Corporate,10,52.76,-49.53,0.09
2011-06-10,2011-06-01,Furniture,Chairs & Chairmats,Ontario,Ontario,Consumer,9,1225.37,0.98,0.08
2011-06-10,2011-06-01,Office Supplies,Storage & Organization,Ontario,Ontario,Consumer,27,1199.57,23.7,0.06
2011-06-10,2011-06-01,Technology,Telephones and Communication,Ontario,Ontario,Consumer,10,484.2195,-33.79,0.02
2011-04-03,2011-04-01,Office Supplies,Paper,Ontario,Ontario,Corporate,50,169.13,43.05,0.0
2010-07-15,2010-07-01,Furniture,Office Furnishings,Ontario,Ontario,Small Business,29,208.04,14.77,0.1
2011-08-17,2011-08-01,Office Supplies,Paper,Ontario,Ontario,Corporate,22,136.18,-43.26,0.08
2011-08-17,2011-08-01,Office Supplies,Labels,Ontario,Ontario,Corporate,37,111.37,46.46,0.04
2011-08-17,2011-08-01,Office Supplies,Paper,Ontario,Ontario,Corporate,15,105.48,-53.99,0.02
2009-04-28,2009-04-01,Office Supplies,Paper,Ontario,Ontario,Corporate,11,78.68,-29.07,0.05
2012-07-17,2012-07-01,Office Supplies,Pens & Art Supplies,Ontario,Ontario,Corporate,44,128.22,16.51,0.07
2009-11-02,2009-11-01,Technology,Computer Peripherals,Ontario,Ontario,Home Office,31,904.93,-53.4,0.08
2009-11-02,2009-11-01,Office Supplies,Labels,Ontario,Ontario,Home Office,21,98.51,45.93,0.1
2009-09-17,2009-09-01,Office Supplies,Appliances,Ontario,Ontario,Corporate,12,96.73,-83.65,0.08
2009-09-17,2009-09-01,Furniture,Office Furnishings,Ontario,Ontario,Corporate,34,253.6,24.39,0.07
2009-11-29,2009-11-01,Furniture,Office Furnishings,Ontario,Ontario,Home Office,20,307.46,4.91,0.02
2009-06-23,2009-06-01,Office Supplies,Pens & Art Supplies,Ontario,Ontario,Corporate,10,36.91,-27.72,0.07
2009-06-23,2009-06-01,Technology,Computer Peripherals,Ontario,Ontario,Corporate,8,2155.84,-267.63,0.02
2009-06-23,2009-06-01,Office Supplies,Paper,Ontario,Ontario,Corporate,26,175.27,-33.67,0.01
2009-05-03,2009-05-01,Office Supplies,Envelopes,Ontario,Ontario,Consumer,49,1400.91,-163.53,0.09
2009-05-03,2009-05-01,Furniture,Office Furnishings,Ontario,Ontario,Consumer,47,2259.66,554.77,0.03
2009-05-02,2009-05-01,Office Supplies,Binders and Binder Accessories,Ontario,Ontario,Consumer,25,172.42,-71.6,0.09
2009-05-02,2009-05-01,Technology,Telephones and Communication,Ontario,Ontario,Consumer,19,2033.9225,251.2,0.02
2009-02-02,2009-02-01,Furniture,Office Furnishings,Ontario,Ontario,Consumer,44,363.92,-144.56,0.0
2011-02-24,2011-02-01,Technology,Telephones and Communication,Ontario,Ontario,Home Office,50,7778.758,2547.3,0.0
2012-02-04,2012-02-01,Office Supplies,Paper,Ontario,Ontario,Home Office,47,1001.17,333.18,0.0
2009-06-30,2009-06-01,Furniture,Office Furnishings,Ontario,Ontario,Consumer,14,890.9,404.29,0.05
2011-07-18,2011-07-01,Technology,Telephones and Communication,Ontario,Ontario,Consumer,39,2192.439,517.82,0.06
2012-09-03,2012-09-01,Technology,Office Machines,Ontario,Ontario,Consumer,28,3361.02,26.05,0.04
2012-03-31,2012-03-01,Technology,Office Machines,Ontario,Ontario,Corporate,23,2732.01,-100.47,0.04
2009-04-21,2009-04-01,Office Supplies,Paper,Ontario,Ontario,Small Business,12,382.29,61.47,0.05
2009-04-21,2009-04-01,Office Supplies,Pens & Art Supplies,Ontario,Ontario,Small Business,37,881.74,18.27,0.05
2009-04-21,2009-04-01,Office Supplies,Storage & Organization,Ontario,Ontario,Small Business,1,22.61,-8.4,0.03
2009-04-21,2009-04-01,Furniture,Tables,Ontario,Ontario,Small Business,33,7384.18,-513.79,0.04
2009-12-06,2009-12-01,Office Supplies,Paper,Ontario,Ontario,Corporate,2,18.81,-12.83,0.08
2009-05-07,2009-05-01,Technology,Computer Peripherals,Ontario,Ontario,Small Business,5,1455.49,-807.59,0.07
2012-10-29,2012-10-01,Furniture,Chairs & Chairmats,Ontario,Ontario,Home Office,30,5454.51,446.26,0.03
2012-10-29,2012-10-01,Technology,Computer Peripherals,Ontario,Ontario,Home Office,42,1264.17,433.34,0.05
2009-04-20,2009-04-01,Furniture,Bookcases,Ontario,Ontario,Corporate,35,3640.83,-6.8,0.0
2009-04-20,2009-04-01,Technology,Computer Peripherals,Ontario,Ontario,Corporate,50,225.94,-89.13,0.09
2010-09-24,2010-09-01,Furniture,Chairs & Chairmats,Ontario,Ontario,Home Office,39,18561.31,4822.42,0.05
2010-07-21,2010-07-01,Office Supplies,Paper,Ontario,Ontario,Corporate,49,617.34,47.1,0.06
2011-06-06,2011-06-01,Office Supplies,Pens & Art Supplies,Ontario,Ontario,Corporate,42,906.07,-2.66,0.0
2009-09-30,2009-09-01,Office Supplies,Binders and Binder Accessories,Ontario,Ontario,Corporate,28,23106.46,9527.47,0.08
2009-09-30,2009-09-01,Furniture,Chairs & Chairmats,Ontario,Ontario,Corporate,10,2549.58,41.53,0.02
2009-10-05,2009-10-01,Furniture,Tables,Ontario,Ontario,Home Office,16,5105.06,467.12,0.03
2011-12-18,2011-12-01,Office Supplies,Paper,Ontario,Ontario,Small Business,15,76.42,-3.95,0.03
2009-06-30,2009-06-01,Technology,Computer Peripherals,Ontario,Ontario,Home Office,44,1431.0,-55.78,0.02
2009-06-12,2009-06-01,Furniture,Office Furnishings,Ontario,Ontario,Small Business,16,79.98,-56.56,0.09
2010-10-01,2010-10-01,Office Supplies,Pens & Art Supplies,Ontario,Ontario,Home Office,45,138.45,24.34,0.03
2009-06-01,2009-06-01,Office Supplies,Rubber Bands,Ontario,Ontario,Corporate,4,24.32,-2.97,0.05
2009-06-01,2009-06-01,Technology,Telephones and Communication,Ontario,Ontario,Corporate,7,344.301,-22.9,0.04
2010-11-10,2010-11-01,Office Supplies,Paper,Ontario,Ontario,Consumer,19,1004.18,374.19,0.08
2009-09-10,2009-09-01,Furniture,Chairs & Chairmats,Ontario,Ontario,Home Office,24,3118.6,804.2,0.06
2012-06-10,2012-06-01,Office Supplies,Pens & Art Supplies,Ontario,Ontario,Home Office,46,153.28,-161.21,0.09
2011-02-03,2011-02-01,Technology,Computer Peripherals,Ontario,Ontario,Consumer,4,130.14,-116.18,0.04
2010-02-07,2010-02-01,Office Supplies,Paper,Ontario,Ontario,Corporate,37,281.79,-50.96,0.04
2010-02-07,2010-02-01,Furniture,Tables,Ontario,Ontario,Corporate,40,4064.272,-300.85,0.01
2012-04-23,2012-04-01,Office Supplies,Binders and Binder Accessories,Ontario,Ontario,Small Business,40,6559.01,2307.57,0.1
2012-04-23,2012-04-01,Office Supplies,Paper,Ontario,Ontario,Small Business,36,263.37,-5.68,0.04
2009-03-12,2009-03-01,Office Supplies,Paper,Ontario,Ontario,Small Business,31,131.43,37.25,0.01
2009-11-23,2009-11-01,Furniture,Office Furnishings,Ontario,Ontario,Corporate,37,2374.35,878.21,0.05
2009-11-23,2009-11-01,Furniture,Office Furnishings,Ontario,Ontario,Corporate,39,729.21,194.15,0.0
2010-07-07,2010-07-01,Furniture,Tables,Ontario,Ontario,Small Business,7,1822.83,-627.64,0.08
2011-01-08,2011-01-01,Furniture,Office Furnishings,Ontario,Ontario,Consumer,27,826.27,322.88,0.03
2011-01-08,2011-01-01,Technology,Telephones and Communication,Ontario,Ontario,Consumer,29,1777.469,166.37,0.01
2011-01-08,2011-01-01,Technology,Telephones and Communication,Ontario,Ontario,Consumer,12,1219.1465,52.93,0.01
2012-03-04,2012-03-01,Technology,Telephones and Communication,Ontario,Ontario,Small Business,50,1875.4145,507.33,0.05
2011-01-11,2011-01-01,Office Supplies,Binders and Binder Accessories,Ontario,Ontario,Home Office,46,7535.96,2745.87,0.08
2011-01-11,2011-01-01,Technology,Computer Peripherals,Ontario,Ontario,Home Office,41,1618.31,504.71,0.08
2011-01-11,2011-01-01,Office Supplies,Paper,Ontario,Ontario,Home Office,1,11.87,-8.89,0.04
2012-06-19,2012-06-01,Office Supplies,Pens & Art Supplies,Ontario,Ontario,Corporate,30,630.54,-30.07,0.03
2011-12-05,2011-12-01,Office Supplies,Binders and Binder Accessories,Ontario,Ontario,Corporate,47,1413.82,226.53,0.1
2011-12-05,2011-12-01,Office Supplies,Envelopes,Ontario,Ontario,Corporate,7,56.9,12.64,0.03
2011-12-05,2011-12-01,Office Supplies,Paper,Ontario,Ontario,Corporate,45,308.92,-143.58,0.04
2011-07-23,2011-07-01,Technology,Computer Peripherals,Ontario,Ontario,Corporate,22,649.71,-157.51,0.07
2012-11-16,2012-11-01,Office Supplies,Envelopes,Ontario,Ontario,Small Business,38,3191.24,1620.23,0.0
2009-12-10,2009-12-01,Office Supplies,Pens & Art Supplies,Ontario,Ontario,Small Business,18,47.55,10.01,0.0
2009-07-21,2009-07-01,Office Supplies,Paper,Ontario,Ontario,Small Business,24,520.68,-143.66,0.09
2009-07-21,2009-07-01,Office Supplies,Storage & Organization,Ontario,Ontario,Small Business,25,358.78,-76.9,0.1
2012-08-22,2012-08-01,Office Supplies,Paper,Ontario,Ontario,Small Business,50,375.11,-331.63,0.01
2009-01-21,2009-01-01,Office Supplies,Binders and Binder Accessories,Ontario,Ontario,Home Office,12,97.74,-8.5,0.04
2009-01-21,2009-01-01,Technology,Computer Peripherals,Ontario,Ontario,Home Office,34,335.59,85.83,0.04
2011-03-08,2011-03-01,Office Supplies,Appliances,Ontario,Ontario,Small Business,27,341.1,-4.75,0.0
2011-03-08,2011-03-01,Office Supplies,Paper,Ontario,Ontario,Small Business,26,171.68,-116.56,0.07
2012-11-20,2012-11-01,Office Supplies,Pens & Art Supplies,Ontario,Ontario,Home Office,43,1502.47,214.05,0.07
2012-11-20,2012-11-01,Office Supplies,Storage & Organization,Ontario,Ontario,Home Office,24,2014.13,-794.94,0.1
2009-10-04,2009-10-01,Furniture,Office Furnishings,Ontario,Ontario,Corporate,15,308.64,91.08,0.03
2011-04-08,2011-04-01,Technology,Office Machines,Ontario,Ontario,Small Business,33,13671.94,5711.96,0.01
2010-10-15,2010-10-01,Technology,Computer Peripherals,Ontario,Ontario,Corporate,31,536.83,161.37,0.06
2010-10-15,2010-10-01,Office Supplies,Paper,Ontario,Ontario,Corporate,32,1734.31,647.25,0.06
2010-11-09,2010-11-01,Office Supplies,Appliances,Ontario,Ontario,Consumer,26,1614.84,-716.55,0.02
2009-07-21,2009-07-01,Technology,Computer Peripherals,Ontario,Ontario,Consumer,33,1422.31,498.15,0.02
2009-08-04,2009-08-01,Technology,Telephones and Communication,Ontario,Ontario,Corporate,42,5678.5525,1550.88,0.01
2012-09-14,2012-09-01,Office Supplies,Appliances,Ontario,Ontario,Corporate,28,132.01,-93.12,0.04
2012-09-14,2012-09-01,Technology,Computer Peripherals,Ontario,Ontario,Corporate,14,626.33,24.56,0.01
2012-09-14,2012-09-01,Furniture,Office Furnishings,Ontario,Ontario,Corporate,3,394.34,352.38,0.1
2012-12-10,2012-12-01,Office Supplies,Binders and Binder Accessories,Ontario,Ontario,Home Office,17,233.01,88.88,0.04
2012-12-10,2012-12-01,Office Supplies,Envelopes,Ontario,Ontario,Home Office,5,225.72,16.65,0.0
2012-03-10,2012-03-01,Technology,Telephones and Communication,Ontario,Ontario,Small Business,26,4769.0695,1138.58,0.03
2009-09-02,2009-09-01,Office Supplies,Pens & Art Supplies,Ontario,Ontario,Consumer,46,100.6,11.55,0.03
2009-09-02,2009-09-01,Office Supplies,Storage & Organization,Ontario,Ontario,Consumer,6,958.06,-77.09,0.09
2009-09-02,2009-09-01,Office Supplies,Binders and Binder Accessories,Ontario,Ontario,Consumer,2,14.75,-11.42,0.07
2009-09-02,2009-09-01,Furniture,Chairs & Chairmats,Ontario,Ontario,Consumer,31,11262.04,1660.92,0.06
2011-03-19,2011-03-01,Office Supplies,Rubber Bands,Ontario,Ontario,Corporate,35,133.07,-15.96,0.02
2012-04-14,2012-04-01,Office Supplies,Labels,Ontario,Ontario,Consumer,25,68.54,22.2,0.1
2012-04-14,2012-04-01,Furniture,Tables,Ontario,Ontario,Consumer,19,10351.01,-1331.55,0.08
2012-04-13,2012-04-01,Technology,Telephones and Communication,Ontario,Ontario,Small Business,30,1824.848,364.23,0.0
2011-07-07,2011-07-01,Office Supplies,Appliances,Ontario,Ontario,Consumer,4,49.86,-21.77,0.09
2011-07-07,2011-07-01,Office Supplies,Binders and Binder Accessories,Ontario,Ontario,Consumer,32,197.49,-52.84,0.08
2011-04-25,2011-04-01,Office Supplies,Rubber Bands,Ontario,Ontario,Corporate,11,24.95,-5.14,0.09
2011-09-28,2011-09-01,Technology,Computer Peripherals,Ontario,Ontario,Corporate,20,596.56,60.7,0.04
2011-12-24,2011-12-01,Office Supplies,Storage & Organization,Ontario,Ontario,Consumer,8,317.82,-33.09,0.02
2011-11-08,2011-11-01,Office Supplies,Envelopes,Ontario,Ontario,Corporate,16,136.98,44.12,0.04
2011-11-08,2011-11-01,Office Supplies,Paper,Ontario,Ontario,Corporate,39,225.17,-183.05,0.1
2011-11-08,2011-11-01,Technology,Telephones and Communication,Ontario,Ontario,Corporate,24,1112.157,140.81,0.09
2011-11-08,2011-11-01,Technology,Telephones and Communication,Ontario,Ontario,Corporate,40,1865.5885,972.9,0.02
2011-05-11,2011-05-01,Office Supplies,Binders and Binder Accessories,Ontario,Ontario,Consumer,50,1893.29,857.34,0.07
2011-05-11,2011-05-01,Technology,Telephones and Communication,Ontario,Ontario,Consumer,49,2628.047,-137.95,0.05
2010-04-10,2010-04-01,Furniture,Chairs & Chairmats,Ontario,Ontario,Corporate,46,11002.66,2349.29,0.07
2009-06-11,2009-06-01,Office Supplies,Paper,Ontario,Ontario,Small Business,14,481.4,150.72,0.04
2009-06-11,2009-06-01,Office Supplies,Pens & Art Supplies,Ontario,Ontario,Small Business,24,93.85,19.42,0.08
2009-06-11,2009-06-01,Office Supplies,Pens & Art Supplies,Ontario,Ontario,Small Business,47,85.87,3.13,0.01
2009-06-11,2009-06-01,Office Supplies,Storage & Organization,Ontario,Ontario,Small Business,42,8127.32,1141.07,0.01
2011-06-10,2011-06-01,Office Supplies,Binders and Binder Accessories,Ontario,Ontario,Small Business,41,236.68,-82.79,0.08
2011-06-10,2011-06-01,Office Supplies,Storage & Organization,Ontario,Ontario,Small Business,43,6255.81,693.26,0.01
2011-06-10,2011-06-01,Office Supplies,Binders and Binder Accessories,Ontario,Ontario,Small Business,39,616.5,25.99,0.02
2009-10-13,2009-10-01,Furniture,Tables,Ontario,Ontario,Corporate,22,3122.55,-574.56,0.07
2012-01-30,2012-01-01,Office Supplies,Paper,Ontario,Ontario,Home Office,40,264.6,-93.06,0.1
2012-01-30,2012-01-01,Technology,Telephones and Communication,Ontario,Ontario,Home Office,21,3356.735,370.33,0.05
2012-08-15,2012-08-01,Technology,Telephones and Communication,Ontario,Ontario,Home Office,21,664.989,170.46,0.04
2009-03-02,2009-03-01,Technology,Computer Peripherals,Ontario,Ontario,Consumer,47,421.08,82.31,0.0
2010-12-24,2010-12-01,Office Supplies,Storage & Organization,Ontario,Ontario,Home Office,16,2834.96,587.64,0.07
2010-12-24,2010-12-01,Technology,Telephones and Communication,Ontario,Ontario,Home Office,9,953.989,-249.33,0.02
2010-12-05,2010-12-01,Office Supplies,"Scissors, Rulers and Trimmers",Ontario,Ontario,Consumer,26,174.58,-57.17,0.08
2010-12-05,2010-12-01,Furniture,Tables,Ontario,Ontario,Consumer,22,8789.54,-1025.19,0.07
2010-12-03,2010-12-01,Technology,Computer Peripherals,Ontario,Ontario,Corporate,1,37.89,-120.97,0.0
2010-10-06,2010-10-01,Technology,Telephones and Communication,Ontario,Ontario,Corporate,33,2532.6175,730.51,0.0
2009-02-20,2009-02-01,Office Supplies,Appliances,Ontario,Ontario,Consumer,37,159.89,-185.17,0.03
2009-02-20,2009-02-01,Office Supplies,Labels,Ontario,Ontario,Consumer,48,180.48,82.38,0.01
2009-02-20,2009-02-01,Furniture,Office Furnishings,Ontario,Ontario,Consumer,31,350.48,-231.05,0.02
2010-01-20,2010-01-01,Office Supplies,Pens & Art Supplies,Ontario,Ontario,Small Business,21,46.42,2.38,0.04
2009-07-17,2009-07-01,Office Supplies,Envelopes,Ontario,Ontario,Small Business,32,177.52,52.61,0.05
2012-12-02,2012-12-01,Furniture,Chairs & Chairmats,Ontario,Ontario,Small Business,36,17560.95,4801.82,0.09
2012-12-02,2012-12-01,Furniture,Tables,Ontario,Ontario,Small Business,42,19845.696,-1331.55,0.01
2012-03-10,2012-03-01,Furniture,Chairs & Chairmats,Ontario,Ontario,Home Office,26,4073.17,376.21,0.08
2012-04-12,2012-04-01,Office Supplies,Storage & Organization,Ontario,Ontario,Corporate,47,1613.84,226.76,0.09
2011-08-14,2011-08-01,Office Supplies,Paper,Ontario,Ontario,Consumer,9,73.05,-17.03,0.1
2011-08-14,2011-08-01,Office Supplies,Storage & Organization,Ontario,Ontario,Consumer,44,950.3,-2103.05,0.1
2011-08-14,2011-08-01,Furniture,Tables,Ontario,Ontario,Consumer,29,8122.53,-693.23,0.05
2009-04-21,2009-04-01,Office Supplies,Appliances,Ontario,Ontario,Consumer,1,47.04,-24.63,0.06
2010-12-14,2010-12-01,Furniture,Chairs & Chairmats,Ontario,Ontario,Consumer,10,965.46,-71.48,0.03
2009-10-15,2009-10-01,Office Supplies,Binders and Binder Accessories,Ontario,Ontario,Corporate,27,157.57,-57.06,0.08
2011-10-31,2011-10-01,Office Supplies,Rubber Bands,Ontario,Ontario,Home Office,6,14.85,-2.79,0.05
2009-06-17,2009-06-01,Office Supplies,Paper,Ontario,Ontario,Consumer,23,155.52,-133.73,0.05
2009-06-17,2009-06-01,Office Supplies,Storage & Organization,Ontario,Ontario,Consumer,16,535.54,60.82,0.04
2011-05-23,2011-05-01,Furniture,Office Furnishings,Ontario,Ontario,Corporate,28,1360.82,385.03,0.06
2009-11-20,2009-11-01,Technology,Computer Peripherals,Ontario,Ontario,Small Business,1,90.88,-259.63,0.1
2009-11-20,2009-11-01,Technology,Telephones and Communication,Ontario,Ontario,Small Business,34,6236.4755,1928.66,0.03
2009-08-22,2009-08-01,Office Supplies,Paper,Ontario,Ontario,Corporate,23,1256.29,517.03,0.04
2010-07-21,2010-07-01,Furniture,Office Furnishings,Ontario,Ontario,Consumer,24,2239.52,330.5,0.04
2009-02-12,2009-02-01,Office Supplies,Binders and Binder Accessories,Ontario,Ontario,Home Office,17,127.45,-42.17,0.06
2009-02-12,2009-02-01,Office Supplies,Pens & Art Supplies,Ontario,Ontario,Home Office,31,92.18,5.7,0.02
2012-05-07,2012-05-01,Office Supplies,Binders and Binder Accessories,Ontario,Ontario,Home Office,11,273.44,-35.62,0.01
2011-11-18,2011-11-01,Office Supplies,Paper,Ontario,Ontario,Consumer,19,614.91,-7.02,0.02
2012-03-24,2012-03-01,Office Supplies,Binders and Binder Accessories,Ontario,Ontario,Home Office,31,12470.31,5528.5,0.04
2011-11-15,2011-11-01,Technology,Computer Peripherals,Ontario,Ontario,Consumer,40,718.6,-81.49,0.08
2010-09-17,2010-09-01,Furniture,Office Furnishings,Ontario,Ontario,Home Office,30,397.17,7.69,0.1
2009-04-19,2009-04-01,Office Supplies,Binders and Binder Accessories,Ontario,Ontario,Consumer,36,18092.66,7917.76,0.09
2010-05-20,2010-05-01,Office Supplies,Paper,Ontario,Ontario,Home Office,32,284.92,81.29,0.03
2011-12-26,2011-12-01,Office Supplies,Rubber Bands,Ontario,Ontario,Small Business,42,234.2,56.22,0.09
2012-07-12,2012-07-01,Office Supplies,Paper,Ontario,Ontario,Consumer,13,70.24,-59.75,0.03
2012-07-12,2012-07-01,Office Supplies,Paper,Ontario,Ontario,Consumer,5,40.75,-27.57,0.05
2012-07-12,2012-07-01,Office Supplies,Storage & Organization,Ontario,Ontario,Consumer,30,1150.88,-911.56,0.05
2010-09-04,2010-09-01,Office Supplies,Storage & Organization,Ontario,Ontario,Home Office,6,583.64,-179.5,0.08
2010-05-13,2010-05-01,Office Supplies,Binders and Binder Accessories,Ontario,Ontario,Home Office,46,234.37,-144.68,0.05
2010-05-13,2010-05-01,Technology,Telephones and Communication,Ontario,Ontario,Home Office,14,1000.3565,229.78,0.06
2010-12-01,2010-12-01,Office Supplies,Storage & Organization,Ontario,Ontario,Home Office,33,12586.19,619.71,0.0
2009-03-25,2009-03-01,Office Supplies,Binders and Binder Accessories,Ontario,Ontario,Small Business,47,193.63,-152.52,0.05
2009-03-25,2009-03-01,Office Supplies,Paper,Ontario,Ontario,Small Business,9,64.29,-18.85,0.01
2012-09-06,2012-09-01,Furniture,Office Furnishings,Ontario,Ontario,Corporate,27,3491.06,921.7,0.09
2012-09-06,2012-09-01,Technology,Office Machines,Ontario,Ontario,Corporate,37,14383.83,5050.1,0.01
2010-06-17,2010-06-01,Technology,Computer Peripherals,Ontario,Ontario,Small Business,8,66.88,-17.01,0.09
2010-06-17,2010-06-01,Office Supplies,Envelopes,Ontario,Ontario,Small Business,29,447.34,203.01,0.08
2012-10-04,2012-10-01,Office Supplies,Storage & Organization,Ontario,Ontario,Home Office,31,371.68,-13.32,0.03
2012-04-21,2012-04-01,Office Supplies,Appliances,Ontario,Ontario,Small Business,48,5556.18,1638.48,0.08
2012-04-21,2012-04-01,Furniture,Chairs & Chairmats,Ontario,Ontario,Small Business,20,1021.55,64.81,0.05
2012-04-21,2012-04-01,Technology,Computer Peripherals,Ontario,Ontario,Small Business,41,205.24,-148.77,0.03
2010-12-11,2010-12-01,Office Supplies,Binders and Binder Accessories,Ontario,Ontario,Corporate,4,16.08,-3.75,0.04
2011-11-10,2011-11-01,Office Supplies,Appliances,Ontario,Ontario,Corporate,30,311.08,-38.45,0.08
2011-08-20,2011-08-01,Office Supplies,Paper,Ontario,Ontario,Home Office,16,116.11,-36.46,0.1
2011-08-20,2011-08-01,Office Supplies,Paper,Ontario,Ontario,Home Office,30,306.92,13.46,0.05
2009-05-15,2009-05-01,Office Supplies,Binders and Binder Accessories,Ontario,Ontario,Small Business,45,1802.0,508.96,0.02
2009-05-15,2009-05-01,Office Supplies,Binders and Binder Accessories,Ontario,Ontario,Small Business,50,1832.22,805.43,0.1
2012-02-04,2012-02-01,Office Supplies,Binders and Binder Accessories,Ontario,Ontario,Corporate,29,258.61,-15.96,0.07
2010-05-26,2010-05-01,Technology,Computer Peripherals,Ontario,Ontario,Home Office,33,1379.34,-470.85,0.04
2010-05-26,2010-05-01,Furniture,Office Furnishings,Ontario,Ontario,Home Office,6,168.25,101.78,0.09
2010-04-20,2010-04-01,Furniture,Office Furnishings,Ontario,Ontario,Small Business,41,1871.13,346.43,0.01
2010-04-20,2010-04-01,Office Supplies,Paper,Ontario,Ontario,Small Business,22,729.57,250.43,0.08
2012-03-01,2012-03-01,Office Supplies,Appliances,Ontario,Ontario,Corporate,7,104.38,-24.2,0.07
2011-06-28,2011-06-01,Technology,Computer Peripherals,Ontario,Ontario,Small Business,15,627.69,-12.02,0.0
2009-07-27,2009-07-01,Office Supplies,Labels,Ontario,Ontario,Small Business,39,493.26,263.4,0.02
2009-07-27,2009-07-01,Office Supplies,Paper,Ontario,Ontario,Small Business,37,192.15,37.31,0.07
2010-05-11,2010-05-01,Office Supplies,Envelopes,Ontario,Ontario,Home Office,16,2366.18,703.8,0.1
2010-05-11,2010-05-01,Furniture,Office Furnishings,Ontario,Ontario,Home Office,49,675.71,-17.49,0.06
2010-05-11,2010-05-01,Technology,Telephones and Communication,Ontario,Ontario,Home Office,16,292.978,-93.61,0.05
2009-04-06,2009-04-01,Technology,Telephones and Communication,Ontario,Ontario,Consumer,14,570.5285,3.96,0.02
2011-08-30,2011-08-01,Office Supplies,Envelopes,Ontario,Ontario,Corporate,25,276.5,35.72,0.02
2011-10-20,2011-10-01,Office Supplies,Pens & Art Supplies,Ontario,Ontario,Small Business,16,111.9,38.03,0.01
2012-07-27,2012-07-01,Furniture,Chairs & Chairmats,Ontario,Ontario,Consumer,8,1173.5,53.87,0.0
2011-04-13,2011-04-01,Office Supplies,Binders and Binder Accessories,Ontario,Ontario,Home Office,43,210.66,-145.72,0.08
2010-05-30,2010-05-01,Office Supplies,Paper,Ontario,Ontario,Home Office,41,316.61,110.34,0.03
2012-05-23,2012-05-01,Office Supplies,Labels,Ontario,Ontario,Home Office,27,116.37,57.63,0.04
2011-07-13,2011-07-01,Office Supplies,Pens & Art Supplies,Ontario,Ontario,Home Office,31,123.93,11.93,0.1
2011-05-31,2011-05-01,Office Supplies,Paper,Ontario,Ontario,Consumer,32,381.24,67.6,0.04
2010-05-31,2010-05-01,Furniture,Office Furnishings,Ontario,Ontario,Home Office,24,103.11,-95.41,0.06
2010-05-31,2010-05-01,Technology,Telephones and Communication,Ontario,Ontario,Home Office,35,1599.071,296.66,0.04
2010-05-31,2010-05-01,Technology,Telephones and Communication,Ontario,Ontario,Home Office,31,968.235,-158.61,0.05
2010-10-14,2010-10-01,Furniture,Chairs & Chairmats,Ontario,Ontario,Small Business,1,184.46,-106.33,0.05
2010-11-14,2010-11-01,Technology,Computer Peripherals,Ontario,Ontario,Consumer,28,574.99,-148.87,0.06
2010-01-15,2010-01-01,Technology,Computer Peripherals,Ontario,Ontario,Small Business,45,3753.42,1276.25,0.0
2010-01-15,2010-01-01,Office Supplies,Paper,Ontario,Ontario,Small Business,23,1130.79,468.19,0.01
2012-04-09,2012-04-01,Office Supplies,Binders and Binder Accessories,Ontario,Ontario,Home Office,33,341.42,71.5,0.06
2012-04-09,2012-04-01,Furniture,Office Furnishings,Ontario,Ontario,Home Office,30,381.39,31.24,0.01
2010-02-06,2010-02-01,Technology,Computer Peripherals,Ontario,Ontario,Home Office,42,223.33,-111.89,0.0
2010-02-06,2010-02-01,Technology,Computer Peripherals,Ontario,Ontario,Home Office,29,1178.04,-53.81,0.07
2010-02-06,2010-02-01,Office Supplies,Pens & Art Supplies,Ontario,Ontario,Home Office,43,121.94,-51.3,0.01
2011-01-18,2011-01-01,Furniture,Chairs & Chairmats,Ontario,Ontario,Home Office,18,5405.44,604.46,0.07
2012-07-21,2012-07-01,Office Supplies,Binders and Binder Accessories,Ontario,Ontario,Home Office,44,1001.99,333.53,0.09
2011-05-15,2011-05-01,Office Supplies,Envelopes,Ontario,Ontario,Small Business,12,73.5,5.71,0.03
2009-01-26,2009-01-01,Furniture,Office Furnishings,Ontario,Ontario,Consumer,49,4321.63,-1549.14,0.08
2009-01-26,2009-01-01,Office Supplies,Paper,Ontario,Ontario,Consumer,11,67.14,-29.98,0.07
2011-08-14,2011-08-01,Furniture,Bookcases,Ontario,Ontario,Consumer,29,3218.42,-1248.58,0.08
2011-09-04,2011-09-01,Furniture,Office Furnishings,Ontario,Ontario,Small Business,23,220.97,-25.86,0.02
2012-04-13,2012-04-01,Office Supplies,Appliances,Ontario,Ontario,Home Office,48,368.99,-305.91,0.09
2009-01-31,2009-01-01,Office Supplies,Appliances,Ontario,Ontario,Home Office,6,451.44,-35.19,0.1
2009-01-31,2009-01-01,Office Supplies,"Scissors, Rulers and Trimmers",Ontario,Ontario,Home Office,16,138.55,0.9,0.03
2010-07-26,2010-07-01,Office Supplies,Paper,Ontario,Ontario,Small Business,47,1291.35,479.62,0.04
2010-07-26,2010-07-01,Office Supplies,Pens & Art Supplies,Ontario,Ontario,Small Business,31,107.97,2.36,0.0
2010-01-12,2010-01-01,Furniture,Office Furnishings,Ontario,Ontario,Small Business,39,857.32,195.71,0.05
2010-01-12,2010-01-01,Office Supplies,Pens & Art Supplies,Ontario,Ontario,Small Business,2,8.87,-6.79,0.03
2011-11-30,2011-11-01,Office Supplies,Paper,Ontario,Ontario,Corporate,44,155.78,-10.0,0.04
2011-07-18,2011-07-01,Furniture,Bookcases,Ontario,Ontario,Small Business,38,4650.07,-1143.15,0.04
2011-07-18,2011-07-01,Office Supplies,Paper,Ontario,Ontario,Small Business,39,497.52,92.46,0.03
2011-05-04,2011-05-01,Office Supplies,"Scissors, Rulers and Trimmers",Ontario,Ontario,Consumer,43,103.6,-72.86,0.09
2009-11-17,2009-11-01,Office Supplies,Appliances,Ontario,Ontario,Small Business,14,75.15,-63.53,0.02
2009-11-17,2009-11-01,Technology,Office Machines,Ontario,Ontario,Small Business,43,400.45,-38.58,0.07
2012-04-25,2012-04-01,Office Supplies,Labels,Ontario,Ontario,Corporate,31,96.23,24.05,0.05
2012-04-25,2012-04-01,Furniture,Office Furnishings,Ontario,Ontario,Corporate,7,70.08,8.02,0.0
2012-04-25,2012-04-01,Furniture,Tables,Ontario,Ontario,Corporate,3,234.768,54.23,0.04
2009-08-10,2009-08-01,Office Supplies,Binders and Binder Accessories,Ontario,Ontario,Home Office,16,376.65,-52.65,0.0
2009-08-10,2009-08-01,Office Supplies,Storage & Organization,Ontario,Ontario,Home Office,6,40.06,-24.44,0.07
2010-06-13,2010-06-01,Technology,Computer Peripherals,Ontario,Ontario,Small Business,10,278.66,-77.36,0.05
2010-06-13,2010-06-01,Office Supplies,Paper,Ontario,Ontario,Small Business,28,491.85,4.54,0.1
2011-11-18,2011-11-01,Furniture,Office Furnishings,Ontario,Ontario,Corporate,42,401.37,13.31,0.07
2011-02-10,2011-02-01,Furniture,Office Furnishings,Ontario,Ontario,Home Office,9,118.95,30.8,0.03
2011-02-10,2011-02-01,Technology,Telephones and Communication,Ontario,Ontario,Home Office,35,3814.171,1077.13,0.04
2010-07-31,2010-07-01,Office Supplies,Binders and Binder Accessories,Ontario,Ontario,Corporate,20,515.37,9.82,0.04
2012-04-17,2012-04-01,Technology,Telephones and Communication,Ontario,Ontario,Corporate,40,2044.2755,334.53,0.1
2012-02-02,2012-02-01,Office Supplies,Paper,Ontario,Ontario,Corporate,18,122.02,-115.0,0.04
2012-05-03,2012-05-01,Technology,Telephones and Communication,Ontario,Ontario,Corporate,24,1304.0275,34.36,0.1
2012-10-01,2012-10-01,Office Supplies,Paper,Ontario,Ontario,Consumer,10,56.05,-27.73,0.06
2009-03-19,2009-03-01,Office Supplies,Binders and Binder Accessories,Ontario,Ontario,Corporate,28,154.61,-82.82,0.06
2009-03-19,2009-03-01,Technology,Telephones and Communication,Ontario,Ontario,Corporate,19,1063.35,107.08,0.07
2012-05-19,2012-05-01,Office Supplies,Storage & Organization,Ontario,Ontario,Consumer,42,4182.52,-785.36,0.0
2012-09-15,2012-09-01,Furniture,Chairs & Chairmats,Ontario,Ontario,Consumer,16,512.81,-177.07,0.1
2009-12-06,2009-12-01,Technology,Computer Peripherals,Ontario,Ontario,Home Office,8,169.11,-10.59,0.0
2009-12-06,2009-12-01,Office Supplies,Pens & Art Supplies,Ontario,Ontario,Home Office,41,152.59,27.38,0.07
2012-03-10,2012-03-01,Furniture,Office Furnishings,Ontario,Ontario,Corporate,14,1961.39,761.04,0.0
2012-03-10,2012-03-01,Office Supplies,Rubber Bands,Ontario,Ontario,Corporate,3,4.94,-1.76,0.1
2010-02-19,2010-02-01,Office Supplies,Binders and Binder Accessories,Ontario,Ontario,Corporate,4,156.97,-25.43,0.01
2010-12-02,2010-12-01,Office Supplies,Binders and Binder Accessories,Ontario,Ontario,Home Office,50,1118.21,-122.79,0.07
2010-12-02,2010-12-01,Furniture,Tables,Ontario,Ontario,Home Office,13,3503.56,-633.44,0.01
2012-04-28,2012-04-01,Office Supplies,Paper,Ontario,Ontario,Small Business,37,1984.61,585.03,0.05
2011-12-01,2011-12-01,Office Supplies,Binders and Binder Accessories,Ontario,Ontario,Home Office,1,13.96,-4.7,0.06
2011-12-01,2011-12-01,Office Supplies,Envelopes,Ontario,Ontario,Home Office,50,531.48,232.58,0.08
2011-12-01,2011-12-01,Furniture,Chairs & Chairmats,Ontario,Ontario,Home Office,29,3524.55,-570.18,0.08
2011-12-01,2011-12-01,Furniture,Office Furnishings,Ontario,Ontario,Home Office,42,890.61,297.11,0.05
2011-12-01,2011-12-01,Office Supplies,Pens & Art Supplies,Ontario,Ontario,Home Office,10,64.19,3.77,0.08
2010-11-30,2010-11-01,Furniture,Office Furnishings,Ontario,Ontario,Consumer,37,376.58,1.33,0.09
2010-12-04,2010-12-01,Technology,Copiers and Fax,Ontario,Ontario,Consumer,3,1540.77,-1572.64,0.04
2011-03-04,2011-03-01,Office Supplies,Binders and Binder Accessories,Ontario,Ontario,Small Business,4,73.9,-39.64,0.06
2010-10-07,2010-10-01,Furniture,Chairs & Chairmats,Ontario,Ontario,Home Office,35,897.42,127.17,0.08
2010-10-07,2010-10-01,Furniture,Office Furnishings,Ontario,Ontario,Home Office,27,306.02,-6.7,0.08
2009-01-01,2009-01-01,Office Supplies,Storage & Organization,Ontario,Ontario,Small Business,32,180.36,-111.8,0.1
2012-03-13,2012-03-01,Office Supplies,Paper,Ontario,Ontario,Home Office,20,240.74,21.05,0.05
2010-06-16,2010-06-01,Furniture,Tables,Ontario,Ontario,Consumer,21,3072.86,-364.87,0.08
2011-08-06,2011-08-01,Furniture,Tables,Ontario,Ontario,Small Business,25,5503.39,-528.65,0.08
2012-10-03,2012-10-01,Technology,Office Machines,Ontario,Ontario,Corporate,16,6573.75,1197.05,0.04
2012-11-15,2012-11-01,Office Supplies,Binders and Binder Accessories,Ontario,Ontario,Home Office,10,225.09,64.14,0.02
2010-05-25,2010-05-01,Furniture,Office Furnishings,Ontario,Ontario,Home Office,14,302.4,134.21,0.04
2010-05-25,2010-05-01,Furniture,Chairs & Chairmats,Ontario,Ontario,Home Office,42,1083.37,-226.41,0.03
2009-03-27,2009-03-01,Furniture,Chairs & Chairmats,Ontario,Ontario,Corporate,11,1736.26,-505.76,0.01
2009-07-12,2009-07-01,Technology,Office Machines,Ontario,Ontario,Small Business,5,477.76,-173.1,0.04
2009-07-12,2009-07-01,Office Supplies,Storage & Organization,Ontario,Ontario,Small Business,4,112.18,-96.16,0.07
2009-01-10,2009-01-01,Technology,Computer Peripherals,Ontario,Ontario,Consumer,30,164.78,-128.47,0.0
2009-07-24,2009-07-01,Technology,Telephones and Communication,Ontario,Ontario,Corporate,31,3077.731,745.48,0.05
2009-01-14,2009-01-01,Office Supplies,Appliances,Ontario,Ontario,Small Business,27,217.68,-168.75,0.08
2009-01-14,2009-01-01,Technology,Office Machines,Ontario,Ontario,Small Business,23,7202.94,1425.11,0.02
2009-01-14,2009-01-01,Office Supplies,Paper,Ontario,Ontario,Small Business,13,245.82,-7.39,0.1
2010-01-25,2010-01-01,Furniture,Tables,Ontario,Ontario,Corporate,45,15468.216,-969.05,0.01
2009-11-04,2009-11-01,Technology,Telephones and Communication,Ontario,Ontario,Corporate,31,906.015,248.67,0.05
2011-10-07,2011-10-01,Office Supplies,Pens & Art Supplies,Ontario,Ontario,Home Office,29,81.1,-2.07,0.06
2012-04-09,2012-04-01,Furniture,Tables,Ontario,Ontario,Home Office,3,604.576,-572.69,0.03
2011-08-20,2011-08-01,Office Supplies,Paper,Ontario,Ontario,Consumer,6,128.56,-7.84,0.0
2011-10-20,2011-10-01,Office Supplies,Paper,Ontario,Ontario,Small Business,24,163.36,-65.54,0.04
2011-10-20,2011-10-01,Office Supplies,Rubber Bands,Ontario,Ontario,Small Business,21,44.08,-9.09,0.06
2011-10-20,2011-10-01,Furniture,Tables,Ontario,Ontario,Small Business,4,1135.64,-627.64,0.02
2011-10-20,2011-10-01,Technology,Telephones and Communication,Ontario,Ontario,Small Business,33,5154.009,1184.68,0.03
2009-01-21,2009-01-01,Office Supplies,Appliances,Ontario,Ontario,Corporate,16,4407.03,834.96,0.04
2009-01-21,2009-01-01,Office Supplies,Labels,Ontario,Ontario,Corporate,36,173.22,81.77,0.02
2011-12-07,2011-12-01,Furniture,Office Furnishings,Ontario,Ontario,Small Business,41,782.05,-253.74,0.08
2012-08-10,2012-08-01,Office Supplies,Binders and Binder Accessories,Ontario,Ontario,Consumer,41,162.51,-148.4,0.09
2012-08-10,2012-08-01,Furniture,Chairs & Chairmats,Ontario,Ontario,Consumer,3,561.43,-199.46,0.07
2009-05-07,2009-05-01,Technology,Telephones and Communication,Ontario,Ontario,Corporate,43,2251.497,308.93,0.09
2011-04-22,2011-04-01,Office Supplies,Binders and Binder Accessories,Ontario,Ontario,Corporate,44,324.2,-89.75,0.02
2011-04-22,2011-04-01,Office Supplies,Rubber Bands,Ontario,Ontario,Corporate,45,156.95,-32.52,0.1
2009-06-22,2009-06-01,Office Supplies,Envelopes,Ontario,Ontario,Home Office,18,92.4,8.6,0.04
2010-07-30,2010-07-01,Furniture,Chairs & Chairmats,Ontario,Ontario,Small Business,10,1004.89,-189.02,0.0
2010-07-30,2010-07-01,Furniture,Office Furnishings,Ontario,Ontario,Small Business,47,329.06,-175.15,0.08
2009-12-01,2009-12-01,Office Supplies,Storage & Organization,Ontario,Ontario,Corporate,47,4387.24,-286.47,0.09
2010-12-04,2010-12-01,Office Supplies,Paper,Ontario,Ontario,Corporate,41,260.31,-175.26,0.05
2009-11-20,2009-11-01,Furniture,Tables,Ontario,Ontario,Corporate,48,7227.42,-385.0,0.09
2009-11-20,2009-11-01,Technology,Telephones and Communication,Ontario,Ontario,Corporate,39,1836.187,-139.84,0.06
2009-07-21,2009-07-01,Office Supplies,Binders and Binder Accessories,Ontario,Ontario,Consumer,8,121.74,21.0,0.01
2009-07-21,2009-07-01,Technology,Telephones and Communication,Ontario,Ontario,Consumer,4,700.366,-787.7,0.0
2010-05-31,2010-05-01,Office Supplies,Rubber Bands,Ontario,Ontario,Corporate,48,92.25,-104.8,0.07
2010-11-26,2010-11-01,Office Supplies,Paper,Ontario,Ontario,Corporate,24,475.9,110.44,0.02
2011-09-03,2011-09-01,Technology,Computer Peripherals,Ontario,Ontario,Home Office,23,2296.76,241.15,0.01
2011-09-03,2011-09-01,Furniture,Office Furnishings,Ontario,Ontario,Home Office,45,508.49,-28.81,0.1
2010-10-27,2010-10-01,Office Supplies,Appliances,Ontario,Ontario,Home Office,17,204.07,-22.55,0.08
2009-10-13,2009-10-01,Furniture,Office Furnishings,Ontario,Ontario,Home Office,48,112.16,-178.29,0.0
2012-09-07,2012-09-01,Office Supplies,Pens & Art Supplies,Ontario,Ontario,Small Business,12,34.41,-17.69,0.05
2011-10-12,2011-10-01,Office Supplies,Storage & Organization,Ontario,Ontario,Home Office,15,600.8,43.55,0.1
2011-06-03,2011-06-01,Furniture,Chairs & Chairmats,Ontario,Ontario,Small Business,19,3896.39,755.28,0.1
2012-11-19,2012-11-01,Office Supplies,Storage & Organization,Ontario,Ontario,Home Office,11,773.74,-309.48,0.02
2012-11-19,2012-11-01,Technology,Telephones and Communication,Ontario,Ontario,Home Office,16,302.1325,38.91,0.02
2010-12-05,2010-12-01,Office Supplies,Pens & Art Supplies,Ontario,Ontario,Home Office,34,75.57,6.87,0.02
2012-05-26,2012-05-01,Furniture,Chairs & Chairmats,Ontario,Ontario,Corporate,45,16699.56,3083.98,0.02
2009-07-26,2009-07-01,Furniture,Chairs & Chairmats,Ontario,Ontario,Home Office,40,21425.91,7360.43,0.01
2010-07-03,2010-07-01,Furniture,Tables,Ontario,Ontario,Consumer,20,5304.42,-633.44,0.01
2011-02-02,2011-02-01,Furniture,Tables,Ontario,Ontario,Corporate,16,1223.43,-1615.59,0.01
2012-04-07,2012-04-01,Technology,Computer Peripherals,Ontario,Ontario,Corporate,50,2018.68,731.72,0.1
2009-04-04,2009-04-01,Technology,Telephones and Communication,Ontario,Ontario,Small Business,46,1477.572,840.05,0.0
2009-11-10,2009-11-01,Office Supplies,Storage & Organization,Ontario,Ontario,Small Business,39,3842.99,-67.68,0.04
2009-06-04,2009-06-01,Technology,Computer Peripherals,Ontario,Ontario,Small Business,32,1587.16,-22.33,0.09
2009-01-09,2009-01-01,Technology,Telephones and Communication,Ontario,Ontario,Corporate,1,107.95,-506.31,0.04
2011-10-02,2011-10-01,Office Supplies,Appliances,Ontario,Ontario,Home Office,1,70.91,-45.43,0.03
2012-10-11,2012-10-01,Office Supplies,Pens & Art Supplies,Ontario,Ontario,Home Office,48,179.65,3.32,0.1
2012-10-29,2012-10-01,Furniture,Office Furnishings,Ontario,Ontario,Home Office,24,113.43,-53.06,0.09
2011-03-18,2011-03-01,Furniture,Chairs & Chairmats,Ontario,Ontario,Home Office,15,2130.66,-113.77,0.01
2009-01-15,2009-01-01,Office Supplies,Paper,Ontario,Ontario,Small Business,7,51.27,3.27,0.06
2012-10-23,2012-10-01,Office Supplies,Paper,Ontario,Ontario,Corporate,7,53.29,-28.88,0.01
2010-07-03,2010-07-01,Technology,Office Machines,Ontario,Ontario,Corporate,22,399.64,-15.42,0.04
2010-07-03,2010-07-01,Office Supplies,Paper,Ontario,Ontario,Corporate,41,277.35,-103.28,0.02
2012-06-22,2012-06-01,Furniture,Bookcases,Ontario,Ontario,Corporate,20,1357.44,-102.3,0.09
2010-12-16,2010-12-01,Office Supplies,Binders and Binder Accessories,Ontario,Ontario,Corporate,12,507.44,170.9,0.05
2012-06-07,2012-06-01,Office Supplies,Binders and Binder Accessories,Ontario,Ontario,Home Office,36,4169.93,1765.54,0.1
2012-05-30,2012-05-01,Furniture,Chairs & Chairmats,Ontario,Ontario,Small Business,2,289.73,-246.21,0.04
2012-06-29,2012-06-01,Furniture,Chairs & Chairmats,Ontario,Ontario,Small Business,4,757.11,-224.35,0.07
2010-10-22,2010-10-01,Office Supplies,Binders and Binder Accessories,Ontario,Ontario,Home Office,24,8920.08,3545.89,0.0
2010-10-22,2010-10-01,Office Supplies,Labels,Ontario,Ontario,Home Office,49,188.7,77.02,0.07
2010-10-22,2010-10-01,Furniture,Tables,Ontario,Ontario,Home Office,36,14358.64,-969.05,0.03
2009-08-24,2009-08-01,Office Supplies,Paper,Ontario,Ontario,Small Business,7,345.37,84.34,0.01
2012-10-24,2012-10-01,Office Supplies,Pens & Art Supplies,Ontario,Ontario,Small Business,8,105.95,-44.33,0.01
2012-10-24,2012-10-01,Office Supplies,Rubber Bands,Ontario,Ontario,Small Business,21,73.8,11.23,0.02
2009-02-13,2009-02-01,Furniture,Bookcases,Ontario,Ontario,Home Office,44,5483.96,-1330.5,0.02
2009-09-02,2009-09-01,Office Supplies,Paper,Ontario,Ontario,Small Business,35,205.87,65.88,0.03
2009-09-02,2009-09-01,Office Supplies,Pens & Art Supplies,Ontario,Ontario,Small Business,38,65.12,1.42,0.07
2012-05-18,2012-05-01,Technology,Office Machines,Ontario,Ontario,Home Office,12,2608.79,67.36,0.03
2009-09-16,2009-09-01,Furniture,Tables,Ontario,Ontario,Home Office,6,907.24,-634.73,0.07
2010-06-16,2010-06-01,Office Supplies,Binders and Binder Accessories,Ontario,Ontario,Corporate,24,9396.27,3857.57,0.07
2010-02-26,2010-02-01,Furniture,Tables,Ontario,Ontario,Corporate,21,340.7,11.65,0.05
2010-04-06,2010-04-01,Furniture,Tables,Ontario,Ontario,Consumer,13,1835.47,-364.87,0.1
2010-07-30,2010-07-01,Office Supplies,Pens & Art Supplies,Ontario,Ontario,Small Business,41,902.19,-49.66,0.08
2010-07-30,2010-07-01,Furniture,Tables,Ontario,Ontario,Small Business,19,657.232,33.99,0.1
2012-07-31,2012-07-01,Office Supplies,Appliances,Ontario,Ontario,Small Business,47,257.2,-2172.14,0.04
2012-07-31,2012-07-01,Furniture,Tables,Ontario,Ontario,Small Business,29,6139.34,-528.65,0.08
2010-05-19,2010-05-01,Technology,Telephones and Communication,Ontario,Ontario,Home Office,41,4257.276,1059.08,0.04
2012-03-02,2012-03-01,Technology,Computer Peripherals,Ontario,Ontario,Home Office,17,1383.9,311.58,0.05
2011-03-15,2011-03-01,Office Supplies,Labels,Ontario,Ontario,Corporate,37,132.12,54.78,0.07
2012-11-10,2012-11-01,Technology,Computer Peripherals,Ontario,Ontario,Corporate,47,1857.88,752.96,0.09
2012-11-10,2012-11-01,Office Supplies,Envelopes,Ontario,Ontario,Corporate,36,2160.83,485.02,0.08
2012-11-10,2012-11-01,Furniture,Office Furnishings,Ontario,Ontario,Corporate,20,43.94,-72.23,0.09
2011-11-05,2011-11-01,Furniture,Tables,Ontario,Ontario,Small Business,14,3023.73,-1068.01,0.09
2009-01-18,2009-01-01,Furniture,Chairs & Chairmats,Ontario,Ontario,Corporate,25,8875.17,2372.08,0.05
2009-01-18,2009-01-01,Technology,Office Machines,Ontario,Ontario,Corporate,20,331.21,-67.38,0.04
2010-09-09,2010-09-01,Furniture,Chairs & Chairmats,Ontario,Ontario,Consumer,36,3602.12,-728.18,0.05
2010-09-09,2010-09-01,Furniture,Office Furnishings,Ontario,Ontario,Consumer,43,1174.94,-125.79,0.02
2009-12-05,2009-12-01,Office Supplies,Paper,Ontario,Ontario,Home Office,25,772.24,181.98,0.07
2009-01-17,2009-01-01,Office Supplies,Appliances,Ontario,Ontario,Small Business,24,7871.91,541.47,0.05
2009-09-01,2009-09-01,Technology,Office Machines,Ontario,Ontario,Home Office,33,15464.01,4407.44,0.05
2011-05-02,2011-05-01,Technology,Telephones and Communication,Ontario,Ontario,Corporate,28,4671.1495,947.31,0.07
2011-02-27,2011-02-01,Technology,Telephones and Communication,Ontario,Ontario,Small Business,19,1942.1735,400.82,0.0
2009-12-28,2009-12-01,Technology,Computer Peripherals,Ontario,Ontario,Small Business,26,1285.55,-17.03,0.09
2010-05-06,2010-05-01,Technology,Computer Peripherals,Ontario,Ontario,Corporate,20,3331.81,484.15,0.08
2010-10-16,2010-10-01,Technology,Computer Peripherals,Ontario,Ontario,Home Office,31,972.35,10.96,0.05
2012-05-13,2012-05-01,Technology,Telephones and Communication,Ontario,Ontario,Small Business,38,3988.0895,969.86,0.02
2012-04-09,2012-04-01,Furniture,Bookcases,Ontario,Ontario,Small Business,48,3400.63,-892.79,0.08
2011-06-23,2011-06-01,Technology,Computer Peripherals,Ontario,Ontario,Home Office,22,1683.57,346.54,0.1
2012-02-15,2012-02-01,Office Supplies,Pens & Art Supplies,Ontario,Ontario,Corporate,1,13.53,-6.73,0.07
2010-10-31,2010-10-01,Technology,Telephones and Communication,Ontario,Ontario,Small Business,1,65.467,-257.41,0.06
2011-02-24,2011-02-01,Office Supplies,"Scissors, Rulers and Trimmers",Ontario,Ontario,Home Office,27,305.05,23.12,0.04
2010-05-23,2010-05-01,Office Supplies,Appliances,Ontario,Ontario,Corporate,3,907.18,-236.6,0.06
2010-03-09,2010-03-01,Office Supplies,Paper,Ontario,Ontario,Consumer,25,135.91,37.5,0.07
2010-04-26,2010-04-01,Technology,Computer Peripherals,Ontario,Ontario,Small Business,6,1854.94,-559.78,0.04
2009-04-28,2009-04-01,Office Supplies,"Scissors, Rulers and Trimmers",Ontario,Ontario,Small Business,30,250.29,6.79,0.02
2009-06-06,2009-06-01,Office Supplies,Pens & Art Supplies,Ontario,Ontario,Consumer,20,129.3,40.2,0.02
2010-07-20,2010-07-01,Furniture,Office Furnishings,Ontario,Ontario,Home Office,30,1775.33,365.25,0.05
2009-12-05,2009-12-01,Technology,Office Machines,Ontario,Ontario,Home Office,13,15823.27,1759.34,0.04
2010-10-20,2010-10-01,Office Supplies,Paper,Ontario,Ontario,Corporate,46,287.13,-186.31,0.0
2009-06-01,2009-06-01,Office Supplies,Storage & Organization,Ontario,Ontario,Small Business,31,501.38,-71.95,0.03
2009-09-14,2009-09-01,Furniture,Office Furnishings,Ontario,Ontario,Small Business,26,936.95,-0.74,0.03
2011-07-15,2011-07-01,Technology,Office Machines,Ontario,Ontario,Small Business,9,163.78,-43.03,0.05
2011-02-13,2011-02-01,Furniture,Chairs & Chairmats,Ontario,Ontario,Corporate,20,2573.29,-896.94,0.04
2012-05-13,2012-05-01,Furniture,Bookcases,Ontario,Ontario,Small Business,33,8305.19,1383.32,0.04
2011-12-20,2011-12-01,Furniture,Tables,Ontario,Ontario,Corporate,35,539.21,11.65,0.05
2011-02-02,2011-02-01,Furniture,Office Furnishings,Ontario,Ontario,Small Business,4,123.82,-0.37,0.05
2009-04-22,2009-04-01,Technology,Computer Peripherals,Ontario,Ontario,Small Business,33,3387.32,1413.52,0.05
2010-12-13,2010-12-01,Technology,Computer Peripherals,Ontario,Ontario,Corporate,30,990.73,56.39,0.02
2010-09-01,2010-09-01,Office Supplies,"Scissors, Rulers and Trimmers",Ontario,Ontario,Home Office,45,372.01,-203.68,0.07
2012-08-20,2012-08-01,Office Supplies,Envelopes,Ontario,Ontario,Small Business,30,975.12,-6.72,0.03
2009-01-19,2009-01-01,Technology,Office Machines,Ontario,Ontario,Consumer,18,2215.96,-101.66,0.0
2011-01-22,2011-01-01,Technology,Computer Peripherals,Ontario,Ontario,Small Business,43,1374.7,-90.3,0.06
2010-08-17,2010-08-01,Technology,Computer Peripherals,Ontario,Ontario,Consumer,34,209.12,-116.21,0.05
2011-06-23,2011-06-01,Office Supplies,Paper,Ontario,Ontario,Home Office,27,172.7,-42.97,0.07
2011-04-11,2011-04-01,Furniture,Office Furnishings,Ontario,Ontario,Small Business,8,180.43,-44.86,0.02
2012-08-28,2012-08-01,Technology,Copiers and Fax,Ontario,Ontario,Home Office,47,9262.35,2787.59,0.09
2010-12-01,2010-12-01,Office Supplies,Pens & Art Supplies,Ontario,Ontario,Consumer,42,242.8,95.91,0.07
2010-05-25,2010-05-01,Office Supplies,Pens & Art Supplies,Ontario,Ontario,Corporate,47,271.78,52.74,0.07
2011-05-21,2011-05-01,Office Supplies,Binders and Binder Accessories,Ontario,Ontario,Corporate,16,179.26,36.78,0.01
2012-08-21,2012-08-01,Office Supplies,Pens & Art Supplies,Ontario,Ontario,Corporate,19,418.7,22.88,0.05
2011-07-22,2011-07-01,Office Supplies,Pens & Art Supplies,Ontario,Ontario,Small Business,19,193.25,71.55,0.03
2012-09-02,2012-09-01,Office Supplies,Storage & Organization,Ontario,Ontario,Consumer,23,260.08,-37.85,0.1
2009-06-14,2009-06-01,Furniture,Office Furnishings,Ontario,Ontario,Home Office,41,8958.46,2593.14,0.02
2009-01-10,2009-01-01,Technology,Computer Peripherals,Ontario,Ontario,Corporate,34,1177.5,420.05,0.02
2011-12-30,2011-12-01,Technology,Computer Peripherals,Ontario,Ontario,Small Business,44,362.75,-54.47,0.08
2012-02-10,2012-02-01,Office Supplies,Paper,Ontario,Ontario,Corporate,23,105.93,33.47,0.05
2012-08-29,2012-08-01,Furniture,Tables,Ontario,Ontario,Home Office,9,2643.15,-715.11,0.01
2010-08-28,2010-08-01,Technology,Computer Peripherals,Ontario,Ontario,Corporate,20,677.9,196.36,0.05
2010-05-06,2010-05-01,Office Supplies,Storage & Organization,Ontario,Ontario,Home Office,44,3249.09,-1326.29,0.1
2010-10-31,2010-10-01,Furniture,Tables,Ontario,Ontario,Small Business,8,121.624,11.65,0.0
2009-08-05,2009-08-01,Office Supplies,Storage & Organization,Ontario,Ontario,Corporate,26,1033.93,63.41,0.0
2011-10-25,2011-10-01,Furniture,Chairs & Chairmats,Ontario,Ontario,Small Business,19,1616.87,-189.55,0.1
2009-11-04,2009-11-01,Office Supplies,Paper,Ontario,Ontario,Home Office,24,752.63,172.94,0.01
2010-10-31,2010-10-01,Office Supplies,Pens & Art Supplies,Ontario,Ontario,Corporate,46,130.9,18.75,0.09
2010-01-12,2010-01-01,Furniture,Tables,Ontario,Ontario,Consumer,3,224.744,54.6,0.02
2012-09-20,2012-09-01,Technology,Computer Peripherals,Ontario,Ontario,Home Office,9,169.27,-68.93,0.09
2012-08-27,2012-08-01,Office Supplies,Appliances,Ontario,Ontario,Small Business,16,981.26,-500.35,0.09
2010-09-24,2010-09-01,Office Supplies,Appliances,Ontario,Ontario,Small Business,7,353.02,72.55,0.0
2012-05-02,2012-05-01,Office Supplies,Paper,Ontario,Ontario,Home Office,24,222.43,-119.31,0.06
2012-10-28,2012-10-01,Office Supplies,Storage & Organization,Ontario,Ontario,Corporate,20,302.94,-30.2,0.07
2012-09-01,2012-09-01,Office Supplies,Paper,Ontario,Ontario,Home Office,6,20.47,-0.74,0.09
2012-06-27,2012-06-01,Office Supplies,Storage & Organization,Ontario,Ontario,Corporate,43,621.44,-130.96,0.08
2009-04-13,2009-04-01,Technology,Computer Peripherals,Ontario,Ontario,Small Business,28,951.06,331.27,0.02
2011-08-21,2011-08-01,Office Supplies,Binders and Binder Accessories,Ontario,Ontario,Consumer,2,19.34,-14.38,0.1
2012-10-03,2012-10-01,Technology,Office Machines,Ontario,Ontario,Consumer,13,1341.31,5.55,0.05
2011-08-17,2011-08-01,Office Supplies,Binders and Binder Accessories,Ontario,Ontario,Home Office,10,197.21,56.88,0.06
2009-06-02,2009-06-01,Technology,Office Machines,Ontario,Ontario,Small Business,2,25.96,-29.29,0.06
2009-10-01,2009-10-01,Technology,Telephones and Communication,Ontario,Ontario,Home Office,5,248.3955,-260.35,0.05
2012-12-11,2012-12-01,Office Supplies,Paper,Ontario,Ontario,Corporate,4,28.04,-4.45,0.09
2011-11-11,2011-11-01,Office Supplies,Paper,Ontario,Ontario,Consumer,13,646.55,244.13,0.05
2009-06-24,2009-06-01,Office Supplies,Pens & Art Supplies,Ontario,Ontario,Corporate,39,392.81,13.91,0.1
2009-04-28,2009-04-01,Furniture,Chairs & Chairmats,Ontario,Ontario,Small Business,41,5258.94,-421.76,0.09
2011-08-24,2011-08-01,Technology,Telephones and Communication,Ontario,Ontario,Small Business,49,6335.8575,1620.23,0.08
2012-06-08,2012-06-01,Office Supplies,Appliances,Ontario,Ontario,Corporate,13,3723.99,777.28,0.03
2009-02-02,2009-02-01,Furniture,Chairs & Chairmats,Ontario,Ontario,Corporate,49,5718.85,-2426.55,0.09
2012-09-28,2012-09-01,Office Supplies,Paper,Ontario,Ontario,Corporate,15,675.23,204.08,0.1
2011-04-02,2011-04-01,Office Supplies,Pens & Art Supplies,Ontario,Ontario,Corporate,16,38.2,4.34,0.07
2010-01-13,2010-01-01,Office Supplies,Binders and Binder Accessories,Ontario,Ontario,Home Office,39,314.26,-71.05,0.0
2010-04-12,2010-04-01,Furniture,Tables,Ontario,Ontario,Consumer,39,7680.29,-513.79,0.08
2009-03-17,2009-03-01,Technology,Computer Peripherals,Ontario,Ontario,Home Office,38,336.85,-40.76,0.01
2011-11-13,2011-11-01,Furniture,Tables,Ontario,Ontario,Corporate,47,14960.096,-969.05,0.01
2012-05-14,2012-05-01,Office Supplies,Envelopes,Ontario,Ontario,Consumer,39,1343.6,137.86,0.06
2012-05-14,2012-05-01,Office Supplies,Pens & Art Supplies,Ontario,Ontario,Consumer,8,35.28,-39.07,0.0
2009-11-11,2009-11-01,Furniture,Chairs & Chairmats,Ontario,Ontario,Corporate,17,8937.38,2383.42,0.01
2009-11-11,2009-11-01,Furniture,Office Furnishings,Ontario,Ontario,Corporate,11,108.85,10.58,0.08
2009-11-11,2009-11-01,Office Supplies,Pens & Art Supplies,Ontario,Ontario,Corporate,49,157.47,8.07,0.09
2011-08-09,2011-08-01,Office Supplies,Paper,Ontario,Ontario,Home Office,4,25.82,-10.19,0.01
2011-08-09,2011-08-01,Furniture,Tables,Ontario,Ontario,Home Office,17,579.71,24.3,0.03
2010-05-21,2010-05-01,Technology,Computer Peripherals,Ontario,Ontario,Corporate,12,87.11,-43.65,0.08
2010-02-26,2010-02-01,Office Supplies,Labels,Ontario,Ontario,Corporate,40,121.92,51.23,0.09
2010-02-26,2010-02-01,Office Supplies,Paper,Ontario,Ontario,Corporate,26,1096.17,110.78,0.01
2010-03-13,2010-03-01,Office Supplies,Paper,Ontario,Ontario,Corporate,31,1447.62,576.39,0.07
2011-07-25,2011-07-01,Furniture,Office Furnishings,Ontario,Ontario,Small Business,20,97.65,-90.07,0.04
2011-07-25,2011-07-01,Office Supplies,Pens & Art Supplies,Ontario,Ontario,Small Business,41,1408.34,176.63,0.06
2012-10-26,2012-10-01,Technology,Computer Peripherals,Ontario,Ontario,Small Business,9,107.92,-57.65,0.04
2012-10-26,2012-10-01,Technology,Office Machines,Ontario,Ontario,Small Business,14,2151.08,179.05,0.03
2010-08-13,2010-08-01,Office Supplies,Paper,Ontario,Ontario,Corporate,11,485.46,48.88,0.03
2009-11-29,2009-11-01,Office Supplies,Pens & Art Supplies,Ontario,Ontario,Home Office,21,352.44,-80.53,0.09
2009-12-14,2009-12-01,Furniture,Office Furnishings,Ontario,Ontario,Corporate,8,114.73,28.08,0.03
2012-04-27,2012-04-01,Technology,Computer Peripherals,Ontario,Ontario,Corporate,30,3295.15,1070.18,0.07
2012-04-27,2012-04-01,Office Supplies,Pens & Art Supplies,Ontario,Ontario,Corporate,1,43.9,-15.03,0.02
2011-04-17,2011-04-01,Technology,Computer Peripherals,Ontario,Ontario,Corporate,38,1541.92,-564.06,0.03
2011-04-17,2011-04-01,Office Supplies,Paper,Ontario,Ontario,Corporate,40,169.48,-134.76,0.08
2012-06-08,2012-06-01,Office Supplies,Appliances,Ontario,Ontario,Home Office,2,738.8,-473.66,0.06
2012-06-08,2012-06-01,Technology,Telephones and Communication,Ontario,Ontario,Home Office,48,2750.7105,791.9,0.0
2009-04-04,2009-04-01,Office Supplies,Storage & Organization,Ontario,Ontario,Corporate,33,2118.26,554.22,0.01
2011-06-21,2011-06-01,Technology,Computer Peripherals,Ontario,Ontario,Home Office,27,822.7,141.28,0.05
2010-01-04,2010-01-01,Technology,Copiers and Fax,Ontario,Ontario,Home Office,5,2249.05,-571.24,0.02
2010-01-04,2010-01-01,Office Supplies,Storage & Organization,Ontario,Ontario,Home Office,48,4813.67,44.58,0.03
2012-09-12,2012-09-01,Furniture,Tables,Ontario,Ontario,Consumer,7,3877.88,-1331.55,0.08
2009-10-04,2009-10-01,Furniture,Office Furnishings,Ontario,Ontario,Small Business,34,307.76,-22.88,0.1
2009-10-04,2009-10-01,Technology,Telephones and Communication,Ontario,Ontario,Small Business,36,1129.9305,574.16,0.05
2011-11-29,2011-11-01,Office Supplies,Paper,Ontario,Ontario,Corporate,9,75.94,-16.56,0.01
2012-12-12,2012-12-01,Office Supplies,Binders and Binder Accessories,Ontario,Ontario,Home Office,47,533.47,-50.21,0.09
2012-12-12,2012-12-01,Office Supplies,Pens & Art Supplies,Ontario,Ontario,Home Office,21,61.94,-22.32,0.09
2009-01-31,2009-01-01,Office Supplies,Paper,Ontario,Ontario,Corporate,6,49.81,-16.95,0.05
2009-01-31,2009-01-01,Furniture,Tables,Ontario,Ontario,Corporate,40,9141.64,-528.65,0.04
2010-07-04,2010-07-01,Office Supplies,Appliances,Ontario,Ontario,Corporate,39,438.8,-84.19,0.09
2011-04-08,2011-04-01,Office Supplies,Paper,Ontario,Ontario,Home Office,33,647.77,166.85,0.09
2011-07-04,2011-07-01,Technology,Computer Peripherals,Ontario,Ontario,Corporate,39,315.88,-60.4,0.09
2011-07-04,2011-07-01,Technology,Computer Peripherals,Ontario,Ontario,Corporate,8,258.11,-113.6,0.06
2012-08-23,2012-08-01,Office Supplies,Paper,Atlantic,New Brunswick,Home Office,7,374.78,20.03,0.09
2010-03-12,2010-03-01,Furniture,Office Furnishings,Atlantic,New Brunswick,Consumer,4,43.56,21.21,0.01
2009-03-05,2009-03-01,Furniture,Office Furnishings,Atlantic,New Brunswick,Home Office,25,2553.84,553.7,0.05
2010-08-23,2010-08-01,Technology,Computer Peripherals,Atlantic,New Brunswick,Home Office,48,7518.12,1027.63,0.04
2011-03-18,2011-03-01,Office Supplies,Appliances,Atlantic,New Brunswick,Home Office,42,374.38,-1.16,0.03
2011-03-18,2011-03-01,Technology,Computer Peripherals,Atlantic,New Brunswick,Home Office,21,1557.42,-123.81,0.01
2011-03-18,2011-03-01,Furniture,Office Furnishings,Atlantic,New Brunswick,Home Office,14,410.27,226.72,0.08
2011-03-18,2011-03-01,Technology,Office Machines,Atlantic,New Brunswick,Home Office,18,1531.93,326.56,0.1
2010-12-26,2010-12-01,Office Supplies,Paper,Atlantic,New Brunswick,Small Business,15,68.32,-66.72,0.05
2010-12-26,2010-12-01,Furniture,Bookcases,Atlantic,New Brunswick,Small Business,3,536.38,-258.8,0.03
2010-12-26,2010-12-01,Technology,Telephones and Communication,Atlantic,New Brunswick,Small Business,23,391.8755,-38.02,0.1
2012-06-15,2012-06-01,Office Supplies,Paper,Atlantic,New Brunswick,Small Business,41,1991.93,951.5,0.02
2011-04-23,2011-04-01,Office Supplies,"Scissors, Rulers and Trimmers",Atlantic,New Brunswick,Corporate,35,373.33,-22.18,0.01
2010-09-09,2010-09-01,Office Supplies,Binders and Binder Accessories,Atlantic,New Brunswick,Home Office,31,164.62,-93.71,0.03
2010-09-09,2010-09-01,Furniture,Bookcases,Atlantic,New Brunswick,Home Office,36,4225.77,-1393.69,0.08
2010-09-09,2010-09-01,Office Supplies,Labels,Atlantic,New Brunswick,Home Office,8,53.89,17.63,0.01
2012-05-06,2012-05-01,Furniture,Office Furnishings,Atlantic,New Brunswick,Home Office,7,181.32,80.32,0.03
2009-04-01,2009-04-01,Technology,Telephones and Communication,Atlantic,New Brunswick,Consumer,30,835.1505,158.18,0.09
2009-04-01,2009-04-01,Technology,Telephones and Communication,Atlantic,New Brunswick,Consumer,7,771.834,-295.43,0.01
2011-06-30,2011-06-01,Office Supplies,Pens & Art Supplies,Atlantic,New Brunswick,Home Office,43,449.17,198.83,0.01
2011-06-30,2011-06-01,Office Supplies,Pens & Art Supplies,Atlantic,New Brunswick,Home Office,38,79.81,5.48,0.08
2010-11-08,2010-11-01,Technology,Office Machines,Atlantic,New Brunswick,Consumer,45,6688.11,2872.88,0.08
2010-10-07,2010-10-01,Office Supplies,Binders and Binder Accessories,Atlantic,New Brunswick,Consumer,37,1520.26,640.84,0.04
2010-10-07,2010-10-01,Furniture,Office Furnishings,Atlantic,New Brunswick,Consumer,30,688.02,154.99,0.06
2009-02-10,2009-02-01,Office Supplies,Paper,Atlantic,New Brunswick,Home Office,41,473.67,78.2,0.04
2011-12-24,2011-12-01,Office Supplies,Binders and Binder Accessories,Atlantic,New Brunswick,Consumer,12,28.41,-44.08,0.07
2010-05-14,2010-05-01,Furniture,Chairs & Chairmats,Atlantic,New Brunswick,Consumer,33,7869.22,1523.46,0.1
2010-05-14,2010-05-01,Furniture,Office Furnishings,Atlantic,New Brunswick,Consumer,36,912.44,182.72,0.04
2009-08-23,2009-08-01,Furniture,Office Furnishings,Atlantic,New Brunswick,Corporate,36,65.42,-112.92,0.04
2009-08-23,2009-08-01,Technology,Office Machines,Atlantic,New Brunswick,Corporate,47,5750.94,432.98,0.01
2010-12-10,2010-12-01,Office Supplies,Appliances,Atlantic,New Brunswick,Home Office,27,1991.26,-528.09,0.01
2010-12-10,2010-12-01,Furniture,Tables,Atlantic,New Brunswick,Home Office,24,10480.272,2271.68,0.07
2010-02-25,2010-02-01,Office Supplies,Storage & Organization,Atlantic,New Brunswick,Home Office,32,383.81,-21.15,0.03
2010-08-26,2010-08-01,Furniture,Tables,Atlantic,New Brunswick,Corporate,12,2050.712,-381.04,0.05
2010-08-25,2010-08-01,Office Supplies,Rubber Bands,Atlantic,New Brunswick,Corporate,4,5.31,-1.5,0.0
2011-07-22,2011-07-01,Office Supplies,Paper,Atlantic,New Brunswick,Corporate,46,231.35,-81.86,0.03
2012-07-14,2012-07-01,Technology,Computer Peripherals,Atlantic,New Brunswick,Consumer,27,898.9,325.88,0.03
2009-09-25,2009-09-01,Technology,Office Machines,Atlantic,New Brunswick,Small Business,16,3083.04,872.13,0.06
2012-11-19,2012-11-01,Technology,Office Machines,Atlantic,New Brunswick,Home Office,43,21921.28,10521.33,0.04
2011-07-06,2011-07-01,Office Supplies,Paper,Atlantic,New Brunswick,Corporate,1,9.69,-6.78,0.05
2011-07-06,2011-07-01,Office Supplies,Pens & Art Supplies,Atlantic,New Brunswick,Corporate,48,331.99,45.31,0.03
2010-07-17,2010-07-01,Furniture,Office Furnishings,Atlantic,New Brunswick,Corporate,37,426.64,96.95,0.09
2011-11-16,2011-11-01,Technology,Telephones and Communication,Atlantic,New Brunswick,Small Business,8,1383.919,-433.49,0.05
2009-01-17,2009-01-01,Technology,Computer Peripherals,Atlantic,New Brunswick,Corporate,33,528.54,168.54,0.06
2009-04-10,2009-04-01,Office Supplies,Appliances,Atlantic,New Brunswick,Consumer,33,362.17,-83.96,0.08
2010-12-05,2010-12-01,Office Supplies,Appliances,Atlantic,New Brunswick,Corporate,25,290.46,-31.55,0.1
2010-12-05,2010-12-01,Technology,Computer Peripherals,Atlantic,New Brunswick,Corporate,44,1207.4,-25.23,0.03
2012-03-30,2012-03-01,Technology,Telephones and Communication,Atlantic,New Brunswick,Consumer,11,629.5865,-120.09,0.04
2009-09-16,2009-09-01,Office Supplies,Binders and Binder Accessories,Atlantic,New Brunswick,Corporate,50,20175.48,9373.96,0.0
2009-11-02,2009-11-01,Office Supplies,Binders and Binder Accessories,Atlantic,New Brunswick,Home Office,6,56.22,-20.39,0.04
2009-11-02,2009-11-01,Office Supplies,Rubber Bands,Atlantic,New Brunswick,Home Office,30,107.96,13.24,0.01
2009-11-02,2009-11-01,Furniture,Tables,Atlantic,New Brunswick,Home Office,40,3169.992,-973.3,0.08
2010-12-17,2010-12-01,Furniture,Chairs & Chairmats,Atlantic,New Brunswick,Home Office,40,5232.83,-1461.65,0.01
2012-07-12,2012-07-01,Technology,Computer Peripherals,Atlantic,New Brunswick,Home Office,3,236.32,-339.95,0.03
2012-11-28,2012-11-01,Office Supplies,Envelopes,Atlantic,New Brunswick,Small Business,45,2728.42,664.15,0.06
2012-11-10,2012-11-01,Office Supplies,Pens & Art Supplies,Atlantic,New Brunswick,Home Office,1,6.77,-3.66,0.06
2009-03-01,2009-03-01,Technology,Copiers and Fax,Atlantic,New Brunswick,Corporate,1,3550.28,-11769.17,0.06
2011-06-11,2011-06-01,Office Supplies,Binders and Binder Accessories,Atlantic,New Brunswick,Consumer,7,43.29,-39.12,0.07
2011-01-09,2011-01-01,Office Supplies,Appliances,Atlantic,New Brunswick,Consumer,34,11747.97,3302.03,0.05
2012-11-26,2012-11-01,Office Supplies,Storage & Organization,Atlantic,New Brunswick,Consumer,16,487.7,-67.54,0.06
2012-04-17,2012-04-01,Office Supplies,Binders and Binder Accessories,Atlantic,New Brunswick,Small Business,42,199.58,46.31,0.05
2012-04-17,2012-04-01,Office Supplies,Paper,Atlantic,New Brunswick,Small Business,10,80.59,-20.49,0.05
2012-04-17,2012-04-01,Technology,Telephones and Communication,Atlantic,New Brunswick,Small Business,32,4158.0725,836.15,0.02
2010-08-16,2010-08-01,Technology,Telephones and Communication,Atlantic,New Brunswick,Consumer,24,1840.8535,424.64,0.01
2009-11-21,2009-11-01,Technology,Computer Peripherals,Atlantic,New Brunswick,Home Office,33,1644.59,-52.92,0.09
2012-02-25,2012-02-01,Furniture,Tables,Atlantic,New Brunswick,Small Business,12,2409.424,50.95,0.1
2010-06-06,2010-06-01,Office Supplies,Paper,Atlantic,New Brunswick,Corporate,43,367.11,163.42,0.01
2012-08-12,2012-08-01,Office Supplies,Paper,Atlantic,New Brunswick,Corporate,22,152.44,-40.76,0.03
2012-08-11,2012-08-01,Office Supplies,Storage & Organization,Atlantic,New Brunswick,Consumer,20,2850.31,569.08,0.09
2009-03-21,2009-03-01,Technology,Office Machines,Atlantic,New Brunswick,Consumer,13,89061.05,27220.69,0.0
2009-03-21,2009-03-01,Technology,Telephones and Communication,Atlantic,New Brunswick,Consumer,40,6636.664,1623.7,0.08
2009-09-30,2009-09-01,Technology,Telephones and Communication,Atlantic,New Brunswick,Home Office,50,2860.93,832.62,0.03
2011-04-25,2011-04-01,Office Supplies,Pens & Art Supplies,Atlantic,New Brunswick,Corporate,23,220.82,77.68,0.1
2010-09-21,2010-09-01,Office Supplies,Pens & Art Supplies,Atlantic,New Brunswick,Consumer,16,336.29,-52.14,0.08
2010-11-27,2010-11-01,Technology,Telephones and Communication,Atlantic,New Brunswick,Corporate,24,1390.6935,168.46,0.03
2010-11-27,2010-11-01,Technology,Telephones and Communication,Atlantic,New Brunswick,Corporate,20,1017.2885,-115.3,0.1
2009-07-17,2009-07-01,Furniture,Office Furnishings,Atlantic,New Brunswick,Home Office,50,86.7,-185.34,0.07
2010-01-20,2010-01-01,Furniture,Office Furnishings,Atlantic,New Brunswick,Corporate,26,864.16,-175.47,0.09
2012-06-04,2012-06-01,Office Supplies,Paper,Atlantic,New Brunswick,Home Office,16,623.35,235.51,0.03
2012-02-23,2012-02-01,Office Supplies,Paper,Atlantic,New Brunswick,Small Business,9,70.88,-50.2,0.01
2012-04-29,2012-04-01,Furniture,Office Furnishings,Atlantic,New Brunswick,Home Office,10,55.82,-28.85,0.01
2012-04-29,2012-04-01,Technology,Telephones and Communication,Atlantic,New Brunswick,Home Office,45,1335.316,701.66,0.03
2010-02-20,2010-02-01,Office Supplies,Paper,Atlantic,New Brunswick,Home Office,39,213.0,-71.09,0.01
2010-08-15,2010-08-01,Office Supplies,Paper,Atlantic,New Brunswick,Corporate,39,231.08,-79.08,0.01
2010-08-15,2010-08-01,Office Supplies,Pens & Art Supplies,Atlantic,New Brunswick,Corporate,48,428.36,74.75,0.06
2011-12-05,2011-12-01,Office Supplies,Paper,Atlantic,New Brunswick,Home Office,26,118.43,11.96,0.02
2009-01-03,2009-01-01,Office Supplies,Binders and Binder Accessories,Atlantic,New Brunswick,Home Office,29,172.51,12.55,0.03
2009-01-03,2009-01-01,Furniture,Tables,Atlantic,New Brunswick,Home Office,4,698.0,-93.16,0.09
2010-03-29,2010-03-01,Furniture,Office Furnishings,Atlantic,New Brunswick,Small Business,22,447.23,122.78,0.03
2010-12-01,2010-12-01,Technology,Telephones and Communication,Atlantic,New Brunswick,Home Office,34,1541.458,-238.16,0.05
2009-08-22,2009-08-01,Technology,Computer Peripherals,Atlantic,New Brunswick,Consumer,43,3277.39,286.01,0.02
2011-08-17,2011-08-01,Office Supplies,Binders and Binder Accessories,Atlantic,New Brunswick,Consumer,11,127.32,22.96,0.1
2012-07-29,2012-07-01,Furniture,Office Furnishings,Atlantic,New Brunswick,Corporate,39,248.64,-69.27,0.08
2010-09-19,2010-09-01,Technology,Telephones and Communication,Atlantic,New Brunswick,Home Office,5,845.614,-653.49,0.01
2010-04-19,2010-04-01,Office Supplies,Labels,Atlantic,New Brunswick,Consumer,18,84.74,34.1,0.06
2010-04-19,2010-04-01,Office Supplies,Paper,Atlantic,New Brunswick,Consumer,43,279.83,77.04,0.01
2010-04-19,2010-04-01,Office Supplies,Paper,Atlantic,New Brunswick,Consumer,20,98.57,-49.64,0.07
2011-11-21,2011-11-01,Furniture,Office Furnishings,Atlantic,New Brunswick,Consumer,40,102.15,-138.51,0.03
2011-08-14,2011-08-01,Office Supplies,Pens & Art Supplies,Atlantic,New Brunswick,Home Office,3,19.57,-5.35,0.02
2009-10-28,2009-10-01,Office Supplies,Paper,Atlantic,New Brunswick,Home Office,43,856.9,106.93,0.02
2009-07-09,2009-07-01,Office Supplies,Pens & Art Supplies,Atlantic,New Brunswick,Small Business,16,519.65,26.36,0.03
2011-10-21,2011-10-01,Office Supplies,Pens & Art Supplies,Atlantic,New Brunswick,Corporate,31,655.33,-57.16,0.08
2009-03-28,2009-03-01,Technology,Office Machines,Atlantic,New Brunswick,Home Office,10,958.18,126.81,0.03
2010-08-03,2010-08-01,Office Supplies,Appliances,Atlantic,New Brunswick,Consumer,19,506.49,105.69,0.06
2010-08-03,2010-08-01,Furniture,Bookcases,Atlantic,New Brunswick,Consumer,48,8367.68,886.35,0.06
2010-08-03,2010-08-01,Furniture,Office Furnishings,Atlantic,New Brunswick,Consumer,1,74.31,-73.1,0.07
2009-01-22,2009-01-01,Technology,Computer Peripherals,Atlantic,New Brunswick,Home Office,27,4584.73,812.38,0.07
2009-01-22,2009-01-01,Furniture,Office Furnishings,Atlantic,New Brunswick,Home Office,44,4039.72,-237.6,0.02
2009-01-22,2009-01-01,Technology,Telephones and Communication,Atlantic,New Brunswick,Home Office,25,2570.944,553.36,0.03
2012-05-26,2012-05-01,Office Supplies,Appliances,Atlantic,New Brunswick,Home Office,49,1944.87,496.43,0.06
2012-05-26,2012-05-01,Office Supplies,Binders and Binder Accessories,Atlantic,New Brunswick,Home Office,12,61.82,-10.45,0.1
2010-02-02,2010-02-01,Office Supplies,Labels,Atlantic,New Brunswick,Corporate,40,144.28,52.94,0.01
2010-02-02,2010-02-01,Office Supplies,Paper,Atlantic,New Brunswick,Corporate,19,126.53,-73.38,0.03
2011-08-03,2011-08-01,Furniture,Office Furnishings,Atlantic,New Brunswick,Home Office,41,417.53,-309.06,0.02
2010-10-04,2010-10-01,Office Supplies,Binders and Binder Accessories,Atlantic,New Brunswick,Home Office,32,167.07,-93.23,0.04
2010-10-04,2010-10-01,Office Supplies,Binders and Binder Accessories,Atlantic,New Brunswick,Home Office,34,554.88,-145.33,0.06
2010-10-04,2010-10-01,Office Supplies,Binders and Binder Accessories,Atlantic,New Brunswick,Home Office,48,309.65,-79.81,0.04
2010-10-04,2010-10-01,Office Supplies,Paper,Atlantic,New Brunswick,Home Office,24,152.37,-76.53,0.09
2012-09-18,2012-09-01,Office Supplies,Binders and Binder Accessories,Atlantic,New Brunswick,Home Office,13,76.38,-29.69,0.03
2012-09-18,2012-09-01,Technology,Computer Peripherals,Atlantic,New Brunswick,Home Office,29,2948.63,888.62,0.05
2012-09-18,2012-09-01,Office Supplies,Paper,Atlantic,New Brunswick,Home Office,4,18.33,-7.08,0.09
2012-01-06,2012-01-01,Office Supplies,Appliances,Atlantic,New Brunswick,Home Office,10,86.0,-66.91,0.05
2012-01-06,2012-01-01,Office Supplies,Appliances,Atlantic,New Brunswick,Home Office,13,4805.36,1127.31,0.04
2010-09-07,2010-09-01,Office Supplies,Paper,Atlantic,New Brunswick,Home Office,36,146.71,38.63,0.01
2010-09-07,2010-09-01,Office Supplies,"Scissors, Rulers and Trimmers",Atlantic,New Brunswick,Home Office,36,475.92,-95.3,0.05
2009-04-16,2009-04-01,Technology,Telephones and Communication,Prarie,Manitoba,Home Office,37,4158.1235,1228.89,0.01
2011-08-01,2011-08-01,Office Supplies,Paper,Prarie,Manitoba,Home Office,38,283.65,-29.21,0.02
2012-10-20,2012-10-01,Office Supplies,Paper,Prarie,Manitoba,Corporate,50,262.87,-166.29,0.1
2012-10-20,2012-10-01,Technology,Telephones and Communication,Prarie,Manitoba,Corporate,43,2531.0875,881.68,0.01
2011-08-09,2011-08-01,Furniture,Office Furnishings,Prarie,Manitoba,Small Business,41,726.22,52.47,0.01
2011-02-23,2011-02-01,Office Supplies,Binders and Binder Accessories,Prarie,Manitoba,Consumer,27,353.62,140.15,0.01
2011-06-11,2011-06-01,Technology,Computer Peripherals,Prarie,Manitoba,Home Office,22,646.07,237.75,0.06
2010-04-19,2010-04-01,Technology,Computer Peripherals,Prarie,Manitoba,Corporate,4,126.87,-125.99,0.08
2011-07-19,2011-07-01,Furniture,Office Furnishings,Prarie,Manitoba,Small Business,9,520.49,-51.01,0.0
2009-02-27,2009-02-01,Technology,Office Machines,Prarie,Manitoba,Home Office,28,334.89,-1.44,0.03
2012-01-04,2012-01-01,Furniture,Office Furnishings,Prarie,Manitoba,Corporate,3,172.04,143.08,0.02
2012-01-04,2012-01-01,Office Supplies,Paper,Prarie,Manitoba,Corporate,3,113.14,-21.23,0.06
2012-01-04,2012-01-01,Office Supplies,Storage & Organization,Prarie,Manitoba,Corporate,32,1724.82,407.8,0.1
2011-05-09,2011-05-01,Office Supplies,Binders and Binder Accessories,Prarie,Manitoba,Corporate,22,1337.81,407.12,0.02
2012-09-30,2012-09-01,Office Supplies,Storage & Organization,Prarie,Manitoba,Consumer,31,937.8,27.12,0.0
2009-05-14,2009-05-01,Office Supplies,Paper,Prarie,Manitoba,Corporate,40,227.37,-92.07,0.0
2011-05-02,2011-05-01,Technology,Telephones and Communication,Prarie,Manitoba,Corporate,39,6330.086,1421.89,0.1
2011-02-05,2011-02-01,Technology,Office Machines,Prarie,Manitoba,Home Office,3,1566.8,-1044.92,0.06
2011-02-05,2011-02-01,Office Supplies,Pens & Art Supplies,Prarie,Manitoba,Home Office,30,616.01,-74.88,0.09
2011-02-05,2011-02-01,Technology,Telephones and Communication,Prarie,Manitoba,Home Office,17,438.6085,-56.05,0.01
2010-05-25,2010-05-01,Furniture,Chairs & Chairmats,Prarie,Manitoba,Corporate,5,1386.6,-556.18,0.09
2009-04-05,2009-04-01,Office Supplies,Pens & Art Supplies,Prarie,Manitoba,Corporate,45,1553.38,180.88,0.1
2009-09-01,2009-09-01,Furniture,Office Furnishings,Prarie,Manitoba,Home Office,21,441.7,167.18,0.08
2009-04-27,2009-04-01,Technology,Computer Peripherals,Prarie,Manitoba,Corporate,38,10823.84,3857.43,0.09
2009-08-31,2009-08-01,Furniture,Office Furnishings,Prarie,Manitoba,Corporate,2,42.3,-25.38,0.06
2009-10-09,2009-10-01,Office Supplies,Labels,Prarie,Manitoba,Consumer,20,94.86,39.69,0.08
2009-10-09,2009-10-01,Office Supplies,Pens & Art Supplies,Prarie,Manitoba,Consumer,25,744.12,146.51,0.02
2010-04-30,2010-04-01,Office Supplies,Binders and Binder Accessories,Prarie,Manitoba,Corporate,44,174.9,-150.9,0.06
2010-04-30,2010-04-01,Furniture,Office Furnishings,Prarie,Manitoba,Corporate,48,103.8,-150.53,0.1
2010-04-30,2010-04-01,Furniture,Tables,Prarie,Manitoba,Corporate,19,2557.51,-168.48,0.01
2010-08-20,2010-08-01,Furniture,Chairs & Chairmats,Prarie,Manitoba,Small Business,11,1378.72,-640.6,0.07
2010-07-17,2010-07-01,Technology,Telephones and Communication,Prarie,Manitoba,Corporate,49,5610.612,2040.87,0.01
2011-09-07,2011-09-01,Office Supplies,"Scissors, Rulers and Trimmers",Prarie,Manitoba,Corporate,20,67.03,-30.4,0.04
2011-09-07,2011-09-01,Office Supplies,Storage & Organization,Prarie,Manitoba,Corporate,15,140.82,-43.26,0.08
2010-12-05,2010-12-01,Furniture,Bookcases,Prarie,Manitoba,Corporate,28,4371.92,-533.44,0.03
2010-12-05,2010-12-01,Technology,Telephones and Communication,Prarie,Manitoba,Corporate,21,1745.118,307.25,0.03
2009-03-05,2009-03-01,Office Supplies,Binders and Binder Accessories,Prarie,Manitoba,Home Office,44,479.96,122.54,0.08
2011-03-15,2011-03-01,Technology,Copiers and Fax,Prarie,Manitoba,Small Business,50,28664.52,13340.26,0.09
2011-03-15,2011-03-01,Technology,Telephones and Communication,Prarie,Manitoba,Small Business,6,635.7405,-397.53,0.03
2012-03-02,2012-03-01,Furniture,Office Furnishings,Prarie,Manitoba,Home Office,16,423.07,126.95,0.01
2012-03-02,2012-03-01,Office Supplies,Paper,Prarie,Manitoba,Home Office,33,1602.21,728.49,0.05
2009-03-27,2009-03-01,Furniture,Office Furnishings,Prarie,Manitoba,Home Office,29,547.82,69.63,0.08
2010-10-21,2010-10-01,Office Supplies,Binders and Binder Accessories,Prarie,Manitoba,Consumer,14,278.27,-51.91,0.02
2009-03-01,2009-03-01,Technology,Computer Peripherals,Prarie,Manitoba,Home Office,25,667.36,218.89,0.09
2009-03-01,2009-03-01,Furniture,Office Furnishings,Prarie,Manitoba,Home Office,13,32.37,-48.55,0.0
2009-03-01,2009-03-01,Technology,Telephones and Communication,Prarie,Manitoba,Home Office,38,1409.0875,233.56,0.06
2011-05-31,2011-05-01,Furniture,Office Furnishings,Prarie,Manitoba,Home Office,7,1011.16,547.96,0.02
2010-03-01,2010-03-01,Office Supplies,Paper,Prarie,Manitoba,Corporate,8,180.79,20.09,0.05
2010-01-26,2010-01-01,Furniture,Bookcases,Prarie,Manitoba,Consumer,8,487.59,-205.29,0.04
2011-12-17,2011-12-01,Office Supplies,Storage & Organization,Prarie,Manitoba,Corporate,34,4152.12,817.98,0.0
2011-10-18,2011-10-01,Furniture,Office Furnishings,Prarie,Manitoba,Small Business,16,323.26,98.34,0.06
2011-02-05,2011-02-01,Technology,Office Machines,Prarie,Manitoba,Corporate,43,17131.36,4722.77,0.08
2010-02-24,2010-02-01,Technology,Computer Peripherals,Prarie,Manitoba,Home Office,10,208.77,-76.58,0.07
2012-11-28,2012-11-01,Office Supplies,Paper,Prarie,Manitoba,Corporate,4,34.27,-26.44,0.1
2010-03-13,2010-03-01,Furniture,Chairs & Chairmats,Prarie,Manitoba,Corporate,28,2555.37,-824.91,0.08
2009-02-01,2009-02-01,Technology,Office Machines,Prarie,Manitoba,Consumer,41,3279.01,349.22,0.06
2011-12-17,2011-12-01,Office Supplies,Binders and Binder Accessories,Prarie,Manitoba,Home Office,26,213.49,-136.45,0.05
2009-10-04,2009-10-01,Office Supplies,Binders and Binder Accessories,Prarie,Manitoba,Home Office,38,375.61,-21.26,0.1
2011-02-06,2011-02-01,Office Supplies,Binders and Binder Accessories,Prarie,Manitoba,Corporate,34,706.91,85.68,0.03
2011-02-06,2011-02-01,Office Supplies,Paper,Prarie,Manitoba,Corporate,31,190.06,-61.9,0.06
2010-11-01,2010-11-01,Technology,Computer Peripherals,Prarie,Manitoba,Corporate,11,86.79,-45.6,0.06
2010-11-01,2010-11-01,Technology,Office Machines,Prarie,Manitoba,Corporate,8,753.8,-32.3,0.06
2012-11-07,2012-11-01,Office Supplies,Paper,Prarie,Manitoba,Corporate,38,212.12,-93.78,0.02
2011-10-19,2011-10-01,Furniture,Chairs & Chairmats,Prarie,Manitoba,Small Business,32,6483.42,1590.95,0.07
2011-10-19,2011-10-01,Office Supplies,Paper,Prarie,Manitoba,Small Business,10,137.77,1.85,0.01
2009-11-16,2009-11-01,Office Supplies,Storage & Organization,Prarie,Manitoba,Corporate,43,540.33,-59.06,0.04
2010-02-19,2010-02-01,Office Supplies,Binders and Binder Accessories,Prarie,Manitoba,Home Office,3,15.88,-11.04,0.05
2011-11-03,2011-11-01,Furniture,Office Furnishings,Prarie,Manitoba,Home Office,11,466.35,159.25,0.01
2012-04-03,2012-04-01,Office Supplies,Binders and Binder Accessories,Prarie,Manitoba,Corporate,42,153.01,-218.53,0.04
2011-09-03,2011-09-01,Office Supplies,Paper,Prarie,Manitoba,Corporate,2,27.0,-4.9,0.02
2010-07-17,2010-07-01,Office Supplies,Binders and Binder Accessories,Prarie,Manitoba,Home Office,41,225.06,7.3,0.05
2010-07-17,2010-07-01,Office Supplies,Envelopes,Prarie,Manitoba,Home Office,47,1041.78,283.79,0.1
2009-04-08,2009-04-01,Office Supplies,Labels,Prarie,Manitoba,Corporate,3,32.76,11.29,0.06
2011-11-19,2011-11-01,Office Supplies,Appliances,Prarie,Manitoba,Corporate,21,1503.49,408.73,0.03
2011-11-19,2011-11-01,Technology,Computer Peripherals,Prarie,Manitoba,Corporate,1,10.62,-31.2,0.02
2011-11-19,2011-11-01,Technology,Computer Peripherals,Prarie,Manitoba,Corporate,50,2337.03,-37.19,0.1
2011-11-19,2011-11-01,Furniture,Bookcases,Prarie,Manitoba,Corporate,34,29345.27,7497.55,0.03
2010-02-26,2010-02-01,Furniture,Chairs & Chairmats,Prarie,Manitoba,Corporate,48,3355.1,-1701.96,0.07
2010-02-26,2010-02-01,Technology,Computer Peripherals,Prarie,Manitoba,Corporate,34,2864.55,1021.07,0.06
2010-02-26,2010-02-01,Office Supplies,Pens & Art Supplies,Prarie,Manitoba,Corporate,31,65.61,-16.63,0.02
2012-01-04,2012-01-01,Furniture,Office Furnishings,Prarie,Manitoba,Consumer,15,742.8,265.87,0.02
2009-01-31,2009-01-01,Technology,Computer Peripherals,Prarie,Manitoba,Corporate,46,2188.06,33.77,0.1
2009-09-26,2009-09-01,Furniture,Tables,Prarie,Manitoba,Corporate,47,6181.48,-194.83,0.03
2010-09-22,2010-09-01,Office Supplies,Binders and Binder Accessories,Prarie,Manitoba,Home Office,33,283.8,47.52,0.04
2010-06-25,2010-06-01,Office Supplies,Paper,Prarie,Manitoba,Corporate,8,49.14,-22.56,0.05
2011-04-24,2011-04-01,Furniture,Tables,Prarie,Manitoba,Corporate,10,1600.85,-193.97,0.07
2009-02-07,2009-02-01,Office Supplies,Paper,Prarie,Manitoba,Corporate,46,320.93,-66.48,0.05
2009-02-07,2009-02-01,Office Supplies,Storage & Organization,Prarie,Manitoba,Corporate,14,261.85,-52.33,0.03
2009-08-22,2009-08-01,Office Supplies,Paper,Prarie,Manitoba,Corporate,10,56.91,7.5,0.01
2010-11-29,2010-11-01,Office Supplies,Pens & Art Supplies,Prarie,Manitoba,Home Office,19,113.2,24.83,0.1
2011-05-03,2011-05-01,Office Supplies,Pens & Art Supplies,Prarie,Manitoba,Home Office,27,94.46,-75.09,0.02
2012-06-02,2012-06-01,Technology,Computer Peripherals,Prarie,Manitoba,Consumer,25,1291.2,-5.6,0.04
2010-04-26,2010-04-01,Office Supplies,Labels,Prarie,Manitoba,Home Office,28,110.2,42.84,0.07
2010-04-26,2010-04-01,Office Supplies,Paper,Prarie,Manitoba,Home Office,12,54.86,-50.6,0.09
2011-12-16,2011-12-01,Furniture,Tables,Prarie,Manitoba,Home Office,34,1069.85,-1179.39,0.07
2009-07-01,2009-07-01,Technology,Computer Peripherals,Prarie,Manitoba,Consumer,42,1967.83,659.6,0.04
2009-07-01,2009-07-01,Office Supplies,Paper,Prarie,Manitoba,Consumer,9,52.59,-28.14,0.03
2012-09-12,2012-09-01,Technology,Office Machines,Prarie,Manitoba,Corporate,41,8188.19,3702.0,0.05
2009-06-24,2009-06-01,Technology,Telephones and Communication,Prarie,Manitoba,Corporate,17,283.6535,-113.05,0.09
2010-08-26,2010-08-01,Office Supplies,Appliances,Prarie,Manitoba,Corporate,42,309.17,-283.31,0.09
2010-08-26,2010-08-01,Office Supplies,Storage & Organization,Prarie,Manitoba,Corporate,29,412.86,-104.43,0.07
2012-04-11,2012-04-01,Office Supplies,Pens & Art Supplies,Prarie,Manitoba,Home Office,33,103.32,-25.68,0.0
2009-01-16,2009-01-01,Office Supplies,Storage & Organization,Prarie,Manitoba,Home Office,35,503.75,16.46,0.0
2009-08-24,2009-08-01,Furniture,Tables,Prarie,Manitoba,Home Office,4,1614.97,-593.15,0.05
2009-08-24,2009-08-01,Technology,Telephones and Communication,Prarie,Manitoba,Home Office,12,2119.0415,-6.57,0.0
2011-08-30,2011-08-01,Office Supplies,Paper,Prarie,Manitoba,Consumer,39,272.39,-91.48,0.03
2010-09-06,2010-09-01,Technology,Office Machines,Prarie,Manitoba,Corporate,50,5369.46,1370.26,0.0
2010-09-06,2010-09-01,Office Supplies,Storage & Organization,Prarie,Manitoba,Corporate,41,1439.96,182.46,0.02
2012-11-06,2012-11-01,Office Supplies,Binders and Binder Accessories,Prarie,Manitoba,Corporate,25,122.05,-67.6,0.0
2011-11-05,2011-11-01,Furniture,Office Furnishings,Prarie,Manitoba,Corporate,10,48.0,-29.14,0.09
2010-08-28,2010-08-01,Office Supplies,Binders and Binder Accessories,Prarie,Manitoba,Home Office,33,505.08,-56.91,0.01
2010-08-28,2010-08-01,Technology,Telephones and Communication,Prarie,Manitoba,Home Office,4,649.2385,-830.72,0.1
2011-02-14,2011-02-01,Furniture,Chairs & Chairmats,Prarie,Manitoba,Home Office,6,830.28,-382.98,0.0
2011-02-14,2011-02-01,Technology,Telephones and Communication,Prarie,Manitoba,Home Office,45,837.386,104.33,0.03
2009-01-26,2009-01-01,Technology,Computer Peripherals,Prarie,Manitoba,Small Business,10,392.77,-146.2,0.09
2009-01-26,2009-01-01,Furniture,Tables,Prarie,Manitoba,Small Business,24,7332.088,53.79,0.06
2012-04-14,2012-04-01,Technology,Computer Peripherals,Prarie,Manitoba,Home Office,38,1504.22,118.97,0.02
2010-09-26,2010-09-01,Office Supplies,Appliances,Prarie,Manitoba,Home Office,50,745.48,119.12,0.02
2010-09-26,2010-09-01,Technology,Telephones and Communication,Prarie,Manitoba,Home Office,45,3086.5115,1560.96,0.08
2011-07-20,2011-07-01,Office Supplies,Labels,Prarie,Manitoba,Small Business,6,20.19,1.25,0.02
2012-02-29,2012-02-01,Office Supplies,Binders and Binder Accessories,Prarie,Manitoba,Home Office,25,151.75,-66.24,0.04
2012-01-11,2012-01-01,Office Supplies,Envelopes,Prarie,Manitoba,Home Office,42,437.73,205.7,0.01
2012-01-11,2012-01-01,Office Supplies,Storage & Organization,Prarie,Manitoba,Home Office,16,275.01,-87.11,0.0
2011-09-11,2011-09-01,Technology,Telephones and Communication,Prarie,Manitoba,Consumer,10,567.936,-126.09,0.02
2011-04-06,2011-04-01,Office Supplies,"Scissors, Rulers and Trimmers",Prarie,Manitoba,Home Office,23,310.52,33.22,0.01
2009-09-28,2009-09-01,Office Supplies,Appliances,Prarie,Manitoba,Small Business,2,689.74,-490.84,0.06
2012-08-17,2012-08-01,Office Supplies,Appliances,Prarie,Manitoba,Corporate,19,210.4,-18.96,0.07
2010-01-01,2010-01-01,Office Supplies,Binders and Binder Accessories,Prarie,Manitoba,Corporate,42,161.77,-150.37,0.01
2010-01-01,2010-01-01,Furniture,Office Furnishings,Prarie,Manitoba,Corporate,11,447.09,89.03,0.09
2010-01-01,2010-01-01,Technology,Office Machines,Prarie,Manitoba,Corporate,29,4192.88,731.32,0.02
2012-02-17,2012-02-01,Office Supplies,Pens & Art Supplies,Prarie,Manitoba,Corporate,20,59.85,-47.41,0.03
2010-06-19,2010-06-01,Office Supplies,Appliances,Prarie,Manitoba,Corporate,23,1661.04,475.54,0.04
2010-01-25,2010-01-01,Office Supplies,Storage & Organization,Prarie,Manitoba,Consumer,15,494.34,-30.19,0.05
2010-09-14,2010-09-01,Office Supplies,Appliances,Prarie,Manitoba,Consumer,47,2150.25,586.93,0.06
2010-09-14,2010-09-01,Office Supplies,Storage & Organization,Prarie,Manitoba,Consumer,13,448.0,27.2,0.08
2012-08-26,2012-08-01,Technology,Telephones and Communication,Prarie,Manitoba,Corporate,21,3629.1175,636.03,0.06
2012-10-23,2012-10-01,Office Supplies,Paper,Prarie,Manitoba,Corporate,31,146.51,37.14,0.04
2011-10-16,2011-10-01,Office Supplies,Appliances,Prarie,Manitoba,Home Office,30,8316.76,2108.8,0.05
2011-10-16,2011-10-01,Technology,Telephones and Communication,Prarie,Manitoba,Home Office,37,2143.2155,464.36,0.02
2012-01-23,2012-01-01,Technology,Telephones and Communication,Prarie,Manitoba,Small Business,31,2080.035,844.9,0.1
2012-01-23,2012-01-01,Technology,Computer Peripherals,Prarie,Manitoba,Small Business,7,145.42,-98.46,0.09
2012-01-23,2012-01-01,Technology,Telephones and Communication,Prarie,Manitoba,Small Business,11,1559.4355,61.24,0.01
2009-09-19,2009-09-01,Office Supplies,Pens & Art Supplies,Prarie,Manitoba,Corporate,35,787.56,220.04,0.0
2009-12-11,2009-12-01,Furniture,Office Furnishings,Prarie,Manitoba,Corporate,37,565.91,192.39,0.05
2009-12-11,2009-12-01,Furniture,Office Furnishings,Prarie,Manitoba,Corporate,39,593.21,44.71,0.0
2009-12-11,2009-12-01,Office Supplies,Paper,Prarie,Manitoba,Corporate,2,89.23,-42.72,0.02
2010-04-11,2010-04-01,Office Supplies,Paper,Prarie,Manitoba,Consumer,13,98.39,-31.54,0.01
2010-08-04,2010-08-01,Office Supplies,Pens & Art Supplies,Prarie,Manitoba,Corporate,36,65.39,-0.46,0.09
2009-07-27,2009-07-01,Technology,Telephones and Communication,Prarie,Manitoba,Home Office,24,2152.404,218.87,0.1
2011-01-07,2011-01-01,Furniture,Chairs & Chairmats,Prarie,Manitoba,Home Office,39,4669.19,-1864.08,0.06
2011-01-07,2011-01-01,Office Supplies,Pens & Art Supplies,Prarie,Manitoba,Home Office,6,133.4,-0.31,0.02
2009-11-23,2009-11-01,Office Supplies,Binders and Binder Accessories,Prarie,Manitoba,Corporate,35,2393.63,524.88,0.04
2009-11-23,2009-11-01,Furniture,Bookcases,Prarie,Manitoba,Corporate,49,6177.53,-1195.12,0.1
2009-11-23,2009-11-01,Office Supplies,Pens & Art Supplies,Prarie,Manitoba,Corporate,33,94.6,-6.34,0.04
2009-05-17,2009-05-01,Office Supplies,Pens & Art Supplies,Prarie,Manitoba,Corporate,7,20.5,-4.04,0.06
2011-11-26,2011-11-01,Office Supplies,Binders and Binder Accessories,Prarie,Manitoba,Consumer,16,76.6,-48.51,0.01
2012-09-16,2012-09-01,Office Supplies,Appliances,Prarie,Manitoba,Corporate,40,221.86,-1845.66,0.09
2012-09-16,2012-09-01,Office Supplies,Labels,Prarie,Manitoba,Corporate,25,78.26,35.09,0.04
2009-09-30,2009-09-01,Office Supplies,Pens & Art Supplies,Prarie,Manitoba,Corporate,47,992.95,-65.21,0.04
2009-03-28,2009-03-01,Office Supplies,Paper,Prarie,Manitoba,Small Business,42,294.78,-113.45,0.05
2012-09-12,2012-09-01,Office Supplies,Paper,Prarie,Manitoba,Corporate,45,282.71,-141.44,0.09
2012-09-12,2012-09-01,Office Supplies,Appliances,Prarie,Manitoba,Corporate,48,724.13,-250.53,0.01
2012-09-12,2012-09-01,Furniture,Office Furnishings,Prarie,Manitoba,Corporate,15,294.66,86.33,0.07
2010-01-09,2010-01-01,Technology,Office Machines,Prarie,Manitoba,Consumer,32,16172.44,7176.12,0.03
2011-11-01,2011-11-01,Furniture,Chairs & Chairmats,Prarie,Manitoba,Consumer,36,4733.7,624.36,0.0
2011-11-01,2011-11-01,Furniture,Office Furnishings,Prarie,Manitoba,Consumer,14,2718.07,1107.53,0.1
2012-08-15,2012-08-01,Office Supplies,Binders and Binder Accessories,Prarie,Manitoba,Corporate,17,198.78,-28.35,0.02
2012-08-15,2012-08-01,Furniture,Office Furnishings,Prarie,Manitoba,Corporate,50,281.58,-161.56,0.09
2011-05-03,2011-05-01,Office Supplies,Binders and Binder Accessories,Prarie,Manitoba,Consumer,4,2206.17,251.43,0.02
2011-05-03,2011-05-01,Office Supplies,Binders and Binder Accessories,Prarie,Manitoba,Consumer,40,621.12,190.53,0.1
2011-05-03,2011-05-01,Technology,Computer Peripherals,Prarie,Manitoba,Consumer,31,175.92,-93.41,0.09
2009-04-06,2009-04-01,Office Supplies,Storage & Organization,Prarie,Manitoba,Corporate,27,384.74,2.69,0.01
2009-12-29,2009-12-01,Office Supplies,Pens & Art Supplies,Prarie,Manitoba,Small Business,24,133.94,45.0,0.08
2009-12-29,2009-12-01,Technology,Telephones and Communication,Prarie,Manitoba,Small Business,29,5433.0895,1365.28,0.0
2009-08-14,2009-08-01,Office Supplies,"Scissors, Rulers and Trimmers",Prarie,Manitoba,Home Office,43,92.63,-70.8,0.05
2010-08-15,2010-08-01,Furniture,Bookcases,Prarie,Manitoba,Corporate,23,21062.91,5713.53,0.01
2009-01-06,2009-01-01,Office Supplies,Binders and Binder Accessories,Prarie,Manitoba,Consumer,1,22.13,-2.39,0.07
2009-01-06,2009-01-01,Furniture,Office Furnishings,Prarie,Manitoba,Consumer,19,129.84,2.39,0.05
2010-05-29,2010-05-01,Technology,Telephones and Communication,Prarie,Manitoba,Corporate,43,3681.7495,1196.44,0.01
2010-09-30,2010-09-01,Office Supplies,Envelopes,Prarie,Manitoba,Small Business,36,2300.45,624.64,0.02
2010-09-30,2010-09-01,Office Supplies,Pens & Art Supplies,Prarie,Manitoba,Small Business,46,548.11,124.24,0.04
2012-02-27,2012-02-01,Office Supplies,Paper,Prarie,Manitoba,Consumer,32,1425.06,597.31,0.1
2012-01-12,2012-01-01,Office Supplies,Binders and Binder Accessories,Prarie,Manitoba,Corporate,3,31.35,-14.62,0.03
2009-06-03,2009-06-01,Furniture,Tables,Prarie,Manitoba,Small Business,46,11057.6,183.9,0.08
2011-05-12,2011-05-01,Furniture,Chairs & Chairmats,Prarie,Manitoba,Home Office,44,10445.95,1069.61,0.07
2012-05-13,2012-05-01,Office Supplies,Binders and Binder Accessories,Prarie,Manitoba,Consumer,15,66.33,-47.23,0.03
2012-06-20,2012-06-01,Technology,Telephones and Communication,Prarie,Manitoba,Home Office,28,197.574,-90.84,0.05
2010-05-05,2010-05-01,Furniture,Bookcases,Prarie,Manitoba,Small Business,37,4935.72,-698.09,0.07
2011-03-22,2011-03-01,Office Supplies,Envelopes,Prarie,Manitoba,Consumer,12,151.49,-3.95,0.0
2011-03-22,2011-03-01,Office Supplies,Appliances,Prarie,Manitoba,Consumer,37,308.22,-215.57,0.0
2009-04-09,2009-04-01,Office Supplies,Appliances,Prarie,Manitoba,Consumer,8,85.85,-327.65,0.03
2009-04-09,2009-04-01,Furniture,Chairs & Chairmats,Prarie,Manitoba,Consumer,41,14377.78,4161.98,0.06
2009-04-09,2009-04-01,Technology,Computer Peripherals,Prarie,Manitoba,Consumer,26,994.27,-127.11,0.09
2009-04-09,2009-04-01,Furniture,Tables,Prarie,Manitoba,Consumer,29,9558.65,2154.07,0.09
2011-05-28,2011-05-01,Office Supplies,Labels,Prarie,Manitoba,Corporate,41,172.15,86.78,0.02
2011-06-02,2011-06-01,Technology,Telephones and Communication,Prarie,Manitoba,Corporate,13,772.2675,-48.85,0.02
2010-01-03,2010-01-01,Office Supplies,Appliances,Prarie,Manitoba,Consumer,37,1767.88,66.47,0.07
2010-01-03,2010-01-01,Technology,Computer Peripherals,Prarie,Manitoba,Consumer,12,277.42,49.82,0.01
2010-01-03,2010-01-01,Office Supplies,Storage & Organization,Prarie,Manitoba,Consumer,13,178.13,-19.75,0.04
2011-10-16,2011-10-01,Technology,Computer Peripherals,Prarie,Manitoba,Small Business,17,2637.78,-0.84,0.04
2011-10-16,2011-10-01,Office Supplies,Paper,Prarie,Manitoba,Small Business,29,157.4,-118.56,0.01
2010-08-20,2010-08-01,Technology,Telephones and Communication,Prarie,Manitoba,Home Office,43,292.808,-129.69,0.05
2012-05-18,2012-05-01,Furniture,Chairs & Chairmats,Prarie,Manitoba,Home Office,43,1160.55,-179.17,0.05
2011-08-08,2011-08-01,Office Supplies,"Scissors, Rulers and Trimmers",Prarie,Manitoba,Consumer,35,106.06,-59.74,0.08
2012-03-22,2012-03-01,Technology,Computer Peripherals,Prarie,Manitoba,Consumer,7,131.61,-7.3,0.01
2009-06-19,2009-06-01,Furniture,Chairs & Chairmats,Prarie,Manitoba,Corporate,36,10122.72,-381.16,0.07
2009-06-19,2009-06-01,Office Supplies,Paper,Prarie,Manitoba,Corporate,39,203.6,-166.44,0.0
2009-06-19,2009-06-01,Office Supplies,Pens & Art Supplies,Prarie,Manitoba,Corporate,30,115.81,22.06,0.1
2010-08-07,2010-08-01,Furniture,Office Furnishings,Prarie,Manitoba,Home Office,49,1058.43,245.0,0.02
2009-01-17,2009-01-01,Office Supplies,Envelopes,Prarie,Manitoba,Corporate,3,299.08,-50.43,0.03
2009-01-17,2009-01-01,Office Supplies,Paper,Prarie,Manitoba,Corporate,26,566.39,76.43,0.06
2009-01-27,2009-01-01,Technology,Telephones and Communication,Prarie,Manitoba,Consumer,4,377.213,-411.65,0.02
2011-06-30,2011-06-01,Office Supplies,Binders and Binder Accessories,Prarie,Manitoba,Corporate,15,140.07,-21.85,0.04
2012-08-01,2012-08-01,Office Supplies,Paper,Prarie,Manitoba,Small Business,5,39.68,-6.71,0.09
2012-08-01,2012-08-01,Technology,Telephones and Communication,Prarie,Manitoba,Small Business,8,1273.266,-615.67,0.1
2011-09-12,2011-09-01,Office Supplies,"Scissors, Rulers and Trimmers",Prarie,Manitoba,Consumer,22,351.27,-37.22,0.08
2010-11-09,2010-11-01,Office Supplies,Paper,Prarie,Manitoba,Consumer,9,49.89,-30.84,0.06
2010-11-09,2010-11-01,Technology,Telephones and Communication,Prarie,Manitoba,Consumer,25,1831.529,-139.98,0.0
2010-06-02,2010-06-01,Technology,Office Machines,Prarie,Manitoba,Consumer,32,599.52,25.14,0.04
2010-06-02,2010-06-01,Office Supplies,Storage & Organization,Prarie,Manitoba,Consumer,25,10330.94,2914.56,0.07
2010-04-19,2010-04-01,Furniture,Bookcases,Prarie,Manitoba,Small Business,26,3662.16,-372.82,0.01
2010-04-19,2010-04-01,Office Supplies,Storage & Organization,Prarie,Manitoba,Small Business,21,329.37,-53.57,0.04
2010-08-04,2010-08-01,Office Supplies,Binders and Binder Accessories,Prarie,Manitoba,Home Office,14,1676.44,607.5,0.02
2010-08-04,2010-08-01,Furniture,Bookcases,Prarie,Manitoba,Home Office,14,1406.07,-701.91,0.1
2010-08-04,2010-08-01,Office Supplies,Storage & Organization,Prarie,Manitoba,Home Office,30,1771.67,338.95,0.09
2011-03-11,2011-03-01,Technology,Computer Peripherals,Prarie,Manitoba,Corporate,6,127.49,-57.95,0.08
2009-09-25,2009-09-01,Technology,Telephones and Communication,Prarie,Manitoba,Consumer,2,63.427,-191.79,0.07
2010-05-23,2010-05-01,Technology,Computer Peripherals,Prarie,Manitoba,Consumer,31,259.59,34.79,0.06
2010-05-23,2010-05-01,Office Supplies,Rubber Bands,Prarie,Manitoba,Consumer,16,34.93,-0.05,0.04
2010-05-23,2010-05-01,Office Supplies,Storage & Organization,Prarie,Manitoba,Consumer,33,431.06,-26.78,0.02
2010-06-21,2010-06-01,Office Supplies,Binders and Binder Accessories,Prarie,Manitoba,Corporate,8,55.0,-23.62,0.05
2010-06-21,2010-06-01,Office Supplies,Envelopes,Prarie,Manitoba,Corporate,7,51.66,7.4,0.06
2010-06-21,2010-06-01,Office Supplies,Labels,Prarie,Manitoba,Corporate,37,107.73,39.81,0.08
2009-11-18,2009-11-01,Technology,Computer Peripherals,Prarie,Manitoba,Consumer,4,174.55,-114.39,0.05
2009-02-04,2009-02-01,Office Supplies,Binders and Binder Accessories,Prarie,Manitoba,Home Office,32,74.34,-166.55,0.05
2009-02-04,2009-02-01,Office Supplies,Paper,Prarie,Manitoba,Home Office,35,228.8,-99.08,0.03
2009-02-04,2009-02-01,Furniture,Tables,Prarie,Manitoba,Home Office,43,6089.05,-2110.56,0.08
2011-06-24,2011-06-01,Office Supplies,Paper,Prarie,Manitoba,Consumer,44,839.7,211.79,0.07
2011-06-24,2011-06-01,Office Supplies,Pens & Art Supplies,Prarie,Manitoba,Consumer,46,1662.5,289.02,0.01
2010-07-18,2010-07-01,Technology,Computer Peripherals,Prarie,Manitoba,Corporate,46,745.99,226.09,0.02
2011-09-27,2011-09-01,Technology,Telephones and Communication,Prarie,Manitoba,Corporate,6,473.9855,-301.68,0.06
2009-10-04,2009-10-01,Furniture,Office Furnishings,Prarie,Manitoba,Consumer,24,1548.43,622.89,0.02
2009-10-04,2009-10-01,Technology,Computer Peripherals,Prarie,Manitoba,Consumer,10,54.84,-56.3,0.01
2010-03-12,2010-03-01,Technology,Telephones and Communication,Prarie,Manitoba,Consumer,21,2185.9535,268.01,0.1
2010-03-12,2010-03-01,Technology,Telephones and Communication,Prarie,Manitoba,Consumer,12,1323.5435,-34.73,0.0
2009-01-31,2009-01-01,Office Supplies,Paper,Prarie,Manitoba,Corporate,36,257.91,90.86,0.0
2012-08-07,2012-08-01,Office Supplies,Storage & Organization,Prarie,Manitoba,Corporate,38,6216.6,1082.21,0.02
2010-09-17,2010-09-01,Technology,Computer Peripherals,Prarie,Manitoba,Consumer,26,765.96,240.06,0.1
2012-12-04,2012-12-01,Furniture,Bookcases,Prarie,Manitoba,Corporate,1,102.9,-81.89,0.07
2010-09-27,2010-09-01,Technology,Office Machines,Prarie,Manitoba,Corporate,8,2174.96,-223.89,0.05
2012-12-24,2012-12-01,Office Supplies,Binders and Binder Accessories,Prarie,Manitoba,Corporate,7,51.03,-21.38,0.09
2012-07-15,2012-07-01,Office Supplies,Pens & Art Supplies,Prarie,Manitoba,Corporate,22,426.7,104.77,0.06
2009-05-28,2009-05-01,Office Supplies,Storage & Organization,Prarie,Manitoba,Consumer,30,550.29,-82.5,0.03
2011-01-01,2011-01-01,Office Supplies,Paper,Prarie,Manitoba,Consumer,11,62.84,9.53,0.06
2009-10-01,2009-10-01,Office Supplies,Storage & Organization,Prarie,Manitoba,Corporate,50,7156.56,1871.26,0.03
2009-11-08,2009-11-01,Furniture,Chairs & Chairmats,Prarie,Manitoba,Small Business,29,6481.95,846.23,0.09
2012-11-22,2012-11-01,Office Supplies,Paper,Prarie,Manitoba,Corporate,49,2469.15,1244.81,0.04
2010-10-23,2010-10-01,Office Supplies,Binders and Binder Accessories,Prarie,Manitoba,Consumer,33,463.42,14.2,0.08
2011-01-21,2011-01-01,Furniture,Chairs & Chairmats,Prarie,Manitoba,Consumer,4,997.0,-307.96,0.09
2012-02-06,2012-02-01,Technology,Telephones and Communication,Prarie,Manitoba,Home Office,43,2357.9085,538.49,0.06
2011-01-01,2011-01-01,Office Supplies,Paper,Prarie,Manitoba,Home Office,15,72.67,-62.37,0.04
2012-06-27,2012-06-01,Office Supplies,Pens & Art Supplies,Prarie,Manitoba,Corporate,50,99.08,11.28,0.01
2012-09-30,2012-09-01,Office Supplies,"Scissors, Rulers and Trimmers",Prarie,Manitoba,Corporate,2,25.72,-15.5,0.04
2012-05-22,2012-05-01,Office Supplies,Paper,Prarie,Manitoba,Consumer,43,319.96,123.15,0.01
2012-12-16,2012-12-01,Office Supplies,Paper,Prarie,Manitoba,Consumer,32,204.21,-204.81,0.04
2010-01-17,2010-01-01,Office Supplies,Pens & Art Supplies,Prarie,Manitoba,Home Office,33,223.88,55.21,0.03
2011-06-24,2011-06-01,Furniture,Chairs & Chairmats,Prarie,Manitoba,Home Office,5,131.27,-70.43,0.1
2011-06-24,2011-06-01,Technology,Copiers and Fax,Prarie,Manitoba,Home Office,29,13571.7,3825.69,0.0
2009-12-16,2009-12-01,Office Supplies,Paper,Prarie,Manitoba,Corporate,10,78.72,-22.36,0.1
2012-09-23,2012-09-01,Office Supplies,Binders and Binder Accessories,Prarie,Manitoba,Consumer,21,788.85,317.53,0.06
2012-09-23,2012-09-01,Office Supplies,Paper,Prarie,Manitoba,Consumer,43,364.59,-14.28,0.07
2011-10-30,2011-10-01,Office Supplies,Rubber Bands,Prarie,Manitoba,Corporate,26,66.6,13.99,0.08
2011-10-30,2011-10-01,Office Supplies,Storage & Organization,Prarie,Manitoba,Corporate,9,312.25,15.56,0.05
2012-11-01,2012-11-01,Office Supplies,"Scissors, Rulers and Trimmers",Prarie,Manitoba,Home Office,36,70.63,-66.87,0.1
2012-06-24,2012-06-01,Technology,Office Machines,Prarie,Manitoba,Consumer,6,89.75,-38.29,0.03
2010-03-14,2010-03-01,Office Supplies,Appliances,Prarie,Manitoba,Consumer,41,478.38,-34.39,0.09
2009-09-26,2009-09-01,Furniture,Office Furnishings,Prarie,Manitoba,Corporate,6,247.15,-88.35,0.07
2010-02-11,2010-02-01,Technology,Office Machines,Prarie,Manitoba,Small Business,30,314.93,-17.5,0.0
2010-02-11,2010-02-01,Technology,Computer Peripherals,Prarie,Manitoba,Small Business,25,726.82,-173.88,0.1
2009-06-30,2009-06-01,Office Supplies,Labels,Prarie,Manitoba,Corporate,44,115.24,43.23,0.03
2009-06-30,2009-06-01,Furniture,Tables,Prarie,Manitoba,Corporate,28,9601.94,2428.59,0.08
2009-03-04,2009-03-01,Technology,Telephones and Communication,Prarie,Manitoba,Corporate,6,973.862,-693.33,0.1
2010-10-06,2010-10-01,Technology,Computer Peripherals,Prarie,Manitoba,Home Office,35,1624.67,504.35,0.04
2009-10-30,2009-10-01,Office Supplies,Rubber Bands,Prarie,Manitoba,Home Office,47,116.06,25.2,0.1
2010-09-18,2010-09-01,Office Supplies,Pens & Art Supplies,Prarie,Manitoba,Consumer,10,39.42,7.78,0.06
2010-09-18,2010-09-01,Technology,Computer Peripherals,Prarie,Manitoba,Consumer,35,801.44,308.12,0.01
2010-09-18,2010-09-01,Furniture,Office Furnishings,Prarie,Manitoba,Consumer,22,1194.06,326.97,0.04
2011-04-15,2011-04-01,Office Supplies,Pens & Art Supplies,Prarie,Manitoba,Consumer,49,377.02,84.66,0.0
2011-04-15,2011-04-01,Furniture,Tables,Prarie,Manitoba,Consumer,48,7339.24,-279.74,0.0
2011-07-13,2011-07-01,Office Supplies,Binders and Binder Accessories,Prarie,Manitoba,Home Office,38,137.07,-199.3,0.09
2011-07-13,2011-07-01,Office Supplies,Paper,Prarie,Manitoba,Home Office,28,203.99,-8.51,0.02
2009-12-25,2009-12-01,Furniture,Bookcases,Prarie,Manitoba,Consumer,48,2962.96,-612.94,0.02
2009-12-25,2009-12-01,Office Supplies,Envelopes,Prarie,Manitoba,Consumer,48,782.93,401.07,0.03
2011-04-15,2011-04-01,Office Supplies,Pens & Art Supplies,Prarie,Manitoba,Corporate,17,34.16,-2.29,0.09
2009-08-18,2009-08-01,Technology,Computer Peripherals,Prarie,Manitoba,Home Office,5,244.9,-135.4,0.06
2011-02-01,2011-02-01,Technology,Telephones and Communication,Prarie,Manitoba,Consumer,2,125.273,-301.91,0.02
2011-12-30,2011-12-01,Office Supplies,Paper,Prarie,Manitoba,Corporate,39,209.33,-160.71,0.01
2012-03-09,2012-03-01,Office Supplies,Paper,Prarie,Manitoba,Home Office,41,265.61,-147.82,0.1
2012-03-09,2012-03-01,Office Supplies,Storage & Organization,Prarie,Manitoba,Home Office,27,485.03,-88.02,0.07
2011-12-15,2011-12-01,Furniture,Chairs & Chairmats,Prarie,Manitoba,Small Business,21,2039.33,-862.44,0.08
2009-01-18,2009-01-01,Office Supplies,Binders and Binder Accessories,Prarie,Manitoba,Corporate,50,2842.54,1315.75,0.05
2011-11-25,2011-11-01,Office Supplies,Pens & Art Supplies,Prarie,Manitoba,Consumer,24,40.24,-3.73,0.1
2009-07-17,2009-07-01,Office Supplies,Labels,Prarie,Manitoba,Consumer,21,98.77,41.33,0.07
2010-07-20,2010-07-01,Office Supplies,Binders and Binder Accessories,Prarie,Manitoba,Consumer,21,173.7,-31.59,0.02
2010-07-20,2010-07-01,Office Supplies,Binders and Binder Accessories,Prarie,Manitoba,Consumer,5,1811.25,203.44,0.08
2010-07-20,2010-07-01,Furniture,Tables,Prarie,Manitoba,Consumer,10,2642.95,-474.49,0.08
2010-04-16,2010-04-01,Technology,Computer Peripherals,Prarie,Manitoba,Home Office,15,614.15,-54.37,0.03
2010-04-16,2010-04-01,Office Supplies,Labels,Prarie,Manitoba,Home Office,31,154.24,68.88,0.03
2010-04-16,2010-04-01,Office Supplies,Paper,Prarie,Manitoba,Home Office,20,140.31,-94.11,0.06
2011-03-13,2011-03-01,Office Supplies,Appliances,Prarie,Manitoba,Home Office,20,1460.42,-441.44,0.04
2011-03-13,2011-03-01,Technology,Telephones and Communication,Prarie,Manitoba,Home Office,42,6659.7415,1647.75,0.05
2012-11-27,2012-11-01,Technology,Telephones and Communication,Prarie,Manitoba,Consumer,45,2601.7905,748.2,0.02
2011-01-02,2011-01-01,Furniture,Office Furnishings,Prarie,Manitoba,Consumer,50,1227.18,-252.53,0.0
2012-04-13,2012-04-01,Furniture,Bookcases,Prarie,Manitoba,Home Office,30,4278.61,-955.56,0.07
2009-08-22,2009-08-01,Office Supplies,Paper,Prarie,Manitoba,Small Business,1,10.94,-4.35,0.08
2009-08-22,2009-08-01,Furniture,Tables,Prarie,Manitoba,Small Business,12,1755.3,-7.01,0.04
2011-03-26,2011-03-01,Office Supplies,Labels,Prarie,Manitoba,Consumer,44,205.11,95.52,0.06
2011-03-26,2011-03-01,Office Supplies,Storage & Organization,Prarie,Manitoba,Consumer,21,3981.23,294.94,0.07
2011-03-26,2011-03-01,Technology,Telephones and Communication,Prarie,Manitoba,Consumer,20,2458.2425,110.54,0.1
2012-02-06,2012-02-01,Furniture,Tables,Prarie,Manitoba,Corporate,46,11036.16,1187.8,0.05
2009-05-07,2009-05-01,Office Supplies,Paper,Prarie,Manitoba,Consumer,18,115.71,-91.61,0.08
2009-01-26,2009-01-01,Technology,Office Machines,Prarie,Manitoba,Corporate,31,4587.3,1771.15,0.08
2009-01-26,2009-01-01,Furniture,Chairs & Chairmats,Prarie,Manitoba,Corporate,15,403.71,-97.47,0.03
2009-01-26,2009-01-01,Office Supplies,Storage & Organization,Prarie,Manitoba,Corporate,39,1243.45,-1212.55,0.1
2012-03-19,2012-03-01,Office Supplies,Envelopes,Prarie,Manitoba,Consumer,46,175.23,-13.35,0.04
2010-05-26,2010-05-01,Office Supplies,Paper,Prarie,Manitoba,Consumer,43,224.58,46.31,0.03
2012-05-09,2012-05-01,Office Supplies,Appliances,Prarie,Manitoba,Small Business,6,343.36,-41.27,0.08
2012-05-09,2012-05-01,Technology,Telephones and Communication,Prarie,Manitoba,Small Business,7,309.2215,-68.3,0.09
2010-12-03,2010-12-01,Office Supplies,Appliances,Prarie,Manitoba,Home Office,30,2477.99,747.68,0.0
2010-12-03,2010-12-01,Office Supplies,Pens & Art Supplies,Prarie,Manitoba,Home Office,23,48.83,1.0,0.06
2009-01-13,2009-01-01,Office Supplies,Paper,Prarie,Manitoba,Consumer,50,297.76,-111.34,0.07
2009-01-05,2009-01-01,Office Supplies,Storage & Organization,Prarie,Manitoba,Corporate,43,257.41,-131.08,0.09
2010-11-23,2010-11-01,Office Supplies,"Scissors, Rulers and Trimmers",Prarie,Manitoba,Small Business,35,241.43,-65.8,0.01
2011-11-19,2011-11-01,Office Supplies,Paper,Prarie,Manitoba,Home Office,14,94.32,-66.87,0.06
2011-11-19,2011-11-01,Technology,Telephones and Communication,Prarie,Manitoba,Home Office,30,554.4295,34.01,0.03
2009-11-07,2009-11-01,Office Supplies,Labels,Prarie,Manitoba,Small Business,45,153.27,60.29,0.08
2011-04-21,2011-04-01,Office Supplies,Envelopes,Prarie,Manitoba,Small Business,47,671.78,297.23,0.1
2011-04-21,2011-04-01,Furniture,Office Furnishings,Prarie,Manitoba,Small Business,12,262.09,58.69,0.01
2012-09-29,2012-09-01,Office Supplies,Binders and Binder Accessories,Prarie,Manitoba,Home Office,28,1107.64,333.17,0.06
2011-09-19,2011-09-01,Office Supplies,Paper,Prarie,Manitoba,Small Business,25,1119.91,434.71,0.08
2012-12-10,2012-12-01,Office Supplies,Appliances,Prarie,Manitoba,Home Office,12,3534.56,763.32,0.03
2012-12-10,2012-12-01,Office Supplies,Paper,Prarie,Manitoba,Home Office,32,155.27,-151.55,0.1
2009-02-05,2009-02-01,Office Supplies,Paper,Prarie,Manitoba,Home Office,29,221.33,77.33,0.0
2011-05-20,2011-05-01,Office Supplies,Binders and Binder Accessories,Prarie,Manitoba,Corporate,25,74.07,4.37,0.04
2011-05-20,2011-05-01,Technology,Telephones and Communication,Prarie,Manitoba,Corporate,29,1529.0565,201.73,0.06
2009-05-12,2009-05-01,Furniture,Chairs & Chairmats,Prarie,Manitoba,Corporate,7,855.03,-1.68,0.08
2009-05-12,2009-05-01,Technology,Computer Peripherals,Prarie,Manitoba,Corporate,31,196.58,-102.16,0.04
2011-10-26,2011-10-01,Office Supplies,Labels,Prarie,Manitoba,Corporate,19,75.19,-93.67,0.05
2011-09-02,2011-09-01,Technology,Copiers and Fax,Prarie,Manitoba,Corporate,10,6350.29,-735.97,0.02
2011-07-07,2011-07-01,Technology,Telephones and Communication,Prarie,Manitoba,Consumer,23,1028.16,405.16,0.07
2012-07-11,2012-07-01,Office Supplies,Envelopes,Prarie,Manitoba,Small Business,5,346.23,8.46,0.0
2009-11-04,2009-11-01,Technology,Computer Peripherals,Prarie,Manitoba,Consumer,22,249.24,-92.1,0.06
2009-10-31,2009-10-01,Office Supplies,Storage & Organization,Prarie,Manitoba,Consumer,9,133.85,-5.28,0.03
2009-10-19,2009-10-01,Technology,Computer Peripherals,Prarie,Manitoba,Consumer,50,7827.51,2992.8,0.05
2011-02-28,2011-02-01,Office Supplies,Paper,Prarie,Manitoba,Small Business,13,70.13,21.51,0.02
2011-02-28,2011-02-01,Office Supplies,"Scissors, Rulers and Trimmers",Prarie,Manitoba,Small Business,5,59.76,-10.34,0.04
2010-08-28,2010-08-01,Technology,Computer Peripherals,Prarie,Manitoba,Consumer,6,195.75,-31.24,0.02
2010-04-30,2010-04-01,Office Supplies,Appliances,Prarie,Manitoba,Corporate,3,185.16,-49.34,0.02
2010-04-30,2010-04-01,Technology,Computer Peripherals,Prarie,Manitoba,Corporate,22,5144.94,729.06,0.09
2010-04-30,2010-04-01,Technology,Telephones and Communication,Prarie,Manitoba,Corporate,46,1397.383,-135.86,0.01
2010-01-03,2010-01-01,Office Supplies,Paper,Prarie,Manitoba,Consumer,43,287.61,-101.5,0.02
2010-01-03,2010-01-01,Office Supplies,Pens & Art Supplies,Prarie,Manitoba,Consumer,23,128.52,42.8,0.06
2010-01-03,2010-01-01,Office Supplies,Storage & Organization,Prarie,Manitoba,Consumer,41,1011.67,-74.64,0.04
2009-03-31,2009-03-01,Office Supplies,Pens & Art Supplies,Prarie,Manitoba,Consumer,18,31.13,-0.81,0.06
2012-06-28,2012-06-01,Furniture,Tables,Prarie,Manitoba,Home Office,26,7201.89,-650.11,0.09
2011-06-13,2011-06-01,Furniture,Chairs & Chairmats,Prarie,Manitoba,Corporate,12,3156.6,454.26,0.1
2011-06-13,2011-06-01,Office Supplies,Paper,Prarie,Manitoba,Corporate,47,302.69,125.65,0.05
2012-08-12,2012-08-01,Office Supplies,Paper,Prarie,Manitoba,Corporate,50,2040.39,221.09,0.07
2010-04-09,2010-04-01,Technology,Telephones and Communication,Prarie,Manitoba,Consumer,15,272.8925,19.61,0.01
2012-10-05,2012-10-01,Office Supplies,Labels,Prarie,Manitoba,Small Business,41,123.11,48.93,0.06
2011-07-27,2011-07-01,Office Supplies,Paper,Prarie,Manitoba,Small Business,16,41.52,-85.17,0.06
2012-05-12,2012-05-01,Office Supplies,Storage & Organization,Prarie,Manitoba,Consumer,28,5320.57,534.29,0.02
2012-11-19,2012-11-01,Furniture,Chairs & Chairmats,Prarie,Manitoba,Consumer,26,3227.38,192.31,0.05
2012-11-19,2012-11-01,Office Supplies,Pens & Art Supplies,Prarie,Manitoba,Consumer,48,134.52,-6.04,0.03
2009-02-10,2009-02-01,Technology,Office Machines,Prarie,Manitoba,Corporate,7,104.46,-36.77,0.01
2009-10-17,2009-10-01,Furniture,Office Furnishings,Prarie,Manitoba,Home Office,8,112.47,46.74,0.0
2012-01-04,2012-01-01,Furniture,Office Furnishings,Prarie,Manitoba,Home Office,38,3531.75,572.26,0.0
2012-01-04,2012-01-01,Technology,Office Machines,Prarie,Manitoba,Home Office,5,500.5,-153.31,0.02
2012-09-09,2012-09-01,Office Supplies,Paper,Prarie,Manitoba,Consumer,12,86.69,-43.48,0.0
2010-07-16,2010-07-01,Technology,Computer Peripherals,Prarie,Manitoba,Corporate,9,157.26,-18.84,0.06
2009-10-29,2009-10-01,Technology,Telephones and Communication,Prarie,Manitoba,Small Business,6,187.6375,-190.03,0.03
2011-11-19,2011-11-01,Office Supplies,Paper,Prarie,Manitoba,Consumer,17,114.94,-102.24,0.09
2010-10-08,2010-10-01,Office Supplies,Appliances,Prarie,Manitoba,Consumer,8,85.36,-23.82,0.09
2011-11-18,2011-11-01,Technology,Computer Peripherals,Prarie,Manitoba,Consumer,32,671.75,-56.83,0.07
2011-11-18,2011-11-01,Furniture,Tables,Prarie,Manitoba,Consumer,27,9541.04,348.84,0.06
2012-01-26,2012-01-01,Technology,Office Machines,Prarie,Manitoba,Home Office,4,1035.2,-668.06,0.08
2012-01-26,2012-01-01,Office Supplies,Pens & Art Supplies,Prarie,Manitoba,Home Office,43,74.17,-13.4,0.01
2010-01-06,2010-01-01,Office Supplies,Binders and Binder Accessories,Prarie,Manitoba,Small Business,25,113.8,-84.08,0.07
2010-01-06,2010-01-01,Furniture,Office Furnishings,Prarie,Manitoba,Small Business,29,480.13,53.67,0.04
2012-01-19,2012-01-01,Office Supplies,Storage & Organization,Prarie,Manitoba,Small Business,5,66.92,-23.29,0.01
2012-09-18,2012-09-01,Office Supplies,Paper,Prarie,Manitoba,Home Office,24,161.87,-31.27,0.04
2010-08-13,2010-08-01,Office Supplies,Pens & Art Supplies,Prarie,Manitoba,Corporate,26,45.38,-1.97,0.07
2010-08-13,2010-08-01,Technology,Telephones and Communication,Prarie,Manitoba,Corporate,9,163.3105,-105.09,0.02
2009-08-28,2009-08-01,Furniture,Office Furnishings,Prarie,Manitoba,Consumer,9,123.92,45.83,0.09
2011-10-11,2011-10-01,Furniture,Office Furnishings,Prarie,Manitoba,Consumer,1,7.15,-2.55,0.03
2012-11-24,2012-11-01,Furniture,Office Furnishings,Prarie,Manitoba,Small Business,35,192.21,-61.36,0.07
2012-04-27,2012-04-01,Office Supplies,Pens & Art Supplies,Prarie,Manitoba,Home Office,50,207.54,24.21,0.03
2012-04-27,2012-04-01,Office Supplies,Pens & Art Supplies,Prarie,Manitoba,Home Office,4,17.33,-16.58,0.06
2011-02-22,2011-02-01,Furniture,Office Furnishings,Prarie,Manitoba,Small Business,18,92.77,-17.91,0.06
2010-04-29,2010-04-01,Office Supplies,Paper,Prarie,Manitoba,Home Office,18,130.16,28.87,0.0
2012-12-24,2012-12-01,Office Supplies,Pens & Art Supplies,Prarie,Manitoba,Corporate,25,92.53,-71.52,0.01
2012-12-24,2012-12-01,Technology,Telephones and Communication,Prarie,Manitoba,Corporate,17,988.6435,89.89,0.04
2010-07-31,2010-07-01,Office Supplies,Envelopes,Prarie,Manitoba,Consumer,41,1484.89,220.99,0.03
2009-04-07,2009-04-01,Office Supplies,Labels,Prarie,Manitoba,Home Office,20,244.39,114.1,0.08
2009-04-07,2009-04-01,Office Supplies,Storage & Organization,Prarie,Manitoba,Home Office,3,581.42,-129.97,0.02
2009-03-10,2009-03-01,Office Supplies,Paper,Prarie,Manitoba,Consumer,36,175.35,-174.18,0.1
2009-03-10,2009-03-01,Office Supplies,Paper,Prarie,Manitoba,Consumer,25,590.6,117.73,0.0
2009-02-15,2009-02-01,Office Supplies,Envelopes,Prarie,Manitoba,Small Business,4,47.12,10.8,0.09
2009-02-15,2009-02-01,Office Supplies,Paper,Prarie,Manitoba,Small Business,3,62.89,-23.2,0.09
2012-04-02,2012-04-01,Office Supplies,Storage & Organization,Prarie,Manitoba,Small Business,44,565.01,-10.33,0.1
2010-11-29,2010-11-01,Office Supplies,Binders and Binder Accessories,Prarie,Manitoba,Small Business,4,125.78,8.43,0.02
2010-11-29,2010-11-01,Furniture,Chairs & Chairmats,Prarie,Manitoba,Small Business,16,577.0,-112.88,0.04
2010-11-29,2010-11-01,Technology,Office Machines,Prarie,Manitoba,Small Business,2,24.53,-28.14,0.04
2009-06-01,2009-06-01,Office Supplies,Binders and Binder Accessories,Prarie,Manitoba,Corporate,11,48.75,3.5,0.08
2009-06-01,2009-06-01,Office Supplies,"Scissors, Rulers and Trimmers",Prarie,Manitoba,Corporate,30,112.6,-25.99,0.04
2012-12-02,2012-12-01,Technology,Computer Peripherals,Prarie,Manitoba,Small Business,4,423.95,-263.95,0.0
2011-11-18,2011-11-01,Furniture,Office Furnishings,Prarie,Manitoba,Home Office,48,620.23,115.24,0.06
2009-02-04,2009-02-01,Office Supplies,Binders and Binder Accessories,Prarie,Manitoba,Consumer,9,118.66,32.68,0.05
2009-02-04,2009-02-01,Office Supplies,Rubber Bands,Prarie,Manitoba,Consumer,36,213.74,-32.15,0.06
2011-08-05,2011-08-01,Office Supplies,Binders and Binder Accessories,Prarie,Manitoba,Corporate,42,6427.18,2097.1,0.09
2011-08-05,2011-08-01,Furniture,Tables,Prarie,Manitoba,Corporate,13,1330.73,-450.1,0.06
2009-04-21,2009-04-01,Office Supplies,Appliances,Prarie,Manitoba,Corporate,21,7841.57,2347.18,0.05
2009-04-21,2009-04-01,Furniture,Office Furnishings,Prarie,Manitoba,Corporate,21,156.31,-9.81,0.06
2010-10-31,2010-10-01,Office Supplies,Binders and Binder Accessories,Prarie,Manitoba,Consumer,40,207.42,-115.35,0.04
2010-10-31,2010-10-01,Office Supplies,Paper,Prarie,Manitoba,Consumer,48,1031.18,349.82,0.01
2010-05-20,2010-05-01,Furniture,Office Furnishings,Prarie,Manitoba,Consumer,36,461.4,36.39,0.03
2010-09-04,2010-09-01,Office Supplies,Binders and Binder Accessories,Prarie,Manitoba,Corporate,10,278.1,68.1,0.09
2010-10-18,2010-10-01,Technology,Computer Peripherals,Prarie,Manitoba,Corporate,5,85.89,-48.88,0.08
2012-06-05,2012-06-01,Office Supplies,Appliances,Prarie,Manitoba,Home Office,13,4567.36,889.31,0.07
2012-03-28,2012-03-01,Furniture,Chairs & Chairmats,Prarie,Manitoba,Small Business,30,10413.67,1099.29,0.04
2012-03-28,2012-03-01,Furniture,Office Furnishings,Prarie,Manitoba,Small Business,3,71.49,41.98,0.06
2009-07-07,2009-07-01,Office Supplies,Storage & Organization,Prarie,Manitoba,Home Office,20,668.8,92.34,0.04
2009-11-10,2009-11-01,Technology,Computer Peripherals,Prarie,Manitoba,Corporate,37,641.89,207.3,0.03
2012-03-30,2012-03-01,Technology,Copiers and Fax,Prarie,Manitoba,Corporate,33,21205.5,241.3,0.1
2009-07-09,2009-07-01,Office Supplies,Binders and Binder Accessories,Prarie,Manitoba,Corporate,5,24.09,-20.23,0.04
2009-07-09,2009-07-01,Office Supplies,Paper,Prarie,Manitoba,Corporate,41,173.27,51.29,0.02
2011-06-10,2011-06-01,Office Supplies,Storage & Organization,Prarie,Manitoba,Consumer,44,601.78,26.44,0.05
2009-03-24,2009-03-01,Furniture,Office Furnishings,Prarie,Manitoba,Small Business,6,60.67,10.29,0.08
2009-03-24,2009-03-01,Office Supplies,Storage & Organization,Prarie,Manitoba,Small Business,32,6195.87,781.03,0.03
2009-07-03,2009-07-01,Office Supplies,Labels,Prarie,Manitoba,Corporate,26,299.07,137.47,0.1
2009-07-03,2009-07-01,Furniture,Tables,Prarie,Manitoba,Corporate,5,708.87,-270.85,0.1
2009-01-20,2009-01-01,Office Supplies,Appliances,Prarie,Manitoba,Corporate,36,2167.05,684.9,0.02
2011-12-20,2011-12-01,Office Supplies,Labels,Prarie,Manitoba,Small Business,10,70.02,22.62,0.07
2011-06-18,2011-06-01,Furniture,Office Furnishings,Prarie,Manitoba,Consumer,10,236.17,-21.39,0.09
2009-11-01,2009-11-01,Office Supplies,Binders and Binder Accessories,Prarie,Manitoba,Small Business,25,152.31,38.08,0.03
2011-04-28,2011-04-01,Furniture,Chairs & Chairmats,Prarie,Manitoba,Corporate,28,3582.79,-1177.14,0.0
2011-09-13,2011-09-01,Office Supplies,Binders and Binder Accessories,Prarie,Manitoba,Home Office,23,149.4,-126.05,0.06
2012-12-17,2012-12-01,Office Supplies,Binders and Binder Accessories,Prarie,Manitoba,Home Office,28,303.97,23.3,0.1
2012-04-13,2012-04-01,Office Supplies,Binders and Binder Accessories,Prarie,Manitoba,Consumer,43,16269.82,7050.33,0.08
2012-04-13,2012-04-01,Office Supplies,Binders and Binder Accessories,Prarie,Manitoba,Consumer,46,876.59,233.6,0.05
2012-04-13,2012-04-01,Furniture,Tables,Prarie,Manitoba,Consumer,41,5000.87,-593.23,0.04
2012-11-30,2012-11-01,Technology,Office Machines,Prarie,Manitoba,Small Business,9,23300.12,-217.47,0.06
2009-11-04,2009-11-01,Office Supplies,Paper,Prarie,Manitoba,Corporate,36,331.37,-172.17,0.03
2009-11-04,2009-11-01,Office Supplies,Pens & Art Supplies,Prarie,Manitoba,Corporate,26,78.03,0.51,0.05
2012-01-21,2012-01-01,Office Supplies,Labels,Prarie,Manitoba,Home Office,40,111.04,45.1,0.08
2009-10-12,2009-10-01,Office Supplies,Pens & Art Supplies,Prarie,Manitoba,Corporate,15,103.55,19.59,0.03
2011-05-23,2011-05-01,Office Supplies,"Scissors, Rulers and Trimmers",Prarie,Manitoba,Corporate,40,301.12,-206.05,0.0
2012-03-11,2012-03-01,Office Supplies,Binders and Binder Accessories,Prarie,Manitoba,Small Business,42,1876.09,809.74,0.02
2012-03-11,2012-03-01,Office Supplies,Paper,Prarie,Manitoba,Small Business,19,145.26,-35.75,0.05
2012-03-05,2012-03-01,Technology,Copiers and Fax,Prarie,Manitoba,Corporate,43,19461.8,7752.01,0.06
2012-03-05,2012-03-01,Office Supplies,Pens & Art Supplies,Prarie,Manitoba,Corporate,14,313.85,-31.37,0.03
2012-06-10,2012-06-01,Office Supplies,Envelopes,Prarie,Manitoba,Consumer,3,35.68,-11.43,0.01
2012-06-10,2012-06-01,Office Supplies,Pens & Art Supplies,Prarie,Manitoba,Consumer,11,234.76,-45.65,0.04
2012-06-10,2012-06-01,Furniture,Tables,Prarie,Manitoba,Consumer,3,498.49,-251.41,0.01
2011-02-26,2011-02-01,Office Supplies,Storage & Organization,Prarie,Manitoba,Consumer,40,6069.05,1816.71,0.05
2009-10-30,2009-10-01,Office Supplies,Paper,Prarie,Manitoba,Consumer,9,34.18,-5.46,0.06
2010-11-13,2010-11-01,Office Supplies,Binders and Binder Accessories,Prarie,Manitoba,Consumer,27,194.35,30.88,0.0
2010-05-01,2010-05-01,Technology,Computer Peripherals,Prarie,Manitoba,Small Business,43,413.83,111.74,0.08
2010-05-01,2010-05-01,Technology,Telephones and Communication,Prarie,Manitoba,Small Business,30,3339.65,788.51,0.01
2012-02-08,2012-02-01,Technology,Computer Peripherals,Prarie,Manitoba,Corporate,50,3601.07,174.8,0.04
2010-03-03,2010-03-01,Office Supplies,Paper,Prarie,Manitoba,Consumer,43,468.48,-213.49,0.07
2010-03-03,2010-03-01,Office Supplies,Pens & Art Supplies,Prarie,Manitoba,Consumer,23,284.14,-104.18,0.05
2010-08-09,2010-08-01,Technology,Computer Peripherals,Prarie,Manitoba,Corporate,32,198.7,-62.13,0.1
2009-02-10,2009-02-01,Furniture,Office Furnishings,Prarie,Manitoba,Corporate,44,951.33,-60.66,0.0
2012-04-13,2012-04-01,Office Supplies,Appliances,Prarie,Manitoba,Corporate,1,15.72,-6.1,0.0
2012-04-13,2012-04-01,Office Supplies,Binders and Binder Accessories,Prarie,Manitoba,Corporate,36,313.83,56.78,0.08
2012-04-13,2012-04-01,Technology,Telephones and Communication,Prarie,Manitoba,Corporate,11,201.5945,32.31,0.04
2011-06-18,2011-06-01,Office Supplies,Pens & Art Supplies,Prarie,Manitoba,Small Business,28,525.4,126.49,0.08
2011-06-18,2011-06-01,Office Supplies,Rubber Bands,Prarie,Manitoba,Small Business,37,61.77,12.65,0.04
2010-11-17,2010-11-01,Office Supplies,Rubber Bands,Prarie,Manitoba,Consumer,37,99.65,27.0,0.01
2012-12-30,2012-12-01,Office Supplies,Rubber Bands,Prarie,Manitoba,Consumer,10,14.15,-1.29,0.1
2010-06-08,2010-06-01,Office Supplies,Binders and Binder Accessories,Prarie,Manitoba,Small Business,18,85.74,-73.57,0.03
2010-06-08,2010-06-01,Office Supplies,Binders and Binder Accessories,Prarie,Manitoba,Small Business,17,2031.98,778.6,0.05
2010-06-08,2010-06-01,Office Supplies,Binders and Binder Accessories,Prarie,Manitoba,Small Business,24,131.94,2.32,0.04
2012-09-23,2012-09-01,Office Supplies,Storage & Organization,Prarie,Manitoba,Consumer,43,528.53,-7.24,0.05
2012-09-23,2012-09-01,Technology,Telephones and Communication,Prarie,Manitoba,Consumer,47,5975.0495,1417.23,0.06
2012-09-23,2012-09-01,Technology,Office Machines,Prarie,Manitoba,Consumer,44,720.52,-36.79,0.1
2012-04-12,2012-04-01,Office Supplies,Envelopes,Prarie,Manitoba,Small Business,46,3849.17,1982.78,0.06
2011-09-24,2011-09-01,Technology,Computer Peripherals,Prarie,Manitoba,Consumer,28,1208.35,145.54,0.0
2012-08-12,2012-08-01,Office Supplies,Paper,Prarie,Manitoba,Consumer,12,69.97,24.25,0.01
2009-03-02,2009-03-01,Furniture,Bookcases,Prarie,Manitoba,Small Business,1,199.48,-120.24,0.08
2011-01-15,2011-01-01,Office Supplies,Binders and Binder Accessories,Prarie,Manitoba,Corporate,37,925.8,30.69,0.01
2011-01-15,2011-01-01,Office Supplies,Binders and Binder Accessories,Prarie,Manitoba,Corporate,39,282.48,-87.01,0.08
2011-01-15,2011-01-01,Furniture,Tables,Prarie,Manitoba,Corporate,12,6502.46,261.66,0.09
2010-06-11,2010-06-01,Furniture,Office Furnishings,Prarie,Manitoba,Home Office,47,1243.52,360.94,0.08
2009-03-14,2009-03-01,Furniture,Office Furnishings,Prarie,Manitoba,Consumer,34,1932.58,356.48,0.1
2009-07-02,2009-07-01,Furniture,Chairs & Chairmats,Prarie,Manitoba,Consumer,10,601.57,-247.25,0.09
2009-07-02,2009-07-01,Technology,Computer Peripherals,Prarie,Manitoba,Consumer,9,157.42,-18.68,0.05
2011-07-30,2011-07-01,Office Supplies,Binders and Binder Accessories,Prarie,Manitoba,Consumer,30,299.66,-18.25,0.08
2011-02-26,2011-02-01,Office Supplies,Binders and Binder Accessories,Prarie,Manitoba,Consumer,7,375.57,12.71,0.02
2011-02-26,2011-02-01,Office Supplies,Paper,Prarie,Manitoba,Consumer,15,81.97,-81.33,0.07
2009-07-16,2009-07-01,Office Supplies,Binders and Binder Accessories,Prarie,Manitoba,Corporate,27,636.7,-29.91,0.1
2009-09-13,2009-09-01,Office Supplies,Binders and Binder Accessories,Prarie,Manitoba,Corporate,17,142.94,-129.56,0.03
2009-09-13,2009-09-01,Office Supplies,Paper,Prarie,Manitoba,Corporate,35,240.61,-133.12,0.05
2009-09-13,2009-09-01,Office Supplies,Storage & Organization,Prarie,Manitoba,Corporate,17,1912.76,71.56,0.03
2012-01-28,2012-01-01,Technology,Computer Peripherals,Prarie,Manitoba,Small Business,46,1591.89,-117.31,0.02
2012-01-28,2012-01-01,Technology,Computer Peripherals,Prarie,Manitoba,Small Business,44,220.07,-158.42,0.01
2010-03-07,2010-03-01,Technology,Computer Peripherals,Prarie,Manitoba,Home Office,37,319.39,-39.33,0.03
2011-11-17,2011-11-01,Technology,Telephones and Communication,Prarie,Manitoba,Corporate,26,2379.3285,284.59,0.09
2011-10-17,2011-10-01,Furniture,Bookcases,Prarie,Manitoba,Home Office,42,4346.98,10.22,0.05
2012-08-01,2012-08-01,Office Supplies,Binders and Binder Accessories,Prarie,Manitoba,Consumer,26,145.76,5.67,0.0
2009-02-11,2009-02-01,Furniture,Chairs & Chairmats,Prarie,Manitoba,Corporate,36,9757.48,-96.05,0.07
2012-11-25,2012-11-01,Office Supplies,Paper,Prarie,Manitoba,Home Office,13,87.91,-27.91,0.05
2010-12-12,2010-12-01,Furniture,Chairs & Chairmats,Prarie,Manitoba,Consumer,41,5824.01,-288.68,0.1
2009-08-08,2009-08-01,Technology,Telephones and Communication,Prarie,Manitoba,Corporate,15,1187.1525,33.19,0.03
2012-10-31,2012-10-01,Office Supplies,Envelopes,Prarie,Manitoba,Home Office,49,414.11,-172.32,0.08
2011-07-18,2011-07-01,Technology,Telephones and Communication,Prarie,Manitoba,Corporate,39,4799.7885,1231.89,0.09
2012-05-31,2012-05-01,Office Supplies,Paper,Prarie,Manitoba,Consumer,17,122.42,-37.04,0.08
2009-02-25,2009-02-01,Office Supplies,Binders and Binder Accessories,Prarie,Manitoba,Corporate,31,305.76,-22.53,0.1
2009-02-25,2009-02-01,Technology,Computer Peripherals,Prarie,Manitoba,Corporate,3,25.48,-26.8,0.06
2011-08-13,2011-08-01,Office Supplies,Appliances,Prarie,Manitoba,Corporate,13,409.97,39.36,0.07
2011-08-16,2011-08-01,Technology,Computer Peripherals,Prarie,Manitoba,Consumer,28,1457.78,68.23,0.04
2011-07-27,2011-07-01,Technology,Office Machines,Prarie,Manitoba,Consumer,46,5615.4,1807.16,0.07
2011-03-07,2011-03-01,Office Supplies,Paper,Prarie,Manitoba,Home Office,33,1692.03,574.44,0.1
2011-01-19,2011-01-01,Technology,Telephones and Communication,Prarie,Manitoba,Consumer,14,242.284,51.75,0.03
2010-07-19,2010-07-01,Technology,Telephones and Communication,Prarie,Manitoba,Corporate,8,1391.7645,-426.07,0.08
2009-12-05,2009-12-01,Technology,Office Machines,Prarie,Manitoba,Home Office,5,9704.37,-1565.91,0.03
2009-12-05,2009-12-01,Office Supplies,Paper,Prarie,Manitoba,Home Office,31,211.94,-56.39,0.05
2012-05-12,2012-05-01,Office Supplies,Paper,Prarie,Manitoba,Corporate,22,142.88,35.37,0.08
2011-07-02,2011-07-01,Office Supplies,Storage & Organization,Prarie,Manitoba,Small Business,8,876.01,-108.0,0.07
2011-09-27,2011-09-01,Office Supplies,Binders and Binder Accessories,Prarie,Manitoba,Corporate,7,105.94,-13.33,0.07
2011-03-11,2011-03-01,Office Supplies,Storage & Organization,Prarie,Manitoba,Small Business,29,1337.08,-953.0,0.1
2010-06-19,2010-06-01,Technology,Office Machines,Prarie,Manitoba,Consumer,44,839.19,76.38,0.0
2011-03-12,2011-03-01,Office Supplies,Binders and Binder Accessories,Prarie,Manitoba,Consumer,23,8673.9,3440.05,0.1
2012-01-18,2012-01-01,Office Supplies,Envelopes,Prarie,Manitoba,Consumer,17,155.89,50.19,0.1
2012-01-18,2012-01-01,Furniture,Chairs & Chairmats,Prarie,Manitoba,Consumer,26,1333.18,120.01,0.07
2012-01-18,2012-01-01,Office Supplies,Pens & Art Supplies,Prarie,Manitoba,Consumer,19,117.27,35.45,0.01
2011-08-24,2011-08-01,Office Supplies,Labels,Prarie,Manitoba,Consumer,44,167.55,-223.5,0.03
2009-11-12,2009-11-01,Technology,Computer Peripherals,Prarie,Manitoba,Small Business,10,254.89,-106.58,0.09
2011-06-01,2011-06-01,Office Supplies,Paper,Prarie,Manitoba,Consumer,25,470.11,91.09,0.08
2011-06-01,2011-06-01,Technology,Office Machines,Prarie,Manitoba,Consumer,43,10854.83,2039.41,0.08
2011-06-01,2011-06-01,Office Supplies,Pens & Art Supplies,Prarie,Manitoba,Consumer,19,51.23,-5.29,0.1
2011-04-09,2011-04-01,Office Supplies,Labels,Prarie,Manitoba,Home Office,37,195.51,95.56,0.03
2011-04-09,2011-04-01,Office Supplies,Storage & Organization,Prarie,Manitoba,Home Office,38,4992.63,44.13,0.07
2012-03-06,2012-03-01,Technology,Telephones and Communication,Prarie,Manitoba,Consumer,2,95.0555,-298.17,0.1
2009-12-01,2009-12-01,Office Supplies,Pens & Art Supplies,Prarie,Manitoba,Corporate,29,67.97,-109.94,0.06
2011-07-03,2011-07-01,Office Supplies,Rubber Bands,Prarie,Manitoba,Corporate,5,15.6,1.67,0.09
2011-07-03,2011-07-01,Technology,Telephones and Communication,Prarie,Manitoba,Corporate,6,631.499,-403.02,0.09
2009-02-10,2009-02-01,Furniture,Office Furnishings,Prarie,Manitoba,Small Business,5,63.85,40.44,0.04
2009-01-21,2009-01-01,Office Supplies,Pens & Art Supplies,Prarie,Manitoba,Consumer,36,147.71,40.04,0.05
2011-01-01,2011-01-01,Office Supplies,Binders and Binder Accessories,Prarie,Manitoba,Consumer,18,1163.75,222.17,0.05
2009-09-15,2009-09-01,Furniture,Office Furnishings,Prarie,Manitoba,Small Business,45,2544.73,375.87,0.02
2010-06-28,2010-06-01,Furniture,Chairs & Chairmats,Prarie,Manitoba,Home Office,34,4281.13,-1446.08,0.05
2011-08-08,2011-08-01,Office Supplies,Paper,Prarie,Manitoba,Consumer,43,1779.87,311.72,0.01
2012-02-15,2012-02-01,Office Supplies,Rubber Bands,Prarie,Manitoba,Corporate,28,115.02,46.3,0.0
2012-02-15,2012-02-01,Office Supplies,Binders and Binder Accessories,Prarie,Manitoba,Corporate,7,118.63,6.3,0.05
2009-09-19,2009-09-01,Technology,Computer Peripherals,Prarie,Manitoba,Corporate,17,705.85,151.67,0.04
2009-09-19,2009-09-01,Technology,Computer Peripherals,Prarie,Manitoba,Corporate,37,321.3,-47.23,0.0
2009-09-01,2009-09-01,Furniture,Office Furnishings,Prarie,Manitoba,Consumer,11,227.41,44.29,0.06
2009-09-01,2009-09-01,Furniture,Office Furnishings,Prarie,Manitoba,Consumer,50,87.44,-184.6,0.08
2009-12-14,2009-12-01,Office Supplies,Labels,Prarie,Manitoba,Consumer,15,40.75,12.76,0.03
2009-12-14,2009-12-01,Office Supplies,Pens & Art Supplies,Prarie,Manitoba,Consumer,35,424.09,-114.18,0.01
2009-10-10,2009-10-01,Furniture,Office Furnishings,Prarie,Manitoba,Small Business,10,53.32,-20.68,0.07
2009-10-10,2009-10-01,Office Supplies,Rubber Bands,Prarie,Manitoba,Small Business,26,64.03,11.42,0.09
2009-10-10,2009-10-01,Technology,Telephones and Communication,Prarie,Manitoba,Small Business,46,2710.5055,624.12,0.03
2011-02-06,2011-02-01,Office Supplies,Labels,Prarie,Manitoba,Consumer,17,86.29,34.98,0.02
2011-02-06,2011-02-01,Office Supplies,Pens & Art Supplies,Prarie,Manitoba,Consumer,2,86.92,-43.93,0.03
2011-12-08,2011-12-01,Office Supplies,Appliances,Prarie,Manitoba,Home Office,28,1717.88,513.93,0.05
2011-12-08,2011-12-01,Technology,Telephones and Communication,Prarie,Manitoba,Home Office,38,1978.4345,471.09,0.09
2009-04-13,2009-04-01,Office Supplies,Paper,Prarie,Manitoba,Small Business,2,29.32,-12.93,0.08
2010-10-19,2010-10-01,Office Supplies,Paper,Prarie,Manitoba,Small Business,29,566.66,60.59,0.1
2009-01-22,2009-01-01,Office Supplies,Labels,Prarie,Manitoba,Small Business,49,134.83,50.74,0.07
2009-01-22,2009-01-01,Furniture,Tables,Prarie,Manitoba,Small Business,39,8865.1,1517.12,0.0
2012-10-05,2012-10-01,Furniture,Tables,Prarie,Manitoba,Corporate,47,10348.73,1094.57,0.09
2011-10-21,2011-10-01,Technology,Computer Peripherals,Prarie,Manitoba,Home Office,41,1258.97,-112.58,0.1
2012-03-07,2012-03-01,Furniture,Office Furnishings,Prarie,Manitoba,Corporate,41,830.53,120.69,0.01
2012-03-07,2012-03-01,Office Supplies,Storage & Organization,Prarie,Manitoba,Corporate,2,79.93,-52.73,0.0
2011-09-30,2011-09-01,Technology,Computer Peripherals,Prarie,Manitoba,Small Business,26,799.84,64.13,0.08
2011-09-30,2011-09-01,Technology,Telephones and Communication,Prarie,Manitoba,Small Business,16,1689.137,71.06,0.07
2009-11-18,2009-11-01,Office Supplies,Rubber Bands,Prarie,Manitoba,Consumer,23,42.23,-15.11,0.1
2009-07-22,2009-07-01,Technology,Telephones and Communication,Prarie,Manitoba,Consumer,38,4008.7275,1219.34,0.0
2010-02-20,2010-02-01,Office Supplies,Pens & Art Supplies,Prarie,Manitoba,Home Office,1,10.94,-5.16,0.1
2012-05-09,2012-05-01,Office Supplies,Binders and Binder Accessories,Prarie,Manitoba,Corporate,28,205.43,-24.3,0.0
2012-05-09,2012-05-01,Technology,Computer Peripherals,Prarie,Manitoba,Corporate,27,979.06,-131.9,0.07
2009-02-13,2009-02-01,Office Supplies,Paper,Prarie,Manitoba,Corporate,48,332.55,-66.87,0.1
2012-07-23,2012-07-01,Furniture,Office Furnishings,Prarie,Manitoba,Consumer,20,466.36,-192.7,0.07
2012-05-17,2012-05-01,Office Supplies,Labels,Prarie,Manitoba,Consumer,43,130.36,58.52,0.02
2010-08-18,2010-08-01,Technology,Computer Peripherals,Prarie,Manitoba,Consumer,8,45.24,-42.12,0.01
2010-08-18,2010-08-01,Office Supplies,Pens & Art Supplies,Prarie,Manitoba,Consumer,7,148.05,-45.94,0.08
2009-02-28,2009-02-01,Office Supplies,Paper,Prarie,Manitoba,Consumer,46,1419.83,385.8,0.07
2011-03-10,2011-03-01,Office Supplies,Binders and Binder Accessories,Prarie,Manitoba,Corporate,27,154.62,-118.6,0.04
2011-03-10,2011-03-01,Office Supplies,Paper,Prarie,Manitoba,Corporate,31,1638.2,471.22,0.1
2009-02-20,2009-02-01,Furniture,Office Furnishings,Prarie,Manitoba,Corporate,24,479.13,166.92,0.05
2011-04-01,2011-04-01,Technology,Computer Peripherals,Prarie,Manitoba,Consumer,40,1718.87,754.1,0.02
2010-01-01,2010-01-01,Technology,Office Machines,Prarie,Manitoba,Consumer,6,1193.1,-139.5,0.09
2012-08-29,2012-08-01,Technology,Office Machines,Prarie,Manitoba,Consumer,45,1008.34,218.65,0.09
2009-12-07,2009-12-01,Technology,Office Machines,Prarie,Manitoba,Home Office,1,534.3,-1220.91,0.05
2012-10-31,2012-10-01,Office Supplies,Paper,Prarie,Manitoba,Home Office,25,170.4,-153.75,0.02
2010-12-29,2010-12-01,Office Supplies,Appliances,Prarie,Manitoba,Corporate,50,9059.9,778.01,0.07
2010-12-29,2010-12-01,Technology,Computer Peripherals,Prarie,Manitoba,Corporate,41,368.17,-15.12,0.0
2010-12-29,2010-12-01,Office Supplies,Paper,Prarie,Manitoba,Corporate,3,14.46,-5.26,0.06
2010-12-29,2010-12-01,Office Supplies,Paper,Prarie,Manitoba,Corporate,25,168.39,-144.89,0.03
2010-12-28,2010-12-01,Office Supplies,Binders and Binder Accessories,Prarie,Saskachewan,Consumer,24,599.1,3.82,0.02
2011-05-19,2011-05-01,Furniture,Chairs & Chairmats,Prarie,Saskachewan,Home Office,6,1309.53,19.18,0.06
2011-05-19,2011-05-01,Office Supplies,Storage & Organization,Prarie,Saskachewan,Home Office,48,806.37,-166.4,0.01
2009-07-04,2009-07-01,Furniture,Office Furnishings,Prarie,Saskachewan,Corporate,39,3908.65,480.57,0.06
2009-05-29,2009-05-01,Office Supplies,Paper,Prarie,Saskachewan,Corporate,5,41.25,-23.25,0.02
2012-05-05,2012-05-01,Technology,Computer Peripherals,Prarie,Saskachewan,Home Office,4,294.89,-321.84,0.09
2012-05-05,2012-05-01,Office Supplies,Paper,Prarie,Saskachewan,Home Office,50,246.57,-132.51,0.06
2010-09-03,2010-09-01,Office Supplies,Binders and Binder Accessories,Prarie,Saskachewan,Corporate,5,2004.12,276.68,0.1
2010-09-03,2010-09-01,Furniture,Chairs & Chairmats,Prarie,Saskachewan,Corporate,15,3841.72,691.13,0.03
2010-01-30,2010-01-01,Technology,Telephones and Communication,Prarie,Saskachewan,Home Office,47,2053.379,1040.4,0.1
2010-01-30,2010-01-01,Technology,Telephones and Communication,Prarie,Saskachewan,Home Office,35,3206.3955,784.77,0.08
2011-06-16,2011-06-01,Office Supplies,Paper,Prarie,Saskachewan,Corporate,25,288.91,-14.06,0.08
2010-02-27,2010-02-01,Office Supplies,Binders and Binder Accessories,Prarie,Saskachewan,Corporate,19,138.85,-49.35,0.08
2010-11-09,2010-11-01,Office Supplies,Binders and Binder Accessories,Prarie,Saskachewan,Small Business,5,41.18,-19.31,0.1
2012-07-25,2012-07-01,Technology,Telephones and Communication,Prarie,Saskachewan,Corporate,31,1735.3515,258.62,0.08
2011-07-23,2011-07-01,Office Supplies,Paper,Prarie,Saskachewan,Corporate,41,254.69,-269.37,0.06
2012-12-02,2012-12-01,Technology,Office Machines,Prarie,Saskachewan,Corporate,32,18316.3,4569.06,0.06
2012-08-18,2012-08-01,Furniture,Office Furnishings,Prarie,Saskachewan,Home Office,39,206.09,36.04,0.0
2012-08-18,2012-08-01,Office Supplies,Paper,Prarie,Saskachewan,Home Office,2,124.25,-55.78,0.07
2011-08-28,2011-08-01,Office Supplies,Binders and Binder Accessories,Prarie,Saskachewan,Home Office,43,320.26,-84.13,0.01
2010-10-12,2010-10-01,Office Supplies,Appliances,Prarie,Saskachewan,Corporate,9,90.37,-374.82,0.05
2010-10-12,2010-10-01,Technology,Computer Peripherals,Prarie,Saskachewan,Corporate,39,806.05,-63.39,0.04
2012-02-11,2012-02-01,Technology,Office Machines,Prarie,Saskachewan,Corporate,35,3332.06,412.63,0.09
2012-01-28,2012-01-01,Office Supplies,Pens & Art Supplies,Prarie,Saskachewan,Home Office,14,622.72,76.51,0.0
2009-04-18,2009-04-01,Furniture,Chairs & Chairmats,Prarie,Saskachewan,Consumer,25,2130.22,-584.6,0.09
2010-01-16,2010-01-01,Office Supplies,Binders and Binder Accessories,Prarie,Saskachewan,Corporate,26,151.05,-76.14,0.09
2010-01-16,2010-01-01,Office Supplies,Labels,Prarie,Saskachewan,Corporate,13,133.04,49.69,0.04
2012-12-20,2012-12-01,Office Supplies,Storage & Organization,Prarie,Saskachewan,Corporate,6,1184.11,-145.07,0.07
2012-12-20,2012-12-01,Office Supplies,Binders and Binder Accessories,Prarie,Saskachewan,Corporate,17,514.22,187.37,0.02
2009-03-16,2009-03-01,Furniture,Office Furnishings,Prarie,Saskachewan,Corporate,11,82.42,18.53,0.07
2011-09-12,2011-09-01,Furniture,Bookcases,Prarie,Saskachewan,Home Office,25,1907.71,32.55,0.0
2009-03-30,2009-03-01,Technology,Office Machines,Prarie,Saskachewan,Small Business,46,3449.26,252.77,0.1
2009-10-21,2009-10-01,Office Supplies,Labels,Prarie,Saskachewan,Corporate,3,14.84,-2.42,0.08
2009-10-21,2009-10-01,Technology,Office Machines,Prarie,Saskachewan,Corporate,8,922.47,-13.1,0.09
2011-05-28,2011-05-01,Office Supplies,Paper,Prarie,Saskachewan,Corporate,36,209.53,-81.06,0.03
2011-05-28,2011-05-01,Office Supplies,Storage & Organization,Prarie,Saskachewan,Corporate,14,225.47,-29.07,0.0
2010-07-31,2010-07-01,Office Supplies,Appliances,Prarie,Saskachewan,Home Office,13,951.31,-333.07,0.06
2010-05-27,2010-05-01,Furniture,Bookcases,Prarie,Saskachewan,Corporate,14,12043.88,2011.31,0.07
2010-05-27,2010-05-01,Office Supplies,Storage & Organization,Prarie,Saskachewan,Corporate,14,195.12,-6.32,0.0
2009-08-15,2009-08-01,Office Supplies,Labels,Prarie,Saskachewan,Corporate,37,189.6,89.65,0.02
2009-08-15,2009-08-01,Technology,Telephones and Communication,Prarie,Saskachewan,Corporate,21,397.732,-26.05,0.01
2009-05-01,2009-05-01,Office Supplies,Binders and Binder Accessories,Prarie,Saskachewan,Corporate,43,528.6,52.59,0.01
2009-05-01,2009-05-01,Office Supplies,Binders and Binder Accessories,Prarie,Saskachewan,Corporate,24,107.41,20.68,0.03
2011-06-20,2011-06-01,Office Supplies,Envelopes,Prarie,Saskachewan,Home Office,15,1390.49,366.8,0.01
2009-10-25,2009-10-01,Office Supplies,"Scissors, Rulers and Trimmers",Prarie,Saskachewan,Home Office,39,128.31,-55.72,0.05
2010-09-08,2010-09-01,Office Supplies,Paper,Prarie,Saskachewan,Home Office,19,82.56,21.74,0.01
2010-09-08,2010-09-01,Office Supplies,"Scissors, Rulers and Trimmers",Prarie,Saskachewan,Home Office,11,141.07,-5.1,0.08
2009-09-26,2009-09-01,Technology,Computer Peripherals,Prarie,Saskachewan,Home Office,36,1841.6,12.95,0.01
2012-12-22,2012-12-01,Technology,Office Machines,Prarie,Saskachewan,Home Office,4,476.31,-258.08,0.07
2010-04-04,2010-04-01,Office Supplies,Paper,Prarie,Saskachewan,Home Office,17,169.48,48.55,0.03
2010-08-12,2010-08-01,Office Supplies,Paper,Prarie,Saskachewan,Home Office,16,581.52,175.16,0.03
2010-08-12,2010-08-01,Office Supplies,Pens & Art Supplies,Prarie,Saskachewan,Home Office,5,19.17,-16.42,0.1
2011-10-03,2011-10-01,Office Supplies,Paper,Prarie,Saskachewan,Consumer,30,943.44,-89.98,0.08
2011-10-03,2011-10-01,Furniture,Tables,Prarie,Saskachewan,Consumer,47,14493.84,634.76,0.0
2010-11-16,2010-11-01,Furniture,Chairs & Chairmats,Prarie,Saskachewan,Home Office,35,7264.64,1845.68,0.06
2010-08-27,2010-08-01,Furniture,Office Furnishings,Prarie,Saskachewan,Small Business,45,852.05,-20.6,0.1
2010-12-29,2010-12-01,Office Supplies,Storage & Organization,Prarie,Saskachewan,Small Business,14,209.3,7.86,0.01
2011-10-31,2011-10-01,Office Supplies,Paper,Prarie,Saskachewan,Home Office,30,200.24,-59.85,0.0
2012-07-27,2012-07-01,Technology,Office Machines,Prarie,Saskachewan,Home Office,32,5845.82,2227.89,0.1
2009-06-16,2009-06-01,Technology,Computer Peripherals,Prarie,Saskachewan,Small Business,16,706.53,-314.42,0.0
2010-01-20,2010-01-01,Furniture,Office Furnishings,Prarie,Saskachewan,Corporate,48,1038.99,-180.45,0.0
2010-01-20,2010-01-01,Office Supplies,Paper,Prarie,Saskachewan,Corporate,17,114.01,6.99,0.08
2010-01-20,2010-01-01,Office Supplies,Paper,Prarie,Saskachewan,Corporate,3,30.37,-1.74,0.01
2012-10-16,2012-10-01,Office Supplies,Paper,Prarie,Saskachewan,Corporate,33,228.82,-107.0,0.03
2009-10-11,2009-10-01,Office Supplies,Appliances,Prarie,Saskachewan,Corporate,13,1351.76,107.31,0.03
2009-10-11,2009-10-01,Office Supplies,Pens & Art Supplies,Prarie,Saskachewan,Corporate,49,595.4,-148.85,0.03
2011-01-28,2011-01-01,Technology,Office Machines,Prarie,Saskachewan,Consumer,41,12125.14,3376.03,0.08
2010-08-21,2010-08-01,Technology,Telephones and Communication,Prarie,Saskachewan,Corporate,44,2094.978,697.29,0.06
2011-11-22,2011-11-01,Office Supplies,Binders and Binder Accessories,Prarie,Saskachewan,Home Office,38,273.89,-160.4,0.05
2010-04-08,2010-04-01,Technology,Office Machines,Prarie,Saskachewan,Home Office,3,451.81,-318.59,0.05
2010-02-04,2010-02-01,Furniture,Office Furnishings,Prarie,Saskachewan,Corporate,25,495.8,107.82,0.03
2010-02-04,2010-02-01,Office Supplies,Storage & Organization,Prarie,Saskachewan,Corporate,28,1645.51,300.34,0.06
2012-09-12,2012-09-01,Furniture,Office Furnishings,Prarie,Saskachewan,Corporate,16,237.54,29.76,0.04
2012-09-12,2012-09-01,Office Supplies,Paper,Prarie,Saskachewan,Corporate,3,143.5,-27.51,0.08
2010-02-23,2010-02-01,Office Supplies,Paper,Prarie,Saskachewan,Home Office,41,438.66,58.86,0.01
2010-02-23,2010-02-01,Office Supplies,"Scissors, Rulers and Trimmers",Prarie,Saskachewan,Home Office,32,416.99,-93.62,0.02
2010-01-28,2010-01-01,Office Supplies,Labels,Prarie,Saskachewan,Consumer,32,216.51,109.29,0.02
2011-08-15,2011-08-01,Office Supplies,Paper,Prarie,Saskachewan,Home Office,26,161.96,-51.12,0.0
2012-04-29,2012-04-01,Office Supplies,Storage & Organization,Prarie,Saskachewan,Corporate,35,587.92,-7.92,0.09
2012-04-29,2012-04-01,Furniture,Tables,Prarie,Saskachewan,Corporate,7,2171.464,-209.56,0.04
2009-02-06,2009-02-01,Furniture,Tables,Prarie,Saskachewan,Small Business,16,950.464,-763.8,0.02
2009-02-06,2009-02-01,Technology,Telephones and Communication,Prarie,Saskachewan,Small Business,4,705.687,-803.08,0.03
2011-07-23,2011-07-01,Technology,Computer Peripherals,Prarie,Saskachewan,Small Business,3,58.63,-40.86,0.0
2011-07-23,2011-07-01,Office Supplies,Storage & Organization,Prarie,Saskachewan,Small Business,13,94.99,-106.29,0.06
2011-04-17,2011-04-01,Office Supplies,Pens & Art Supplies,Prarie,Saskachewan,Corporate,8,22.37,-14.09,0.04
2009-04-17,2009-04-01,Office Supplies,Storage & Organization,Prarie,Saskachewan,Corporate,41,17853.64,6227.33,0.02
2009-09-26,2009-09-01,Office Supplies,Paper,Prarie,Saskachewan,Corporate,26,539.66,147.08,0.0
2010-09-23,2010-09-01,Technology,Computer Peripherals,Prarie,Saskachewan,Corporate,43,4620.53,1025.23,0.0
2011-02-04,2011-02-01,Furniture,Chairs & Chairmats,Prarie,Saskachewan,Corporate,9,2502.67,-198.8,0.1
2010-05-02,2010-05-01,Office Supplies,Storage & Organization,Prarie,Saskachewan,Corporate,38,3016.85,-967.67,0.05
2010-05-02,2010-05-01,Office Supplies,Labels,Prarie,Saskachewan,Corporate,11,48.5,23.88,0.07
2012-12-09,2012-12-01,Technology,Office Machines,Prarie,Saskachewan,Small Business,4,6095.14,-3001.28,0.06
2012-12-09,2012-12-01,Technology,Office Machines,Prarie,Saskachewan,Small Business,46,3776.28,579.79,0.06
2012-12-09,2012-12-01,Technology,Telephones and Communication,Prarie,Saskachewan,Small Business,29,1487.8995,79.32,0.09
2012-05-28,2012-05-01,Office Supplies,Paper,Prarie,Saskachewan,Small Business,40,250.6,-107.06,0.1
2011-11-22,2011-11-01,Office Supplies,Binders and Binder Accessories,Prarie,Saskachewan,Home Office,15,107.63,-29.89,0.0
2009-10-08,2009-10-01,Office Supplies,Pens & Art Supplies,Prarie,Saskachewan,Corporate,23,68.73,17.17,0.07
2012-08-10,2012-08-01,Technology,Computer Peripherals,Prarie,Saskachewan,Corporate,41,4359.0,907.67,0.02
2011-08-25,2011-08-01,Technology,Office Machines,Prarie,Saskachewan,Corporate,32,3046.01,998.65,0.08
2011-08-25,2011-08-01,Office Supplies,Paper,Prarie,Saskachewan,Corporate,15,353.52,51.53,0.04
2011-09-19,2011-09-01,Technology,Office Machines,Prarie,Saskachewan,Corporate,46,636.5,-71.98,0.01
2011-09-19,2011-09-01,Technology,Telephones and Communication,Prarie,Saskachewan,Corporate,25,2614.3705,384.01,0.07
2009-10-20,2009-10-01,Office Supplies,Binders and Binder Accessories,Prarie,Saskachewan,Home Office,39,12073.06,5081.87,0.03
2009-10-20,2009-10-01,Furniture,Chairs & Chairmats,Prarie,Saskachewan,Home Office,25,6685.05,1653.6,0.09
2009-10-20,2009-10-01,Furniture,Office Furnishings,Prarie,Saskachewan,Home Office,18,1175.53,257.59,0.03
2010-10-02,2010-10-01,Office Supplies,Paper,Prarie,Saskachewan,Corporate,19,178.44,50.13,0.03
2011-12-02,2011-12-01,Office Supplies,Binders and Binder Accessories,Prarie,Saskachewan,Consumer,31,472.35,61.68,0.03
2009-07-22,2009-07-01,Office Supplies,Appliances,Prarie,Saskachewan,Home Office,44,505.01,-43.52,0.06
2009-07-22,2009-07-01,Office Supplies,Paper,Prarie,Saskachewan,Home Office,41,286.75,98.44,0.06
2011-12-28,2011-12-01,Office Supplies,Paper,Prarie,Saskachewan,Corporate,32,980.07,337.25,0.09
2009-09-08,2009-09-01,Office Supplies,Pens & Art Supplies,Prarie,Saskachewan,Corporate,31,353.25,60.06,0.02
2011-03-22,2011-03-01,Office Supplies,Binders and Binder Accessories,Prarie,Saskachewan,Consumer,7,30.1,-28.31,0.09
2009-08-03,2009-08-01,Furniture,Chairs & Chairmats,Prarie,Saskachewan,Small Business,24,4547.26,468.27,0.0
2010-01-18,2010-01-01,Furniture,Office Furnishings,Prarie,Saskachewan,Home Office,26,430.33,85.48,0.08
2010-01-18,2010-01-01,Office Supplies,Storage & Organization,Prarie,Saskachewan,Home Office,46,1221.47,-233.14,0.09
2012-02-13,2012-02-01,Office Supplies,Rubber Bands,Prarie,Saskachewan,Consumer,15,128.27,22.85,0.0
2009-09-12,2009-09-01,Technology,Telephones and Communication,Prarie,Saskachewan,Corporate,4,292.3405,-420.59,0.01
2009-07-01,2009-07-01,Office Supplies,Binders and Binder Accessories,Prarie,Saskachewan,Home Office,8,253.26,49.66,0.02
2009-07-01,2009-07-01,Furniture,Tables,Prarie,Saskachewan,Home Office,45,6865.072,1117.24,0.0
2009-07-21,2009-07-01,Technology,Telephones and Communication,Prarie,Saskachewan,Consumer,20,3361.7585,394.35,0.04
2009-06-20,2009-06-01,Office Supplies,Labels,Prarie,Saskachewan,Small Business,38,117.84,30.76,0.04
2009-06-20,2009-06-01,Office Supplies,Pens & Art Supplies,Prarie,Saskachewan,Small Business,47,121.2,-20.2,0.1
2012-03-14,2012-03-01,Office Supplies,Binders and Binder Accessories,Prarie,Saskachewan,Home Office,43,1334.05,581.77,0.06
2012-03-14,2012-03-01,Furniture,Bookcases,Prarie,Saskachewan,Home Office,50,6552.86,-692.82,0.07
2009-08-23,2009-08-01,Technology,Computer Peripherals,Prarie,Saskachewan,Corporate,16,587.88,135.37,0.0
2010-06-09,2010-06-01,Furniture,Office Furnishings,Prarie,Saskachewan,Consumer,45,2207.9,579.76,0.02
2010-06-09,2010-06-01,Office Supplies,Pens & Art Supplies,Prarie,Saskachewan,Consumer,41,139.93,-3.06,0.05
2010-06-09,2010-06-01,Office Supplies,Rubber Bands,Prarie,Saskachewan,Consumer,8,15.45,-7.75,0.05
2009-03-23,2009-03-01,Technology,Copiers and Fax,Prarie,Saskachewan,Corporate,3,1759.65,-2213.75,0.06
2009-03-23,2009-03-01,Office Supplies,Pens & Art Supplies,Prarie,Saskachewan,Corporate,7,88.59,-26.29,0.05
2010-03-21,2010-03-01,Furniture,Office Furnishings,Prarie,Saskachewan,Corporate,49,508.38,4.68,0.06
2010-03-21,2010-03-01,Office Supplies,Paper,Prarie,Saskachewan,Corporate,28,281.09,-114.58,0.01
2010-03-21,2010-03-01,Office Supplies,Paper,Prarie,Saskachewan,Corporate,41,276.65,-75.28,0.02
2010-08-30,2010-08-01,Office Supplies,Paper,Prarie,Saskachewan,Small Business,34,1911.69,939.43,0.07
2010-08-30,2010-08-01,Technology,Telephones and Communication,Prarie,Saskachewan,Small Business,17,120.751,-71.39,0.03
2010-08-30,2010-08-01,Office Supplies,Paper,Prarie,Saskachewan,Small Business,45,245.55,-227.25,0.03
2011-10-02,2011-10-01,Office Supplies,Rubber Bands,Prarie,Saskachewan,Corporate,19,28.82,2.16,0.0
2011-10-02,2011-10-01,Office Supplies,Pens & Art Supplies,Prarie,Saskachewan,Corporate,45,75.39,-4.83,0.05
2010-12-06,2010-12-01,Office Supplies,Binders and Binder Accessories,Prarie,Saskachewan,Corporate,39,851.17,-131.28,0.07
2011-05-26,2011-05-01,Office Supplies,Binders and Binder Accessories,Prarie,Saskachewan,Corporate,15,68.03,8.87,0.05
2009-12-02,2009-12-01,Furniture,Office Furnishings,Prarie,Saskachewan,Small Business,18,2567.13,945.54,0.02
2011-07-25,2011-07-01,Technology,Computer Peripherals,Prarie,Saskachewan,Consumer,42,1244.01,539.57,0.0
2011-07-25,2011-07-01,Furniture,Office Furnishings,Prarie,Saskachewan,Consumer,42,981.73,388.23,0.03
2011-07-25,2011-07-01,Office Supplies,Paper,Prarie,Saskachewan,Consumer,44,302.07,-185.98,0.0
2011-06-17,2011-06-01,Furniture,Tables,Prarie,Saskachewan,Corporate,6,1307.184,-184.06,0.03
2010-03-13,2010-03-01,Furniture,Chairs & Chairmats,Prarie,Saskachewan,Corporate,9,436.3,-50.31,0.08
2010-03-13,2010-03-01,Furniture,Office Furnishings,Prarie,Saskachewan,Corporate,47,364.23,41.58,0.01
2009-04-19,2009-04-01,Furniture,Office Furnishings,Prarie,Saskachewan,Home Office,40,750.14,93.68,0.02
2011-05-05,2011-05-01,Furniture,Office Furnishings,Prarie,Saskachewan,Corporate,8,94.35,42.22,0.1
2011-05-05,2011-05-01,Office Supplies,Paper,Prarie,Saskachewan,Corporate,50,276.75,-117.91,0.04
2009-09-23,2009-09-01,Office Supplies,Appliances,Prarie,Saskachewan,Corporate,32,1929.19,570.67,0.04
2010-05-15,2010-05-01,Office Supplies,Rubber Bands,Prarie,Saskachewan,Corporate,17,58.86,6.96,0.03
2012-06-28,2012-06-01,Office Supplies,Binders and Binder Accessories,Prarie,Saskachewan,Home Office,32,6892.07,2754.16,0.05
2009-05-29,2009-05-01,Technology,Office Machines,Prarie,Saskachewan,Corporate,31,801.45,227.59,0.01
2012-10-06,2012-10-01,Technology,Telephones and Communication,Prarie,Saskachewan,Small Business,34,5518.5315,1111.26,0.1
2011-06-12,2011-06-01,Office Supplies,Binders and Binder Accessories,Prarie,Saskachewan,Small Business,24,188.47,-191.23,0.03
2012-01-13,2012-01-01,Office Supplies,Binders and Binder Accessories,Prarie,Saskachewan,Corporate,31,163.27,-0.62,0.04
2012-01-13,2012-01-01,Technology,Office Machines,Prarie,Saskachewan,Corporate,47,24559.91,7358.66,0.01
2012-01-13,2012-01-01,Furniture,Bookcases,Prarie,Saskachewan,Corporate,21,1217.5,-412.36,0.07
2012-01-13,2012-01-01,Furniture,Chairs & Chairmats,Prarie,Saskachewan,Corporate,17,441.53,-119.55,0.07
2010-10-08,2010-10-01,Technology,Telephones and Communication,Prarie,Saskachewan,Consumer,6,834.2155,-449.42,0.02
2012-07-13,2012-07-01,Technology,Copiers and Fax,Prarie,Saskachewan,Corporate,50,13934.53,4352.83,0.1
2012-07-13,2012-07-01,Furniture,Office Furnishings,Prarie,Saskachewan,Corporate,38,1233.76,-168.08,0.06
2012-07-13,2012-07-01,Technology,Telephones and Communication,Prarie,Saskachewan,Corporate,49,2377.28,-5.79,0.04
2010-10-09,2010-10-01,Office Supplies,Paper,Prarie,Saskachewan,Home Office,29,134.68,-66.46,0.1
2012-09-24,2012-09-01,Technology,Telephones and Communication,Prarie,Saskachewan,Home Office,33,3671.1415,995.09,0.02
2010-08-27,2010-08-01,Furniture,Tables,Prarie,Saskachewan,Small Business,31,5445.992,-791.66,0.08
2009-10-29,2009-10-01,Office Supplies,Binders and Binder Accessories,Prarie,Saskachewan,Home Office,41,1169.26,515.62,0.02
2011-03-27,2011-03-01,Office Supplies,Binders and Binder Accessories,Prarie,Saskachewan,Home Office,41,136.45,-202.08,0.1
2011-03-27,2011-03-01,Office Supplies,Paper,Prarie,Saskachewan,Home Office,24,121.81,-50.21,0.05
2012-02-26,2012-02-01,Office Supplies,Appliances,Prarie,Saskachewan,Corporate,18,203.57,-4.84,0.01
2010-01-08,2010-01-01,Office Supplies,Paper,Prarie,Saskachewan,Home Office,42,287.75,-136.02,0.02
2009-03-28,2009-03-01,Furniture,Chairs & Chairmats,Prarie,Saskachewan,Small Business,6,171.77,-59.88,0.01
2012-10-07,2012-10-01,Office Supplies,Paper,Prarie,Saskachewan,Corporate,5,36.43,-22.04,0.04
2010-05-21,2010-05-01,Furniture,Bookcases,Prarie,Saskachewan,Corporate,35,2173.26,-465.66,0.0
2010-05-21,2010-05-01,Technology,Computer Peripherals,Prarie,Saskachewan,Corporate,20,623.29,57.44,0.0
2010-05-21,2010-05-01,Furniture,Office Furnishings,Prarie,Saskachewan,Corporate,2,40.34,-23.62,0.03
2009-06-13,2009-06-01,Office Supplies,Appliances,Prarie,Saskachewan,Corporate,9,1608.87,346.98,0.07
2009-06-13,2009-06-01,Office Supplies,Binders and Binder Accessories,Prarie,Saskachewan,Corporate,11,37.64,7.52,0.01
2012-08-12,2012-08-01,Office Supplies,Labels,Prarie,Saskachewan,Corporate,36,161.56,59.67,0.0
2010-12-12,2010-12-01,Technology,Computer Peripherals,Prarie,Saskachewan,Home Office,19,917.31,-139.86,0.05
2009-09-20,2009-09-01,Office Supplies,Labels,Prarie,Saskachewan,Home Office,41,129.49,36.02,0.04
2009-09-20,2009-09-01,Office Supplies,Paper,Prarie,Saskachewan,Home Office,29,202.95,-50.64,0.02
2009-09-20,2009-09-01,Technology,Telephones and Communication,Prarie,Saskachewan,Home Office,26,2753.1925,510.49,0.04
2011-06-16,2011-06-01,Office Supplies,Paper,Prarie,Saskachewan,Home Office,18,88.84,-38.35,0.08
2012-03-04,2012-03-01,Technology,Computer Peripherals,Prarie,Saskachewan,Corporate,40,909.82,292.49,0.02
2009-10-18,2009-10-01,Office Supplies,Paper,Prarie,Saskachewan,Corporate,24,1411.58,699.31,0.01
2009-10-18,2009-10-01,Technology,Telephones and Communication,Prarie,Saskachewan,Corporate,38,2115.242,371.41,0.04
2009-10-18,2009-10-01,Furniture,Chairs & Chairmats,Prarie,Saskachewan,Corporate,9,1246.68,218.48,0.01
2011-01-04,2011-01-01,Office Supplies,Appliances,Prarie,Saskachewan,Corporate,20,169.18,-18.73,0.09
2011-01-04,2011-01-01,Furniture,Tables,Prarie,Saskachewan,Corporate,37,8252.392,1853.19,0.04
2010-06-21,2010-06-01,Office Supplies,Appliances,Prarie,Saskachewan,Corporate,17,77.19,-81.35,0.03
2009-03-14,2009-03-01,Furniture,Chairs & Chairmats,Prarie,Saskachewan,Corporate,36,7223.59,1769.81,0.07
2009-03-14,2009-03-01,Furniture,Tables,Prarie,Saskachewan,Corporate,6,934.216,-4.34,0.02
2012-04-13,2012-04-01,Office Supplies,Appliances,Prarie,Saskachewan,Home Office,24,1307.0,428.99,0.02
2012-04-13,2012-04-01,Office Supplies,Binders and Binder Accessories,Prarie,Saskachewan,Home Office,22,41.39,-12.02,0.09
2012-01-03,2012-01-01,Technology,Office Machines,Prarie,Saskachewan,Home Office,26,2354.15,774.79,0.03
2011-03-16,2011-03-01,Office Supplies,Paper,Prarie,Saskachewan,Small Business,50,1558.18,417.62,0.0
2009-10-28,2009-10-01,Office Supplies,Paper,Prarie,Saskachewan,Corporate,31,1370.56,511.51,0.1
2009-10-28,2009-10-01,Office Supplies,Paper,Prarie,Saskachewan,Corporate,29,172.98,-59.75,0.08
2010-08-04,2010-08-01,Technology,Telephones and Communication,Prarie,Saskachewan,Corporate,44,1372.9455,429.89,0.0
2010-03-30,2010-03-01,Office Supplies,Binders and Binder Accessories,Prarie,Saskachewan,Corporate,40,88.02,-6.54,0.0
2010-03-30,2010-03-01,Furniture,Chairs & Chairmats,Prarie,Saskachewan,Corporate,32,800.0,-210.3,0.1
2011-01-09,2011-01-01,Furniture,Office Furnishings,Prarie,Saskachewan,Home Office,8,381.69,256.18,0.04
2009-01-10,2009-01-01,Furniture,Office Furnishings,Prarie,Saskachewan,Corporate,35,1009.42,339.58,0.02
2009-01-10,2009-01-01,Technology,Office Machines,Prarie,Saskachewan,Corporate,49,15137.11,4913.16,0.03
2009-01-12,2009-01-01,Office Supplies,Storage & Organization,Prarie,Saskachewan,Corporate,40,1030.09,-568.71,0.09
2010-07-30,2010-07-01,Office Supplies,Binders and Binder Accessories,Prarie,Saskachewan,Home Office,47,88.7,-20.45,0.06
2010-07-30,2010-07-01,Office Supplies,Pens & Art Supplies,Prarie,Saskachewan,Home Office,39,105.89,4.13,0.08
2010-11-18,2010-11-01,Furniture,Chairs & Chairmats,Prarie,Saskachewan,Home Office,34,9107.27,2463.36,0.07
2009-12-17,2009-12-01,Office Supplies,Pens & Art Supplies,Prarie,Saskachewan,Home Office,27,71.39,-39.33,0.09
2011-09-29,2011-09-01,Office Supplies,Appliances,Prarie,Saskachewan,Corporate,37,1596.86,418.6,0.05
2011-09-29,2011-09-01,Office Supplies,Pens & Art Supplies,Prarie,Saskachewan,Corporate,12,78.36,8.52,0.06
2009-11-20,2009-11-01,Furniture,Tables,Prarie,Saskachewan,Corporate,20,3300.216,-855.03,0.1
2009-11-20,2009-11-01,Office Supplies,Binders and Binder Accessories,Prarie,Saskachewan,Corporate,23,331.54,9.41,0.05
2010-04-22,2010-04-01,Office Supplies,Binders and Binder Accessories,Prarie,Saskachewan,Home Office,38,251.3,-112.72,0.1
2010-05-04,2010-05-01,Office Supplies,Paper,Prarie,Saskachewan,Corporate,41,226.68,-159.35,0.04
2009-01-12,2009-01-01,Technology,Computer Peripherals,Prarie,Saskachewan,Consumer,10,401.14,-131.03,0.1
2009-02-23,2009-02-01,Office Supplies,Storage & Organization,Prarie,Saskachewan,Corporate,19,467.4,-851.09,0.01
2011-03-20,2011-03-01,Technology,Office Machines,Prarie,Saskachewan,Corporate,44,21532.26,8323.39,0.09
2011-03-20,2011-03-01,Office Supplies,Paper,Prarie,Saskachewan,Corporate,1,7.64,-6.6,0.1
2011-11-10,2011-11-01,Technology,Computer Peripherals,Prarie,Saskachewan,Corporate,27,1154.89,66.36,0.03
2010-03-21,2010-03-01,Office Supplies,Appliances,Prarie,Saskachewan,Corporate,12,709.54,131.44,0.07
2010-03-21,2010-03-01,Technology,Computer Peripherals,Prarie,Saskachewan,Corporate,42,1220.08,515.64,0.0
2009-02-26,2009-02-01,Technology,Telephones and Communication,Prarie,Saskachewan,Home Office,20,606.3985,126.13,0.09
2011-08-11,2011-08-01,Technology,Telephones and Communication,Prarie,Saskachewan,Home Office,20,1108.366,178.31,0.05
2010-01-29,2010-01-01,Office Supplies,Appliances,Prarie,Saskachewan,Corporate,17,734.25,160.58,0.08
2011-05-07,2011-05-01,Office Supplies,Storage & Organization,Prarie,Saskachewan,Corporate,8,741.49,-360.18,0.08
2012-10-10,2012-10-01,Office Supplies,Binders and Binder Accessories,Prarie,Saskachewan,Home Office,12,768.41,60.38,0.1
2012-10-10,2012-10-01,Furniture,Tables,Prarie,Saskachewan,Home Office,47,5238.192,-503.77,0.08
2011-01-04,2011-01-01,Office Supplies,"Scissors, Rulers and Trimmers",Prarie,Saskachewan,Corporate,50,600.22,27.86,0.08
2010-07-19,2010-07-01,Office Supplies,Rubber Bands,Prarie,Saskachewan,Home Office,45,125.21,37.99,0.01
2010-07-19,2010-07-01,Technology,Telephones and Communication,Prarie,Saskachewan,Home Office,9,924.1115,-287.99,0.06
2010-11-24,2010-11-01,Technology,Computer Peripherals,Prarie,Saskachewan,Consumer,50,2440.26,917.28,0.0
2010-11-24,2010-11-01,Technology,Computer Peripherals,Prarie,Saskachewan,Consumer,23,1008.19,210.01,0.03
2011-08-30,2011-08-01,Furniture,Office Furnishings,Prarie,Saskachewan,Home Office,19,169.4,-59.64,0.1
2009-02-27,2009-02-01,Furniture,Bookcases,Prarie,Saskachewan,Corporate,10,1372.14,-340.98,0.06
2009-07-09,2009-07-01,Technology,Telephones and Communication,Prarie,Saskachewan,Small Business,45,6944.092,1820.95,0.06
2012-03-28,2012-03-01,Office Supplies,Paper,Prarie,Saskachewan,Home Office,12,66.83,-24.31,0.02
2012-03-28,2012-03-01,Technology,Telephones and Communication,Prarie,Saskachewan,Home Office,43,1407.515,657.45,0.0
2012-07-29,2012-07-01,Technology,Computer Peripherals,Prarie,Saskachewan,Home Office,40,273.14,-96.9,0.02
2012-07-29,2012-07-01,Technology,Telephones and Communication,Prarie,Saskachewan,Home Office,22,3100.1115,567.37,0.02
2012-12-08,2012-12-01,Technology,Computer Peripherals,Prarie,Saskachewan,Home Office,7,57.35,-28.55,0.06
2012-12-08,2012-12-01,Office Supplies,Pens & Art Supplies,Prarie,Saskachewan,Home Office,10,371.45,17.73,0.01
2012-09-11,2012-09-01,Technology,Office Machines,Prarie,Saskachewan,Corporate,10,5158.09,969.05,0.01
2011-12-12,2011-12-01,Office Supplies,Storage & Organization,Prarie,Saskachewan,Home Office,22,364.69,-22.4,0.06
2011-12-12,2011-12-01,Technology,Computer Peripherals,Prarie,Saskachewan,Home Office,16,86.3,-68.67,0.0
2012-01-04,2012-01-01,Office Supplies,Storage & Organization,Prarie,Saskachewan,Home Office,47,12723.95,11.54,0.08
2012-10-07,2012-10-01,Office Supplies,Paper,Prarie,Saskachewan,Corporate,43,272.63,-64.45,0.04
2010-08-17,2010-08-01,Office Supplies,Storage & Organization,Prarie,Saskachewan,Corporate,39,546.4,-138.82,0.1
2012-12-30,2012-12-01,Technology,Computer Peripherals,Prarie,Saskachewan,Home Office,31,672.93,27.85,0.0
2012-12-30,2012-12-01,Office Supplies,"Scissors, Rulers and Trimmers",Prarie,Saskachewan,Home Office,1,803.33,-745.2,0.09
2012-03-30,2012-03-01,Office Supplies,Pens & Art Supplies,Prarie,Saskachewan,Corporate,27,109.92,24.75,0.06
2009-04-20,2009-04-01,Office Supplies,Envelopes,Prarie,Saskachewan,Home Office,35,150.29,5.04,0.03
2012-09-18,2012-09-01,Office Supplies,Storage & Organization,Prarie,Saskachewan,Corporate,32,3500.49,230.64,0.09
2009-07-27,2009-07-01,Office Supplies,Labels,Prarie,Saskachewan,Corporate,39,223.34,95.42,0.1
2012-01-11,2012-01-01,Office Supplies,Storage & Organization,Prarie,Saskachewan,Home Office,30,380.28,-20.58,0.08
2011-04-20,2011-04-01,Office Supplies,Labels,Prarie,Saskachewan,Corporate,24,67.84,13.44,0.07
2010-10-05,2010-10-01,Office Supplies,Appliances,Prarie,Saskachewan,Corporate,11,122.35,-13.55,0.02
2009-08-03,2009-08-01,Office Supplies,Binders and Binder Accessories,Prarie,Saskachewan,Corporate,6,27.89,-23.81,0.08
2009-08-03,2009-08-01,Technology,Telephones and Communication,Prarie,Saskachewan,Corporate,24,2560.9395,457.79,0.06
2009-12-15,2009-12-01,Office Supplies,Rubber Bands,Prarie,Saskachewan,Home Office,27,43.46,6.81,0.0
2009-12-15,2009-12-01,Technology,Telephones and Communication,Prarie,Saskachewan,Home Office,5,927.9875,-615.91,0.0
2009-05-17,2009-05-01,Furniture,Chairs & Chairmats,Prarie,Saskachewan,Corporate,30,3575.23,87.88,0.04
2012-04-25,2012-04-01,Technology,Computer Peripherals,Prarie,Saskachewan,Corporate,25,662.16,185.21,0.07
2011-10-17,2011-10-01,Office Supplies,Binders and Binder Accessories,Prarie,Saskachewan,Corporate,19,5642.18,1996.68,0.09
2009-05-07,2009-05-01,Office Supplies,Binders and Binder Accessories,Prarie,Saskachewan,Small Business,48,133.04,6.73,0.07
2012-12-23,2012-12-01,Technology,Computer Peripherals,Prarie,Saskachewan,Consumer,10,554.21,-105.37,0.05
2011-06-11,2011-06-01,Furniture,Chairs & Chairmats,Prarie,Saskachewan,Consumer,8,775.74,-215.39,0.02
2011-06-11,2011-06-01,Office Supplies,"Scissors, Rulers and Trimmers",Prarie,Saskachewan,Consumer,26,238.34,-19.31,0.06
2009-11-23,2009-11-01,Office Supplies,Binders and Binder Accessories,Prarie,Saskachewan,Corporate,28,67.72,-142.67,0.01
2009-11-23,2009-11-01,Office Supplies,Pens & Art Supplies,Prarie,Saskachewan,Corporate,3,68.64,-38.93,0.07
2010-11-09,2010-11-01,Furniture,Office Furnishings,Prarie,Saskachewan,Corporate,24,875.52,5.71,0.09
2011-02-26,2011-02-01,Office Supplies,Paper,Prarie,Saskachewan,Corporate,11,405.53,130.52,0.04
2010-08-06,2010-08-01,Office Supplies,Paper,Prarie,Saskachewan,Small Business,2,22.07,-15.45,0.07
2011-01-31,2011-01-01,Office Supplies,Appliances,Prarie,Saskachewan,Small Business,15,1866.12,400.69,0.07
2009-01-03,2009-01-01,Technology,Computer Peripherals,Prarie,Saskachewan,Corporate,12,522.49,-236.43,0.08
2009-01-03,2009-01-01,Technology,Office Machines,Prarie,Saskachewan,Corporate,49,28359.4,14440.39,0.05
2009-01-03,2009-01-01,Office Supplies,Paper,Prarie,Saskachewan,Corporate,12,123.76,32.44,0.04
2011-09-12,2011-09-01,Office Supplies,Binders and Binder Accessories,Prarie,Saskachewan,Corporate,6,12.61,-4.9,0.07
2010-11-30,2010-11-01,Office Supplies,Pens & Art Supplies,Prarie,Saskachewan,Corporate,31,74.75,-115.43,0.06
2012-03-29,2012-03-01,Furniture,Tables,Prarie,Saskachewan,Home Office,10,1111.008,-146.29,0.09
2010-04-10,2010-04-01,Office Supplies,Binders and Binder Accessories,Prarie,Saskachewan,Consumer,3,15.64,-16.01,0.08
2010-04-10,2010-04-01,Office Supplies,Binders and Binder Accessories,Prarie,Saskachewan,Consumer,28,1751.08,587.01,0.0
2010-04-10,2010-04-01,Furniture,Office Furnishings,Prarie,Saskachewan,Consumer,18,225.37,77.53,0.04
2012-02-19,2012-02-01,Office Supplies,Pens & Art Supplies,Prarie,Saskachewan,Corporate,32,1486.72,294.81,0.0
2012-02-19,2012-02-01,Office Supplies,"Scissors, Rulers and Trimmers",Prarie,Saskachewan,Corporate,45,558.04,40.32,0.05
2012-08-08,2012-08-01,Office Supplies,Storage & Organization,Prarie,Saskachewan,Corporate,2,27.83,-22.14,0.09
2010-08-26,2010-08-01,Office Supplies,Appliances,Prarie,Saskachewan,Corporate,29,597.66,-178.0,0.08
2010-08-26,2010-08-01,Technology,Telephones and Communication,Prarie,Saskachewan,Corporate,45,1403.741,622.25,0.01
2010-08-26,2010-08-01,Technology,Telephones and Communication,Prarie,Saskachewan,Corporate,10,1246.3635,-339.11,0.06
2011-08-26,2011-08-01,Office Supplies,Appliances,Prarie,Saskachewan,Consumer,42,2507.48,762.53,0.04
2012-09-30,2012-09-01,Office Supplies,Paper,Prarie,Saskachewan,Corporate,21,150.16,-32.78,0.09
2010-12-26,2010-12-01,Technology,Telephones and Communication,Prarie,Saskachewan,Corporate,43,4687.6735,1304.56,0.06
2012-01-12,2012-01-01,Furniture,Chairs & Chairmats,Prarie,Saskachewan,Corporate,21,6435.87,935.06,0.04
2012-01-12,2012-01-01,Technology,Computer Peripherals,Prarie,Saskachewan,Corporate,11,312.03,-66.66,0.08
2012-04-16,2012-04-01,Office Supplies,Paper,Prarie,Saskachewan,Small Business,13,418.93,82.25,0.03
2009-11-17,2009-11-01,Office Supplies,Binders and Binder Accessories,Prarie,Saskachewan,Corporate,20,676.44,48.76,0.07
2009-11-17,2009-11-01,Office Supplies,Paper,Prarie,Saskachewan,Corporate,10,128.02,-7.9,0.02
2009-11-17,2009-11-01,Office Supplies,Pens & Art Supplies,Prarie,Saskachewan,Corporate,15,526.82,32.34,0.06
2012-02-24,2012-02-01,Technology,Telephones and Communication,Prarie,Saskachewan,Corporate,43,7679.512,2307.42,0.0
2009-03-12,2009-03-01,Furniture,Bookcases,Prarie,Saskachewan,Consumer,46,5074.07,-1390.53,0.0
2009-03-12,2009-03-01,Technology,Computer Peripherals,Prarie,Saskachewan,Consumer,31,1526.67,118.82,0.01
2012-07-29,2012-07-01,Office Supplies,Envelopes,Prarie,Saskachewan,Corporate,5,77.41,9.35,0.05
2012-07-29,2012-07-01,Office Supplies,Paper,Prarie,Saskachewan,Corporate,19,112.67,-37.85,0.09
2012-07-30,2012-07-01,Technology,Copiers and Fax,Prarie,Saskachewan,Home Office,3,614.14,-735.27,0.09
2011-04-23,2011-04-01,Office Supplies,Envelopes,Prarie,Saskachewan,Corporate,24,223.2,78.74,0.1
2012-02-16,2012-02-01,Office Supplies,Labels,Prarie,Saskachewan,Corporate,37,101.9,40.52,0.0
2012-02-16,2012-02-01,Furniture,Office Furnishings,Prarie,Saskachewan,Corporate,7,187.33,66.47,0.03
2012-02-16,2012-02-01,Office Supplies,"Scissors, Rulers and Trimmers",Prarie,Saskachewan,Corporate,45,259.17,-57.33,0.01
2012-02-16,2012-02-01,Technology,Telephones and Communication,Prarie,Saskachewan,Corporate,43,4697.032,1263.01,0.0
2011-02-01,2011-02-01,Office Supplies,Labels,Prarie,Saskachewan,Home Office,4,13.42,-1.26,0.03
2012-01-27,2012-01-01,Technology,Computer Peripherals,Prarie,Saskachewan,Corporate,32,320.57,27.95,0.09
2011-11-28,2011-11-01,Furniture,Office Furnishings,Prarie,Saskachewan,Consumer,23,138.71,-33.16,0.09
2011-07-06,2011-07-01,Technology,Office Machines,Prarie,Saskachewan,Corporate,38,29186.49,11562.08,0.05
2012-05-24,2012-05-01,Office Supplies,Labels,Prarie,Saskachewan,Home Office,18,53.79,11.55,0.03
2009-05-17,2009-05-01,Office Supplies,Paper,Prarie,Saskachewan,Home Office,43,354.96,151.27,0.07
2009-05-17,2009-05-01,Office Supplies,Paper,Prarie,Saskachewan,Home Office,26,130.97,-83.42,0.09
2009-12-07,2009-12-01,Office Supplies,"Scissors, Rulers and Trimmers",Prarie,Saskachewan,Corporate,34,459.08,61.57,0.04
2010-04-02,2010-04-01,Office Supplies,Pens & Art Supplies,Prarie,Saskachewan,Corporate,20,193.7,-14.99,0.06
2012-04-06,2012-04-01,Furniture,Bookcases,Prarie,Saskachewan,Consumer,46,6730.07,-1134.61,0.05
2010-11-22,2010-11-01,Technology,Telephones and Communication,Prarie,Saskachewan,Corporate,33,553.3415,-67.71,0.08
2012-05-10,2012-05-01,Office Supplies,Paper,Prarie,Saskachewan,Corporate,22,152.52,-43.87,0.03
2012-05-10,2012-05-01,Office Supplies,Paper,Prarie,Saskachewan,Corporate,14,71.6,-30.65,0.05
2012-05-10,2012-05-01,Technology,Telephones and Communication,Prarie,Saskachewan,Corporate,37,1699.983,-202.86,0.1
2012-07-03,2012-07-01,Office Supplies,Rubber Bands,Prarie,Saskachewan,Corporate,34,43.54,-17.48,0.0
2011-12-09,2011-12-01,Office Supplies,Paper,Prarie,Saskachewan,Home Office,50,330.27,-195.57,0.07
2011-12-26,2011-12-01,Technology,Telephones and Communication,Prarie,Saskachewan,Consumer,3,448.3665,-748.41,0.03
2012-07-10,2012-07-01,Office Supplies,Storage & Organization,Prarie,Saskachewan,Corporate,49,841.51,20.86,0.05
2009-12-25,2009-12-01,Office Supplies,Envelopes,Prarie,Saskachewan,Small Business,20,71.07,-15.09,0.08
2009-10-06,2009-10-01,Office Supplies,Binders and Binder Accessories,Prarie,Saskachewan,Corporate,31,176.28,-80.3,0.07
2012-07-16,2012-07-01,Technology,Office Machines,Prarie,Saskachewan,Consumer,30,8718.46,1554.85,0.09
2012-07-16,2012-07-01,Office Supplies,Paper,Prarie,Saskachewan,Consumer,26,135.88,-66.02,0.05
2010-08-16,2010-08-01,Office Supplies,Binders and Binder Accessories,Prarie,Saskachewan,Consumer,38,487.98,8.1,0.01
2010-10-29,2010-10-01,Office Supplies,Paper,Prarie,Saskachewan,Corporate,45,254.92,-99.62,0.1
2010-07-24,2010-07-01,Office Supplies,Appliances,Prarie,Saskachewan,Consumer,26,1846.2,-584.93,0.04
2010-07-24,2010-07-01,Office Supplies,Labels,Prarie,Saskachewan,Consumer,11,32.03,7.41,0.09
2010-07-24,2010-07-01,Office Supplies,Paper,Prarie,Saskachewan,Consumer,44,185.82,11.45,0.05
2009-06-14,2009-06-01,Office Supplies,Binders and Binder Accessories,Prarie,Saskachewan,Home Office,24,7046.61,2595.18,0.08
2009-09-09,2009-09-01,Office Supplies,Pens & Art Supplies,Prarie,Saskachewan,Corporate,5,14.74,-2.58,0.08
2011-03-25,2011-03-01,Technology,Computer Peripherals,Prarie,Saskachewan,Corporate,26,423.14,85.51,0.03
2011-03-25,2011-03-01,Office Supplies,Paper,Prarie,Saskachewan,Corporate,22,628.39,181.83,0.1
2011-03-25,2011-03-01,Office Supplies,Appliances,Prarie,Saskachewan,Corporate,2,162.49,-94.83,0.03
2009-07-20,2009-07-01,Office Supplies,Binders and Binder Accessories,Prarie,Saskachewan,Consumer,21,133.15,-51.43,0.05
2009-07-20,2009-07-01,Office Supplies,Labels,Prarie,Saskachewan,Consumer,45,136.71,34.72,0.04
2010-10-05,2010-10-01,Office Supplies,Storage & Organization,Prarie,Saskachewan,Corporate,6,96.03,-59.39,0.1
2009-05-11,2009-05-01,Furniture,Office Furnishings,Prarie,Saskachewan,Consumer,11,28.63,-21.17,0.09
2009-05-11,2009-05-01,Furniture,Tables,Prarie,Saskachewan,Consumer,45,8014.624,1366.1,0.08
2012-09-05,2012-09-01,Furniture,Tables,Prarie,Saskachewan,Small Business,7,1339.024,-211.51,0.03
2009-01-05,2009-01-01,Office Supplies,Paper,Prarie,Saskachewan,Home Office,23,725.43,245.97,0.0
2010-09-01,2010-09-01,Office Supplies,"Scissors, Rulers and Trimmers",Prarie,Saskachewan,Small Business,42,130.96,-66.74,0.05
2011-11-15,2011-11-01,Technology,Office Machines,Prarie,Saskachewan,Small Business,29,11039.75,2148.97,0.06
2011-11-15,2011-11-01,Furniture,Tables,Prarie,Saskachewan,Small Business,30,4982.944,693.69,0.07
2010-11-18,2010-11-01,Office Supplies,Labels,Prarie,Saskachewan,Small Business,12,31.77,8.34,0.04
2010-11-18,2010-11-01,Office Supplies,Pens & Art Supplies,Prarie,Saskachewan,Small Business,33,208.05,46.01,0.01
2010-11-24,2010-11-01,Technology,Computer Peripherals,Prarie,Saskachewan,Small Business,25,827.47,45.37,0.0
2010-10-09,2010-10-01,Office Supplies,Storage & Organization,Prarie,Saskachewan,Consumer,50,7017.42,595.2,0.08
2011-04-03,2011-04-01,Technology,Computer Peripherals,Prarie,Saskachewan,Consumer,26,1075.91,34.42,0.03
2011-04-03,2011-04-01,Technology,Telephones and Communication,Prarie,Saskachewan,Consumer,21,1176.859,137.86,0.03
2009-12-25,2009-12-01,Office Supplies,Storage & Organization,Prarie,Saskachewan,Consumer,39,651.45,-160.56,0.07
2010-12-26,2010-12-01,Office Supplies,Binders and Binder Accessories,Prarie,Saskachewan,Home Office,34,536.25,-166.75,0.06
2010-12-26,2010-12-01,Office Supplies,Paper,Prarie,Saskachewan,Home Office,1,5.73,-1.84,0.01
2011-10-15,2011-10-01,Office Supplies,Binders and Binder Accessories,Prarie,Saskachewan,Home Office,13,189.99,72.82,0.03
2009-01-15,2009-01-01,Furniture,Office Furnishings,Prarie,Saskachewan,Home Office,25,201.06,-80.86,0.08
2011-10-04,2011-10-01,Office Supplies,"Scissors, Rulers and Trimmers",Prarie,Saskachewan,Small Business,46,459.26,-54.12,0.08
2009-12-04,2009-12-01,Office Supplies,Paper,Prarie,Saskachewan,Consumer,48,410.35,114.02,0.1
2012-01-18,2012-01-01,Technology,Telephones and Communication,Prarie,Saskachewan,Small Business,5,901.374,-648.65,0.01
2009-10-15,2009-10-01,Office Supplies,Pens & Art Supplies,Prarie,Saskachewan,Home Office,19,513.5,82.96,0.02
2010-05-26,2010-05-01,Technology,Computer Peripherals,Prarie,Saskachewan,Consumer,7,182.89,-99.3,0.07
2011-06-17,2011-06-01,Office Supplies,Paper,Prarie,Saskachewan,Consumer,20,148.65,-142.78,0.1
2011-06-17,2011-06-01,Office Supplies,Paper,Prarie,Saskachewan,Consumer,28,198.21,-163.28,0.01
2010-02-10,2010-02-01,Office Supplies,Rubber Bands,Prarie,Saskachewan,Home Office,1,5.63,-3.55,0.03
2010-02-10,2010-02-01,Office Supplies,Labels,Prarie,Saskachewan,Home Office,5,16.48,-0.33,0.06
2010-02-10,2010-02-01,Office Supplies,Storage & Organization,Prarie,Saskachewan,Home Office,38,15655.24,4818.29,0.09
2011-05-21,2011-05-01,Office Supplies,Binders and Binder Accessories,Prarie,Saskachewan,Home Office,7,189.73,43.17,0.01
2011-05-21,2011-05-01,Office Supplies,Paper,Prarie,Saskachewan,Home Office,40,278.8,77.71,0.06
2009-07-01,2009-07-01,Furniture,Tables,Prarie,Saskachewan,Small Business,6,2170.61,-62.29,0.01
2010-11-23,2010-11-01,Office Supplies,Pens & Art Supplies,Prarie,Saskachewan,Small Business,29,163.04,58.0,0.08
2010-11-23,2010-11-01,Furniture,Tables,Prarie,Saskachewan,Small Business,31,9041.26,-383.03,0.01
2009-05-23,2009-05-01,Technology,Computer Peripherals,Prarie,Saskachewan,Home Office,46,3519.12,315.33,0.09
2009-05-23,2009-05-01,Office Supplies,Pens & Art Supplies,Prarie,Saskachewan,Home Office,37,108.33,17.0,0.0
2009-03-04,2009-03-01,Furniture,Chairs & Chairmats,Prarie,Saskachewan,Consumer,14,3950.6,-477.66,0.02
2010-05-30,2010-05-01,Technology,Computer Peripherals,Prarie,Saskachewan,Small Business,12,254.12,-64.97,0.06
2010-05-30,2010-05-01,Technology,Computer Peripherals,Prarie,Saskachewan,Small Business,37,767.04,238.84,0.02
2011-12-04,2011-12-01,Technology,Telephones and Communication,Prarie,Saskachewan,Home Office,37,6072.1875,1372.09,0.09
2012-12-29,2012-12-01,Technology,Computer Peripherals,Prarie,Saskachewan,Home Office,46,1936.45,307.17,0.1
2012-12-29,2012-12-01,Furniture,Tables,Prarie,Saskachewan,Home Office,17,3711.04,-773.78,0.04
2012-04-28,2012-04-01,Furniture,Tables,Prarie,Saskachewan,Home Office,7,2789.03,-303.44,0.05
2012-10-24,2012-10-01,Technology,Computer Peripherals,Prarie,Saskachewan,Small Business,10,403.88,48.03,0.07
2009-04-15,2009-04-01,Office Supplies,Appliances,Prarie,Saskachewan,Consumer,49,3291.13,925.95,0.09
2009-04-15,2009-04-01,Furniture,Office Furnishings,Prarie,Saskachewan,Consumer,40,736.96,-34.29,0.1
2009-10-01,2009-10-01,Office Supplies,Binders and Binder Accessories,Prarie,Saskachewan,Consumer,35,2333.06,473.39,0.08
2012-06-27,2012-06-01,Office Supplies,Binders and Binder Accessories,Prarie,Saskachewan,Home Office,17,267.58,-137.75,0.03
2010-07-18,2010-07-01,Furniture,Chairs & Chairmats,Prarie,Saskachewan,Home Office,2,555.68,-336.3,0.01
2012-04-18,2012-04-01,Office Supplies,Storage & Organization,Prarie,Saskachewan,Home Office,44,486.63,-146.37,0.03
2011-04-28,2011-04-01,Technology,Telephones and Communication,Prarie,Saskachewan,Small Business,27,1403.027,153.8,0.1
2011-01-21,2011-01-01,Office Supplies,Binders and Binder Accessories,Prarie,Saskachewan,Corporate,38,188.38,-120.12,0.04
2010-11-24,2010-11-01,Technology,Telephones and Communication,Prarie,Saskachewan,Corporate,28,881.501,334.53,0.02
2010-11-24,2010-11-01,Office Supplies,Paper,Prarie,Saskachewan,Corporate,25,161.72,-121.18,0.09
2010-11-24,2010-11-01,Technology,Telephones and Communication,Prarie,Saskachewan,Corporate,36,660.059,-0.65,0.05
2011-04-18,2011-04-01,Technology,Computer Peripherals,Prarie,Saskachewan,Small Business,7,138.91,-64.11,0.09
2012-01-08,2012-01-01,Office Supplies,Labels,Prarie,Saskachewan,Corporate,42,162.57,75.8,0.02
2009-01-17,2009-01-01,Office Supplies,Appliances,Prarie,Saskachewan,Home Office,13,196.22,-89.35,0.05
2009-01-17,2009-01-01,Office Supplies,Paper,Prarie,Saskachewan,Home Office,11,49.76,-0.13,0.05
2010-03-13,2010-03-01,Office Supplies,Pens & Art Supplies,Prarie,Saskachewan,Consumer,42,670.65,41.66,0.08
2009-08-11,2009-08-01,Technology,Office Machines,Prarie,Saskachewan,Home Office,31,2797.41,984.3,0.06
2009-08-10,2009-08-01,Technology,Computer Peripherals,Prarie,Saskachewan,Home Office,14,89.93,-44.82,0.03
2012-11-16,2012-11-01,Technology,Telephones and Communication,Prarie,Saskachewan,Home Office,20,340.952,108.94,0.09
2011-05-16,2011-05-01,Technology,Telephones and Communication,Prarie,Saskachewan,Small Business,44,831.5805,273.05,0.01
2009-03-22,2009-03-01,Office Supplies,Paper,Prarie,Saskachewan,Small Business,27,337.61,15.61,0.03
2009-03-22,2009-03-01,Office Supplies,Storage & Organization,Prarie,Saskachewan,Small Business,42,636.34,-99.26,0.08
2011-08-25,2011-08-01,Technology,Computer Peripherals,Prarie,Saskachewan,Corporate,13,98.82,-68.66,0.09
2011-08-25,2011-08-01,Office Supplies,Paper,Prarie,Saskachewan,Corporate,40,289.19,-69.03,0.01
2010-08-07,2010-08-01,Technology,Computer Peripherals,Prarie,Saskachewan,Home Office,17,196.07,-77.66,0.05
2012-10-18,2012-10-01,Office Supplies,Binders and Binder Accessories,Prarie,Saskachewan,Small Business,1,13.45,-8.2,0.0
2012-10-18,2012-10-01,Office Supplies,Paper,Prarie,Saskachewan,Small Business,11,75.79,-18.77,0.09
2011-06-20,2011-06-01,Office Supplies,Labels,Prarie,Saskachewan,Consumer,12,46.55,16.34,0.0
2011-01-08,2011-01-01,Technology,Telephones and Communication,Prarie,Saskachewan,Home Office,29,1499.5275,188.98,0.09
2009-08-13,2009-08-01,Furniture,Tables,Prarie,Saskachewan,Consumer,15,1917.61,-286.9,0.03
2011-06-27,2011-06-01,Technology,Computer Peripherals,Prarie,Saskachewan,Consumer,33,2492.97,131.02,0.06
2012-10-26,2012-10-01,Technology,Computer Peripherals,Prarie,Saskachewan,Home Office,29,575.89,-14.04,0.06
2012-10-26,2012-10-01,Office Supplies,Paper,Prarie,Saskachewan,Home Office,43,260.6,-182.71,0.05
2012-07-15,2012-07-01,Office Supplies,Rubber Bands,Prarie,Saskachewan,Small Business,50,172.23,32.35,0.02
2009-05-18,2009-05-01,Office Supplies,Appliances,Prarie,Saskachewan,Small Business,41,470.74,24.09,0.04
2009-01-18,2009-01-01,Office Supplies,Envelopes,Prarie,Saskachewan,Corporate,12,141.9,1.46,0.02
2009-01-18,2009-01-01,Office Supplies,Paper,Prarie,Saskachewan,Corporate,29,1379.1,573.8,0.06
2009-01-18,2009-01-01,Office Supplies,Storage & Organization,Prarie,Saskachewan,Corporate,17,278.76,-210.09,0.02
2012-01-08,2012-01-01,Office Supplies,Appliances,Prarie,Saskachewan,Home Office,30,182.92,-1367.72,0.06
2009-10-09,2009-10-01,Technology,Office Machines,Prarie,Saskachewan,Home Office,34,3361.84,1211.76,0.08
2009-10-09,2009-10-01,Office Supplies,Paper,Prarie,Saskachewan,Home Office,29,195.82,-91.7,0.07
2009-03-09,2009-03-01,Technology,Telephones and Communication,Prarie,Saskachewan,Corporate,33,987.3175,368.56,0.04
2011-07-15,2011-07-01,Technology,Computer Peripherals,Prarie,Saskachewan,Corporate,15,140.56,-128.38,0.04
2009-06-03,2009-06-01,Furniture,Office Furnishings,Prarie,Saskachewan,Corporate,42,1186.06,511.69,0.09
2009-06-03,2009-06-01,Office Supplies,Pens & Art Supplies,Prarie,Saskachewan,Corporate,28,51.53,0.35,0.03
2012-03-19,2012-03-01,Technology,Telephones and Communication,Prarie,Saskachewan,Small Business,25,3872.634,667.33,0.02
2011-05-18,2011-05-01,Office Supplies,Binders and Binder Accessories,Prarie,Saskachewan,Consumer,44,523.42,39.42,0.06
2011-05-18,2011-05-01,Office Supplies,Paper,Prarie,Saskachewan,Consumer,40,192.54,-186.73,0.08
2011-05-18,2011-05-01,Office Supplies,Paper,Prarie,Saskachewan,Consumer,29,156.7,-76.64,0.06
2010-07-16,2010-07-01,Furniture,Office Furnishings,Prarie,Saskachewan,Consumer,47,622.82,128.88,0.0
2009-03-28,2009-03-01,Technology,Telephones and Communication,Prarie,Saskachewan,Corporate,40,5945.3675,1585.48,0.08
2011-07-19,2011-07-01,Office Supplies,"Scissors, Rulers and Trimmers",Prarie,Saskachewan,Corporate,42,569.32,84.38,0.05
2010-05-04,2010-05-01,Office Supplies,Binders and Binder Accessories,Prarie,Saskachewan,Corporate,41,120.03,10.5,0.0
2010-12-20,2010-12-01,Office Supplies,Envelopes,Prarie,Saskachewan,Corporate,7,35.58,-19.95,0.04
2010-05-20,2010-05-01,Office Supplies,Labels,Prarie,Saskachewan,Corporate,31,153.28,73.16,0.05
2012-05-27,2012-05-01,Office Supplies,Binders and Binder Accessories,Prarie,Saskachewan,Home Office,36,139.95,-128.59,0.04
2012-05-27,2012-05-01,Furniture,Chairs & Chairmats,Prarie,Saskachewan,Home Office,24,5207.5,166.44,0.03
2010-12-05,2010-12-01,Technology,Computer Peripherals,Prarie,Saskachewan,Corporate,11,92.14,-40.25,0.01
2010-12-05,2010-12-01,Office Supplies,Paper,Prarie,Saskachewan,Corporate,40,257.43,-200.63,0.05
2009-09-24,2009-09-01,Furniture,Chairs & Chairmats,Prarie,Saskachewan,Corporate,44,3021.64,-720.2,0.07
2010-11-24,2010-11-01,Office Supplies,Pens & Art Supplies,Prarie,Saskachewan,Consumer,4,17.89,-1.15,0.0
2009-09-13,2009-09-01,Technology,Telephones and Communication,Prarie,Saskachewan,Corporate,28,1560.617,214.29,0.04
2011-10-12,2011-10-01,Office Supplies,Appliances,Prarie,Saskachewan,Home Office,8,339.35,27.88,0.03
2011-10-12,2011-10-01,Office Supplies,Labels,Prarie,Saskachewan,Home Office,11,33.67,4.08,0.09
2009-12-14,2009-12-01,Office Supplies,Paper,Prarie,Saskachewan,Corporate,23,849.46,9.06,0.04
2012-12-11,2012-12-01,Office Supplies,Storage & Organization,Prarie,Saskachewan,Corporate,20,303.69,-50.84,0.05
2010-09-13,2010-09-01,Office Supplies,Binders and Binder Accessories,Prarie,Saskachewan,Consumer,22,116.84,-125.44,0.1
2009-07-02,2009-07-01,Office Supplies,Appliances,Prarie,Saskachewan,Corporate,20,1205.73,310.93,0.07
2012-03-23,2012-03-01,Office Supplies,Storage & Organization,Prarie,Saskachewan,Corporate,50,2796.67,801.04,0.01
2012-01-19,2012-01-01,Office Supplies,Appliances,Prarie,Saskachewan,Corporate,31,354.45,11.38,0.01
2012-01-19,2012-01-01,Office Supplies,Pens & Art Supplies,Prarie,Saskachewan,Corporate,13,238.43,-36.11,0.02
2012-01-19,2012-01-01,Furniture,Tables,Prarie,Saskachewan,Corporate,36,1606.4,-1231.35,0.08
2011-06-26,2011-06-01,Technology,Telephones and Communication,Prarie,Saskachewan,Consumer,16,772.412,-184.69,0.03
2012-10-11,2012-10-01,Office Supplies,Binders and Binder Accessories,Prarie,Saskachewan,Corporate,3,31.95,-23.69,0.1
2012-10-11,2012-10-01,Office Supplies,Binders and Binder Accessories,Prarie,Saskachewan,Corporate,34,563.82,188.22,0.03
2012-10-11,2012-10-01,Office Supplies,Storage & Organization,Prarie,Saskachewan,Corporate,31,502.44,-363.44,0.04
2011-06-23,2011-06-01,Technology,Computer Peripherals,Prarie,Saskachewan,Corporate,10,767.34,-154.65,0.04
2011-04-20,2011-04-01,Technology,Telephones and Communication,Prarie,Saskachewan,Small Business,40,5554.036,1153.84,0.09
2012-11-06,2012-11-01,Furniture,Office Furnishings,Prarie,Saskachewan,Corporate,14,677.43,75.48,0.1
2011-03-01,2011-03-01,Technology,Telephones and Communication,Prarie,Saskachewan,Corporate,19,3355.154,658.5,0.0
2009-04-27,2009-04-01,Office Supplies,Binders and Binder Accessories,Prarie,Saskachewan,Home Office,10,564.85,181.02,0.09
2009-04-27,2009-04-01,Technology,Computer Peripherals,Prarie,Saskachewan,Home Office,14,572.33,-62.28,0.01
2009-03-08,2009-03-01,Furniture,Chairs & Chairmats,Prarie,Saskachewan,Consumer,11,3571.84,403.81,0.01
2009-03-08,2009-03-01,Office Supplies,Envelopes,Prarie,Saskachewan,Consumer,33,310.44,-90.21,0.03
2012-08-01,2012-08-01,Furniture,Office Furnishings,Prarie,Saskachewan,Home Office,34,180.27,-59.71,0.01
2012-08-01,2012-08-01,Office Supplies,Storage & Organization,Prarie,Saskachewan,Home Office,39,626.96,-35.92,0.0
2012-08-01,2012-08-01,Office Supplies,Appliances,Prarie,Saskachewan,Home Office,18,236.31,-2.24,0.04
2012-06-14,2012-06-01,Office Supplies,Pens & Art Supplies,Prarie,Saskachewan,Home Office,22,263.63,48.86,0.03
2011-05-08,2011-05-01,Technology,Computer Peripherals,Prarie,Saskachewan,Corporate,35,1078.58,9.0,0.03
2009-02-14,2009-02-01,Office Supplies,Paper,Prarie,Saskachewan,Consumer,47,1003.43,208.06,0.01
2011-05-17,2011-05-01,Technology,Computer Peripherals,Prarie,Saskachewan,Home Office,34,2779.2,889.57,0.02
2011-05-17,2011-05-01,Office Supplies,Pens & Art Supplies,Prarie,Saskachewan,Home Office,26,65.21,-41.6,0.08
2009-02-11,2009-02-01,Technology,Telephones and Communication,Prarie,Saskachewan,Consumer,48,8475.962,2497.94,0.05
2009-02-11,2009-02-01,Technology,Telephones and Communication,Prarie,Saskachewan,Consumer,18,3015.494,251.54,0.08
2012-05-11,2012-05-01,Office Supplies,"Scissors, Rulers and Trimmers",Prarie,Saskachewan,Consumer,27,156.82,-37.62,0.03
2011-07-05,2011-07-01,Office Supplies,Appliances,Prarie,Saskachewan,Home Office,50,2510.71,3.6,0.01
2009-11-18,2009-11-01,Office Supplies,Binders and Binder Accessories,Prarie,Saskachewan,Home Office,37,988.42,253.94,0.09
2010-08-14,2010-08-01,Office Supplies,Labels,Prarie,Saskachewan,Corporate,28,101.25,40.9,0.05
2012-05-07,2012-05-01,Technology,Computer Peripherals,Prarie,Saskachewan,Corporate,1,28.73,-57.04,0.0
2012-05-07,2012-05-01,Office Supplies,Pens & Art Supplies,Prarie,Saskachewan,Corporate,31,67.88,4.87,0.08
2009-08-09,2009-08-01,Technology,Computer Peripherals,Prarie,Saskachewan,Consumer,42,865.21,-42.1,0.07
2010-09-22,2010-09-01,Technology,Telephones and Communication,Prarie,Saskachewan,Small Business,46,2660.6105,618.07,0.03
2009-08-13,2009-08-01,Office Supplies,Paper,Prarie,Saskachewan,Corporate,10,65.52,-22.57,0.07
2010-02-02,2010-02-01,Office Supplies,Paper,Prarie,Saskachewan,Corporate,23,441.99,32.36,0.08
2010-02-02,2010-02-01,Office Supplies,Pens & Art Supplies,Prarie,Saskachewan,Corporate,34,245.19,37.99,0.03
2011-01-13,2011-01-01,Technology,Telephones and Communication,Prarie,Saskachewan,Consumer,41,1271.0475,-158.24,0.0
2009-09-18,2009-09-01,Office Supplies,Pens & Art Supplies,Prarie,Saskachewan,Home Office,30,1394.36,271.45,0.0
2011-05-04,2011-05-01,Office Supplies,Appliances,Prarie,Saskachewan,Consumer,25,375.74,-9.31,0.05
2011-05-04,2011-05-01,Furniture,Tables,Prarie,Saskachewan,Consumer,36,1095.11,-1286.43,0.1
2010-08-04,2010-08-01,Office Supplies,Paper,Prarie,Saskachewan,Corporate,6,124.65,13.34,0.01
2010-11-03,2010-11-01,Office Supplies,Appliances,Prarie,Saskachewan,Corporate,14,3830.84,635.33,0.1
2010-11-03,2010-11-01,Office Supplies,Storage & Organization,Prarie,Saskachewan,Corporate,22,267.43,-45.98,0.07
2012-11-05,2012-11-01,Technology,Computer Peripherals,Prarie,Saskachewan,Corporate,8,137.38,-11.39,0.06
2011-07-03,2011-07-01,Office Supplies,Paper,Prarie,Saskachewan,Corporate,45,296.82,-120.37,0.07
2009-04-02,2009-04-01,Furniture,Chairs & Chairmats,Prarie,Saskachewan,Small Business,28,1801.95,-182.07,0.03
2012-02-08,2012-02-01,Furniture,Office Furnishings,Prarie,Saskachewan,Home Office,18,1713.8,1125.29,0.05
2012-02-08,2012-02-01,Office Supplies,Pens & Art Supplies,Prarie,Saskachewan,Home Office,16,116.69,11.69,0.02
2010-01-14,2010-01-01,Office Supplies,Paper,Prarie,Saskachewan,Small Business,32,210.9,-62.46,0.03
2012-09-24,2012-09-01,Technology,Computer Peripherals,Prarie,Saskachewan,Corporate,44,6768.16,907.49,0.03
2012-09-24,2012-09-01,Office Supplies,Labels,Prarie,Saskachewan,Corporate,4,10.65,-0.64,0.1
2011-11-07,2011-11-01,Office Supplies,Binders and Binder Accessories,Prarie,Saskachewan,Home Office,9,149.64,13.77,0.05
2012-09-22,2012-09-01,Technology,Office Machines,Prarie,Saskachewan,Corporate,33,570.24,-57.83,0.01
2009-09-27,2009-09-01,Office Supplies,Pens & Art Supplies,Prarie,Saskachewan,Corporate,27,258.54,-16.3,0.1
2009-09-27,2009-09-01,Technology,Telephones and Communication,Prarie,Saskachewan,Corporate,19,1972.884,140.91,0.04
2011-10-26,2011-10-01,Office Supplies,Labels,Prarie,Saskachewan,Small Business,28,75.74,13.23,0.1
2011-09-15,2011-09-01,Technology,Computer Peripherals,Prarie,Saskachewan,Corporate,38,1230.83,75.5,0.0
2011-09-15,2011-09-01,Office Supplies,Paper,Prarie,Saskachewan,Corporate,37,169.93,-114.35,0.04
2011-09-15,2011-09-01,Technology,Telephones and Communication,Prarie,Saskachewan,Corporate,23,1176.944,53.65,0.1
2009-06-11,2009-06-01,Technology,Telephones and Communication,Prarie,Saskachewan,Corporate,29,909.721,287.99,0.01
2009-12-12,2009-12-01,Office Supplies,Paper,Prarie,Saskachewan,Corporate,31,203.53,-101.28,0.06
2012-05-22,2012-05-01,Office Supplies,Rubber Bands,Prarie,Saskachewan,Corporate,47,63.47,-19.92,0.0
2012-12-28,2012-12-01,Office Supplies,Appliances,Prarie,Saskachewan,Home Office,26,560.03,-139.87,0.04
2010-04-27,2010-04-01,Technology,Computer Peripherals,Prarie,Saskachewan,Corporate,11,323.91,-96.53,0.09
2010-04-27,2010-04-01,Office Supplies,Paper,Prarie,Saskachewan,Corporate,10,185.59,12.01,0.1
2010-04-27,2010-04-01,Office Supplies,Storage & Organization,Prarie,Saskachewan,Corporate,18,7168.15,1593.61,0.05
2011-10-12,2011-10-01,Technology,Computer Peripherals,Prarie,Saskachewan,Home Office,33,278.65,-36.34,0.05
2011-07-22,2011-07-01,Technology,Computer Peripherals,Prarie,Saskachewan,Corporate,43,866.73,-199.98,0.1
2011-07-22,2011-07-01,Office Supplies,Paper,Prarie,Saskachewan,Corporate,6,642.42,80.01,0.03
2011-07-22,2011-07-01,Technology,Telephones and Communication,Prarie,Saskachewan,Corporate,26,2169.7525,374.75,0.02
2012-06-14,2012-06-01,Technology,Telephones and Communication,Prarie,Saskachewan,Consumer,27,4488.2635,750.55,0.06
2012-05-21,2012-05-01,Technology,Office Machines,Prarie,Saskachewan,Corporate,8,41343.21,3852.19,0.09
2011-05-10,2011-05-01,Technology,Computer Peripherals,Prarie,Saskachewan,Corporate,6,273.38,-170.91,0.06
2011-05-10,2011-05-01,Technology,Computer Peripherals,Prarie,Saskachewan,Corporate,8,179.66,-1.73,0.01
2010-06-01,2010-06-01,Office Supplies,Pens & Art Supplies,Prarie,Saskachewan,Corporate,2,13.5,-7.9,0.04
2010-06-01,2010-06-01,Office Supplies,Storage & Organization,Prarie,Saskachewan,Corporate,38,540.64,13.89,0.02
2011-07-27,2011-07-01,Furniture,Office Furnishings,Prarie,Saskachewan,Consumer,35,269.35,-14.99,0.07
2011-08-20,2011-08-01,Technology,Computer Peripherals,Prarie,Saskachewan,Home Office,8,68.94,-32.63,0.0
2011-08-20,2011-08-01,Office Supplies,Paper,Prarie,Saskachewan,Home Office,10,74.04,-37.04,0.03
2012-05-23,2012-05-01,Technology,Computer Peripherals,Prarie,Saskachewan,Corporate,29,1104.28,359.75,0.08
2009-11-03,2009-11-01,Furniture,Tables,Prarie,Saskachewan,Corporate,20,6865.19,1541.68,0.09
2012-09-09,2012-09-01,Office Supplies,Labels,Prarie,Saskachewan,Corporate,49,174.81,74.82,0.07
2012-09-09,2012-09-01,Office Supplies,Binders and Binder Accessories,Prarie,Saskachewan,Corporate,20,89.51,-61.99,0.02
2011-06-21,2011-06-01,Office Supplies,Labels,Prarie,Saskachewan,Home Office,48,175.99,77.3,0.1
2011-06-21,2011-06-01,Office Supplies,Paper,Prarie,Saskachewan,Home Office,33,221.23,-45.29,0.02
2010-12-17,2010-12-01,Furniture,Office Furnishings,Prarie,Saskachewan,Consumer,15,262.29,7.26,0.09
2010-12-17,2010-12-01,Technology,Telephones and Communication,Prarie,Saskachewan,Consumer,2,116.314,-300.85,0.04
2012-02-13,2012-02-01,Office Supplies,Binders and Binder Accessories,Prarie,Saskachewan,Small Business,32,402.49,41.79,0.0
2012-02-13,2012-02-01,Office Supplies,Binders and Binder Accessories,Prarie,Saskachewan,Small Business,1,1754.29,-961.5,0.09
2012-10-08,2012-10-01,Furniture,Chairs & Chairmats,Prarie,Saskachewan,Corporate,27,8213.37,1148.88,0.02
2012-10-08,2012-10-01,Office Supplies,Rubber Bands,Prarie,Saskachewan,Corporate,32,109.01,8.45,0.09
2012-10-08,2012-10-01,Office Supplies,Storage & Organization,Prarie,Saskachewan,Corporate,12,138.88,-23.99,0.05
2011-09-01,2011-09-01,Technology,Telephones and Communication,Prarie,Saskachewan,Small Business,13,315.792,-105.77,0.1
2010-10-12,2010-10-01,Office Supplies,Labels,Prarie,Saskachewan,Home Office,3,11.76,-2.83,0.1
2010-10-12,2010-10-01,Office Supplies,Paper,Prarie,Saskachewan,Home Office,22,100.13,19.77,0.08
2010-10-12,2010-10-01,Office Supplies,Storage & Organization,Prarie,Saskachewan,Home Office,3,1192.93,-434.81,0.07
2010-03-27,2010-03-01,Office Supplies,Paper,Prarie,Saskachewan,Corporate,29,198.43,-79.67,0.01
2010-01-02,2010-01-01,Technology,Telephones and Communication,Prarie,Saskachewan,Small Business,42,756.7295,64.78,0.07
2010-01-02,2010-01-01,Office Supplies,Paper,Prarie,Saskachewan,Small Business,38,3676.96,1233.45,0.09
2010-03-30,2010-03-01,Technology,Computer Peripherals,Prarie,Saskachewan,Corporate,48,3982.42,1560.82,0.04
2010-03-30,2010-03-01,Furniture,Tables,Prarie,Saskachewan,Corporate,32,4025.66,-395.12,0.05
2009-07-17,2009-07-01,Technology,Computer Peripherals,Prarie,Saskachewan,Corporate,43,1114.42,425.07,0.09
2009-05-10,2009-05-01,Office Supplies,Pens & Art Supplies,Prarie,Saskachewan,Home Office,23,753.75,31.17,0.1
2011-01-09,2011-01-01,Office Supplies,Binders and Binder Accessories,Prarie,Saskachewan,Small Business,50,839.07,212.73,0.06
2011-01-09,2011-01-01,Furniture,Chairs & Chairmats,Prarie,Saskachewan,Small Business,45,5643.49,-1857.06,0.05
2010-09-17,2010-09-01,Office Supplies,Envelopes,Prarie,Saskachewan,Home Office,41,405.83,178.86,0.06
2009-08-14,2009-08-01,Furniture,Office Furnishings,Prarie,Saskachewan,Home Office,47,5294.48,1521.31,0.03
2009-08-14,2009-08-01,Office Supplies,Pens & Art Supplies,Prarie,Saskachewan,Home Office,25,423.15,-47.28,0.05
2009-08-14,2009-08-01,Technology,Telephones and Communication,Prarie,Saskachewan,Home Office,27,2762.857,722.24,0.03
2009-06-23,2009-06-01,Technology,Telephones and Communication,Prarie,Saskachewan,Corporate,21,1130.806,95.15,0.04
2011-05-06,2011-05-01,Furniture,Office Furnishings,Prarie,Saskachewan,Home Office,45,461.05,-38.39,0.04
2009-09-04,2009-09-01,Furniture,Tables,Prarie,Saskachewan,Corporate,43,9501.624,-686.45,0.07
2012-07-17,2012-07-01,Technology,Computer Peripherals,Prarie,Saskachewan,Corporate,21,205.32,37.3,0.08
2012-07-17,2012-07-01,Office Supplies,Binders and Binder Accessories,Prarie,Saskachewan,Corporate,47,807.6,214.3,0.0
2012-07-17,2012-07-01,Office Supplies,Binders and Binder Accessories,Prarie,Saskachewan,Corporate,11,694.17,174.22,0.0
2009-05-09,2009-05-01,Technology,Computer Peripherals,Prarie,Saskachewan,Corporate,41,257.66,-69.23,0.05
2009-05-09,2009-05-01,Office Supplies,Labels,Prarie,Saskachewan,Corporate,18,211.4,91.63,0.09
2009-05-09,2009-05-01,Office Supplies,Paper,Prarie,Saskachewan,Corporate,44,287.22,-72.93,0.06
2009-05-09,2009-05-01,Technology,Telephones and Communication,Prarie,Saskachewan,Corporate,22,1148.0355,21.98,0.08
2011-05-01,2011-05-01,Furniture,Chairs & Chairmats,Prarie,Saskachewan,Corporate,29,2770.79,109.39,0.02
2012-06-14,2012-06-01,Furniture,Office Furnishings,Prarie,Saskachewan,Corporate,47,5301.2,1126.72,0.01
2012-06-14,2012-06-01,Furniture,Tables,Prarie,Saskachewan,Corporate,12,418.44,-407.17,0.05
2011-02-06,2011-02-01,Office Supplies,Paper,Prarie,Saskachewan,Corporate,3,21.01,-9.69,0.0
2011-02-06,2011-02-01,Technology,Copiers and Fax,Prarie,Saskachewan,Corporate,1,3457.99,-11861.46,0.05
2011-03-16,2011-03-01,Office Supplies,Binders and Binder Accessories,Prarie,Saskachewan,Home Office,14,270.25,100.9,0.02
2012-10-13,2012-10-01,Furniture,Office Furnishings,Prarie,Saskachewan,Small Business,36,1152.63,389.4,0.03
2012-10-13,2012-10-01,Office Supplies,Rubber Bands,Prarie,Saskachewan,Small Business,4,7.56,-5.53,0.1
2012-09-14,2012-09-01,Office Supplies,Binders and Binder Accessories,Prarie,Saskachewan,Corporate,40,1710.65,782.01,0.01
2010-03-09,2010-03-01,Office Supplies,Paper,Prarie,Saskachewan,Consumer,11,85.62,-81.22,0.07
2011-02-13,2011-02-01,Furniture,Tables,Prarie,Saskachewan,Corporate,19,5441.06,-557.2,0.06
2010-04-25,2010-04-01,Office Supplies,Pens & Art Supplies,Prarie,Saskachewan,Corporate,40,70.45,-2.31,0.1
2009-12-18,2009-12-01,Technology,Computer Peripherals,Prarie,Saskachewan,Corporate,8,129.18,-30.02,0.04
2009-12-18,2009-12-01,Office Supplies,Paper,Prarie,Saskachewan,Corporate,44,1016.26,337.97,0.06
2010-08-02,2010-08-01,Office Supplies,Paper,Prarie,Saskachewan,Home Office,40,382.65,47.61,0.03
2010-08-02,2010-08-01,Office Supplies,Paper,Prarie,Saskachewan,Home Office,9,61.0,-34.25,0.08
2010-08-02,2010-08-01,Technology,Telephones and Communication,Prarie,Saskachewan,Home Office,19,3559.613,747.74,0.0
2010-04-15,2010-04-01,Office Supplies,Paper,Prarie,Saskachewan,Corporate,40,245.82,86.44,0.08
2009-03-31,2009-03-01,Technology,Telephones and Communication,Prarie,Saskachewan,Home Office,8,155.924,-63.12,0.09
2009-06-12,2009-06-01,Office Supplies,Paper,Prarie,Saskachewan,Home Office,3,34.23,-9.5,0.02
2009-06-12,2009-06-01,Office Supplies,Envelopes,Prarie,Saskachewan,Home Office,22,383.33,27.62,0.03
2012-06-13,2012-06-01,Office Supplies,Storage & Organization,Prarie,Saskachewan,Corporate,47,7647.97,-1014.01,0.05
2012-06-13,2012-06-01,Technology,Telephones and Communication,Prarie,Saskachewan,Corporate,43,6861.8545,1754.08,0.07
2011-10-01,2011-10-01,Furniture,Office Furnishings,Prarie,Saskachewan,Home Office,3,44.84,37.74,0.09
2011-10-01,2011-10-01,Technology,Telephones and Communication,Prarie,Saskachewan,Home Office,13,1281.1795,-26.62,0.02
2011-10-01,2011-10-01,Office Supplies,Paper,Prarie,Saskachewan,Home Office,38,710.33,62.53,0.09
2009-07-09,2009-07-01,Office Supplies,Binders and Binder Accessories,Prarie,Saskachewan,Small Business,31,16949.44,7858.08,0.01
2009-10-08,2009-10-01,Office Supplies,Envelopes,Prarie,Saskachewan,Home Office,42,1504.01,211.04,0.05
2009-10-08,2009-10-01,Office Supplies,Paper,Prarie,Saskachewan,Home Office,13,163.62,16.34,0.0
2010-01-31,2010-01-01,Office Supplies,Envelopes,Prarie,Saskachewan,Corporate,22,887.98,239.94,0.04
2010-01-31,2010-01-01,Furniture,Tables,Prarie,Saskachewan,Corporate,3,72.46,-60.74,0.05
2010-09-09,2010-09-01,Technology,Computer Peripherals,Prarie,Saskachewan,Home Office,19,470.39,-147.99,0.08
2010-09-09,2010-09-01,Office Supplies,Labels,Prarie,Saskachewan,Home Office,2,15.04,-6.12,0.02
2011-12-16,2011-12-01,Office Supplies,Binders and Binder Accessories,Prarie,Saskachewan,Corporate,42,312.05,-342.38,0.04
2009-03-26,2009-03-01,Office Supplies,Appliances,Prarie,Saskachewan,Home Office,7,545.04,-210.06,0.05
2009-03-26,2009-03-01,Office Supplies,Storage & Organization,Prarie,Saskachewan,Home Office,29,606.91,-271.77,0.09
2012-08-04,2012-08-01,Office Supplies,Rubber Bands,Prarie,Saskachewan,Corporate,23,91.94,-10.11,0.01
2012-08-04,2012-08-01,Office Supplies,Storage & Organization,Prarie,Saskachewan,Corporate,6,377.03,-78.82,0.06
2009-10-19,2009-10-01,Office Supplies,Appliances,Prarie,Saskachewan,Corporate,4,67.22,-139.53,0.05
2009-10-19,2009-10-01,Office Supplies,Binders and Binder Accessories,Prarie,Saskachewan,Corporate,18,76.85,-64.08,0.1
2012-07-29,2012-07-01,Office Supplies,Storage & Organization,Prarie,Saskachewan,Corporate,3,112.79,-95.39,0.06
2011-03-15,2011-03-01,Furniture,Chairs & Chairmats,Prarie,Saskachewan,Home Office,50,6356.68,1812.86,0.03
2011-03-15,2011-03-01,Office Supplies,Pens & Art Supplies,Prarie,Saskachewan,Home Office,47,193.15,27.76,0.09
2011-12-25,2011-12-01,Office Supplies,Labels,Prarie,Saskachewan,Corporate,41,170.82,85.45,0.0
2011-12-25,2011-12-01,Office Supplies,Storage & Organization,Prarie,Saskachewan,Corporate,4,1609.69,-281.17,0.04
2012-11-28,2012-11-01,Office Supplies,Pens & Art Supplies,Prarie,Saskachewan,Home Office,36,82.09,11.44,0.02
2012-01-31,2012-01-01,Office Supplies,Paper,Prarie,Saskachewan,Corporate,44,299.85,-260.8,0.03
2010-10-03,2010-10-01,Office Supplies,Rubber Bands,Prarie,Saskachewan,Home Office,36,63.53,-2.51,0.1
2011-12-10,2011-12-01,Office Supplies,Paper,Prarie,Saskachewan,Corporate,6,48.05,-11.34,0.01
2012-04-11,2012-04-01,Technology,Telephones and Communication,Prarie,Saskachewan,Corporate,34,3373.7095,861.72,0.01
2011-08-31,2011-08-01,Technology,Office Machines,Prarie,Saskachewan,Consumer,25,12343.07,3972.72,0.02
2010-08-29,2010-08-01,Furniture,Office Furnishings,Prarie,Saskachewan,Home Office,41,812.21,-128.02,0.06
2011-12-03,2011-12-01,Office Supplies,Binders and Binder Accessories,Prarie,Saskachewan,Home Office,7,15.61,-5.19,0.03
2011-12-03,2011-12-01,Office Supplies,Paper,Prarie,Saskachewan,Home Office,18,47.11,-95.42,0.0
2010-09-29,2010-09-01,Technology,Office Machines,Prarie,Saskachewan,Corporate,39,3451.85,1264.75,0.05
2011-10-31,2011-10-01,Office Supplies,Labels,Prarie,Saskachewan,Home Office,11,54.59,-47.18,0.0
2011-10-31,2011-10-01,Office Supplies,Storage & Organization,Prarie,Saskachewan,Home Office,35,597.04,-157.42,0.05
2012-03-24,2012-03-01,Office Supplies,Binders and Binder Accessories,Prarie,Saskachewan,Home Office,8,32.31,-33.59,0.09
2012-03-24,2012-03-01,Office Supplies,Binders and Binder Accessories,Prarie,Saskachewan,Home Office,6,57.9,-48.14,0.03
2012-03-24,2012-03-01,Furniture,Office Furnishings,Prarie,Saskachewan,Home Office,46,562.95,147.12,0.06
2009-03-09,2009-03-01,Office Supplies,Envelopes,Prarie,Saskachewan,Corporate,35,285.01,124.82,0.01
2009-03-09,2009-03-01,Technology,Office Machines,Prarie,Saskachewan,Corporate,33,12215.43,5255.45,0.07
2011-03-08,2011-03-01,Office Supplies,Binders and Binder Accessories,Prarie,Saskachewan,Home Office,12,138.67,-9.72,0.08
2011-03-08,2011-03-01,Technology,Computer Peripherals,Prarie,Saskachewan,Home Office,16,506.84,-38.32,0.02
2010-06-09,2010-06-01,Office Supplies,Binders and Binder Accessories,Prarie,Saskachewan,Home Office,43,679.65,31.2,0.0
2012-01-12,2012-01-01,Office Supplies,Envelopes,Prarie,Saskachewan,Consumer,43,412.62,175.54,0.08
2009-04-18,2009-04-01,Technology,Computer Peripherals,Prarie,Saskachewan,Home Office,14,3830.14,202.25,0.1
2009-04-18,2009-04-01,Furniture,Office Furnishings,Prarie,Saskachewan,Home Office,40,1559.86,672.37,0.06
2010-01-15,2010-01-01,Office Supplies,Paper,Prarie,Saskachewan,Home Office,10,74.87,-43.97,0.02
2010-01-15,2010-01-01,Technology,Telephones and Communication,Prarie,Saskachewan,Home Office,42,3931.318,1025.45,0.06
2010-03-02,2010-03-01,Office Supplies,Storage & Organization,Prarie,Saskachewan,Home Office,21,215.76,-97.75,0.09
2012-08-10,2012-08-01,Office Supplies,"Scissors, Rulers and Trimmers",Prarie,Saskachewan,Small Business,22,75.03,-31.52,0.02
2011-06-10,2011-06-01,Office Supplies,Storage & Organization,Prarie,Saskachewan,Small Business,23,294.91,-37.27,0.03
2010-05-14,2010-05-01,Office Supplies,Labels,Prarie,Saskachewan,Consumer,24,131.65,67.41,0.01
2011-12-08,2011-12-01,Office Supplies,Binders and Binder Accessories,Prarie,Saskachewan,Consumer,23,750.39,133.71,0.04
2011-12-08,2011-12-01,Office Supplies,Labels,Prarie,Saskachewan,Consumer,4,18.46,-0.43,0.06
2009-09-13,2009-09-01,Office Supplies,Storage & Organization,Prarie,Saskachewan,Corporate,47,838.4,-132.91,0.02
2010-03-17,2010-03-01,Office Supplies,Paper,Prarie,Saskachewan,Corporate,7,48.04,-23.28,0.09
2011-03-15,2011-03-01,Office Supplies,Paper,Prarie,Saskachewan,Consumer,18,130.38,31.52,0.08
2009-05-07,2009-05-01,Technology,Computer Peripherals,Prarie,Saskachewan,Consumer,19,333.68,81.96,0.01
2009-01-25,2009-01-01,Technology,Telephones and Communication,Prarie,Saskachewan,Consumer,15,1532.482,-43.0,0.1
2010-08-18,2010-08-01,Office Supplies,Paper,Prarie,Saskachewan,Consumer,7,283.57,71.21,0.02
2009-01-06,2009-01-01,Furniture,Chairs & Chairmats,Prarie,Saskachewan,Consumer,23,3674.08,112.44,0.01
2009-01-06,2009-01-01,Office Supplies,Storage & Organization,Prarie,Saskachewan,Consumer,46,1413.89,-40.72,0.01
2009-01-06,2009-01-01,Technology,Telephones and Communication,Prarie,Saskachewan,Consumer,2,61.7185,-164.04,0.03
2009-04-06,2009-04-01,Office Supplies,Storage & Organization,Prarie,Saskachewan,Home Office,17,1556.61,-485.55,0.06
2009-04-06,2009-04-01,Office Supplies,Storage & Organization,Prarie,Saskachewan,Home Office,49,645.14,-26.32,0.1
2009-04-06,2009-04-01,Technology,Telephones and Communication,Prarie,Saskachewan,Home Office,44,4851.5025,1371.67,0.01
2011-02-26,2011-02-01,Office Supplies,Binders and Binder Accessories,Prarie,Saskachewan,Home Office,20,862.64,320.81,0.08
2012-10-15,2012-10-01,Office Supplies,Paper,Prarie,Saskachewan,Home Office,43,2123.64,1013.77,0.03
2011-05-08,2011-05-01,Furniture,Office Furnishings,Prarie,Saskachewan,Corporate,46,2968.66,1077.49,0.07
2010-12-12,2010-12-01,Office Supplies,Binders and Binder Accessories,Prarie,Saskachewan,Consumer,33,63.96,-13.71,0.05
2010-12-12,2010-12-01,Office Supplies,Pens & Art Supplies,Prarie,Saskachewan,Consumer,23,177.23,4.94,0.07
2012-12-15,2012-12-01,Office Supplies,Paper,Prarie,Saskachewan,Corporate,3,14.74,-2.72,0.06
2012-12-15,2012-12-01,Office Supplies,Pens & Art Supplies,Prarie,Saskachewan,Corporate,43,117.68,12.47,0.09
2010-05-04,2010-05-01,Office Supplies,Paper,Prarie,Saskachewan,Home Office,32,202.89,-201.91,0.07
2012-09-23,2012-09-01,Furniture,Office Furnishings,Prarie,Saskachewan,Consumer,21,535.57,131.05,0.05
2012-11-08,2012-11-01,Office Supplies,Appliances,Prarie,Saskachewan,Corporate,26,452.39,-22.83,0.08
2012-11-08,2012-11-01,Technology,Computer Peripherals,Prarie,Saskachewan,Corporate,5,117.13,-70.47,0.0
2009-12-02,2009-12-01,Office Supplies,Binders and Binder Accessories,Prarie,Saskachewan,Consumer,2,65.31,-34.42,0.0
2012-04-28,2012-04-01,Furniture,Office Furnishings,Prarie,Saskachewan,Consumer,9,73.7,1.42,0.06
2010-09-13,2010-09-01,Office Supplies,Paper,Prarie,Saskachewan,Home Office,10,71.24,2.78,0.03
2012-02-17,2012-02-01,Furniture,Bookcases,Prarie,Saskachewan,Home Office,15,1616.66,112.58,0.0
2012-02-17,2012-02-01,Furniture,Office Furnishings,Prarie,Saskachewan,Home Office,6,96.21,-19.34,0.06
2009-02-04,2009-02-01,Office Supplies,Labels,Prarie,Saskachewan,Corporate,46,237.15,123.02,0.0
2009-02-04,2009-02-01,Office Supplies,Paper,Prarie,Saskachewan,Corporate,22,179.22,-139.9,0.01
2009-02-04,2009-02-01,Office Supplies,Paper,Prarie,Saskachewan,Corporate,10,71.86,-35.52,0.1
2009-02-06,2009-02-01,Furniture,Tables,Prarie,Saskachewan,Home Office,30,6589.304,912.48,0.02
2011-02-24,2011-02-01,Office Supplies,Pens & Art Supplies,Prarie,Saskachewan,Corporate,38,136.5,-216.66,0.05
2009-09-14,2009-09-01,Technology,Telephones and Communication,Prarie,Saskachewan,Home Office,6,250.376,-131.85,0.01
2011-08-23,2011-08-01,Office Supplies,Appliances,Prarie,Saskachewan,Home Office,15,5296.19,1164.05,0.1
2012-10-09,2012-10-01,Office Supplies,Paper,Prarie,Saskachewan,Corporate,37,230.97,-173.73,0.08
2012-10-09,2012-10-01,Office Supplies,Envelopes,Prarie,Saskachewan,Corporate,46,723.17,-154.11,0.09
2009-01-08,2009-01-01,Office Supplies,Appliances,Prarie,Saskachewan,Home Office,23,324.28,20.43,0.07
2011-07-27,2011-07-01,Office Supplies,Labels,Prarie,Saskachewan,Small Business,40,254.02,123.14,0.04
2011-06-22,2011-06-01,Office Supplies,Binders and Binder Accessories,Prarie,Saskachewan,Consumer,32,546.01,133.56,0.01
2009-07-21,2009-07-01,Office Supplies,Binders and Binder Accessories,Prarie,Saskachewan,Home Office,1,1786.04,-924.99,0.1
2011-09-03,2011-09-01,Office Supplies,Binders and Binder Accessories,Prarie,Saskachewan,Home Office,4,24.77,-17.07,0.1
2011-09-03,2011-09-01,Furniture,Office Furnishings,Prarie,Saskachewan,Home Office,36,3832.37,1322.07,0.01
2010-03-28,2010-03-01,Office Supplies,Binders and Binder Accessories,Prarie,Saskachewan,Home Office,25,100.34,-88.19,0.0
2010-03-28,2010-03-01,Office Supplies,Rubber Bands,Prarie,Saskachewan,Home Office,45,75.68,-4.04,0.08
2012-05-20,2012-05-01,Office Supplies,Pens & Art Supplies,Prarie,Saskachewan,Home Office,7,163.14,-37.5,0.07
2012-11-24,2012-11-01,Office Supplies,Appliances,Prarie,Saskachewan,Consumer,7,42.66,-30.74,0.09
2012-11-24,2012-11-01,Office Supplies,Paper,Prarie,Saskachewan,Consumer,18,655.58,250.67,0.01
2012-11-24,2012-11-01,Furniture,Chairs & Chairmats,Prarie,Saskachewan,Consumer,12,1465.33,-66.38,0.01
2010-10-26,2010-10-01,Office Supplies,Pens & Art Supplies,Prarie,Saskachewan,Home Office,31,187.18,28.91,0.09
2010-10-26,2010-10-01,Office Supplies,Pens & Art Supplies,Prarie,Saskachewan,Home Office,36,104.21,15.19,0.04
2010-10-26,2010-10-01,Furniture,Tables,Prarie,Saskachewan,Home Office,14,1331.224,-401.42,0.04
2010-12-22,2010-12-01,Office Supplies,Labels,Prarie,Saskachewan,Home Office,14,50.8,16.79,0.09
2010-12-22,2010-12-01,Office Supplies,Storage & Organization,Prarie,Saskachewan,Home Office,37,750.89,-1176.28,0.07
2012-07-24,2012-07-01,Office Supplies,Pens & Art Supplies,Prarie,Saskachewan,Home Office,17,67.73,2.44,0.1
2009-08-06,2009-08-01,Office Supplies,Appliances,Prarie,Saskachewan,Small Business,41,854.23,67.14,0.01
2009-08-06,2009-08-01,Office Supplies,Rubber Bands,Prarie,Saskachewan,Small Business,26,47.91,-58.83,0.09
2009-08-06,2009-08-01,Technology,Telephones and Communication,Prarie,Saskachewan,Small Business,38,6427.258,1636.41,0.08
2011-04-29,2011-04-01,Furniture,Chairs & Chairmats,Prarie,Saskachewan,Consumer,11,5510.23,915.8,0.01
2011-04-29,2011-04-01,Office Supplies,"Scissors, Rulers and Trimmers",Prarie,Saskachewan,Consumer,21,177.06,-100.61,0.1
2011-09-05,2011-09-01,Furniture,Chairs & Chairmats,Prarie,Saskachewan,Home Office,35,12908.4,4084.86,0.03
2012-07-22,2012-07-01,Office Supplies,Paper,Prarie,Saskachewan,Consumer,31,477.16,204.18,0.02
2011-02-12,2011-02-01,Office Supplies,Appliances,Prarie,Saskachewan,Home Office,30,663.24,76.33,0.01
2011-02-12,2011-02-01,Office Supplies,Binders and Binder Accessories,Prarie,Saskachewan,Home Office,35,238.08,31.65,0.07
2011-02-12,2011-02-01,Office Supplies,Labels,Prarie,Saskachewan,Home Office,14,174.3,75.58,0.08
2009-08-19,2009-08-01,Office Supplies,Storage & Organization,Prarie,Saskachewan,Corporate,19,991.36,-103.11,0.1
2012-05-13,2012-05-01,Furniture,Chairs & Chairmats,Prarie,Saskachewan,Small Business,33,803.11,-237.13,0.08
2010-02-27,2010-02-01,Technology,Copiers and Fax,Prarie,Saskachewan,Corporate,30,17034.92,5916.34,0.09
2010-02-27,2010-02-01,Office Supplies,Paper,Prarie,Saskachewan,Corporate,3,22.6,-4.63,0.04
2010-02-27,2010-02-01,Technology,Telephones and Communication,Prarie,Saskachewan,Corporate,9,918.7395,-303.56,0.06
2012-04-11,2012-04-01,Technology,Copiers and Fax,Prarie,Saskachewan,Consumer,5,2600.44,-921.94,0.03
2012-01-09,2012-01-01,Technology,Telephones and Communication,Prarie,Saskachewan,Home Office,11,1247.8595,-55.8,0.01
2010-09-18,2010-09-01,Technology,Telephones and Communication,Prarie,Saskachewan,Small Business,22,3760.3065,593.18,0.05
2009-11-16,2009-11-01,Technology,Computer Peripherals,Prarie,Saskachewan,Consumer,45,318.94,-195.6,0.1
2009-04-05,2009-04-01,Technology,Telephones and Communication,Prarie,Saskachewan,Consumer,15,1093.6355,119.17,0.05
2011-02-26,2011-02-01,Furniture,Office Furnishings,Prarie,Saskachewan,Corporate,18,325.58,152.28,0.06
2011-02-26,2011-02-01,Furniture,Office Furnishings,Prarie,Saskachewan,Corporate,9,458.8,305.87,0.0
2012-08-14,2012-08-01,Office Supplies,Binders and Binder Accessories,Prarie,Saskachewan,Small Business,10,267.06,76.47,0.02
2012-08-14,2012-08-01,Office Supplies,Paper,Prarie,Saskachewan,Small Business,22,82.98,13.82,0.09
2009-03-25,2009-03-01,Technology,Office Machines,Prarie,Saskachewan,Corporate,11,1610.29,221.38,0.04
2009-03-25,2009-03-01,Office Supplies,Paper,Prarie,Saskachewan,Corporate,30,617.51,98.1,0.01
2009-03-25,2009-03-01,Office Supplies,Paper,Prarie,Saskachewan,Corporate,23,278.83,35.16,0.03
2009-03-25,2009-03-01,Office Supplies,Pens & Art Supplies,Prarie,Saskachewan,Corporate,46,1605.22,230.03,0.05
2010-12-01,2010-12-01,Technology,Computer Peripherals,Prarie,Saskachewan,Consumer,41,357.01,64.5,0.01
2009-11-22,2009-11-01,Office Supplies,Storage & Organization,Prarie,Saskachewan,Home Office,20,632.05,-626.61,0.09
2010-07-28,2010-07-01,Technology,Computer Peripherals,Prarie,Saskachewan,Corporate,12,600.86,-82.67,0.09
2010-07-28,2010-07-01,Office Supplies,Pens & Art Supplies,Prarie,Saskachewan,Corporate,5,17.06,-7.54,0.03
2012-07-15,2012-07-01,Furniture,Office Furnishings,Prarie,Saskachewan,Small Business,23,1198.1,187.19,0.02
2009-11-26,2009-11-01,Office Supplies,Binders and Binder Accessories,Prarie,Saskachewan,Consumer,49,276.3,14.84,0.02
2009-11-26,2009-11-01,Office Supplies,Paper,Prarie,Saskachewan,Consumer,15,120.52,43.92,0.06
2009-11-26,2009-11-01,Office Supplies,Storage & Organization,Prarie,Saskachewan,Consumer,42,2269.01,-19.37,0.02
2011-12-19,2011-12-01,Technology,Office Machines,Prarie,Saskachewan,Corporate,31,2893.31,937.64,0.1
2011-12-19,2011-12-01,Furniture,Tables,Prarie,Saskachewan,Corporate,25,3923.27,-85.86,0.03
2010-12-26,2010-12-01,Technology,Telephones and Communication,Prarie,Saskachewan,Corporate,24,2332.5955,366.86,0.07
2012-05-07,2012-05-01,Technology,Office Machines,Prarie,Saskachewan,Corporate,3,461.89,-309.82,0.05
2012-05-07,2012-05-01,Office Supplies,Paper,Prarie,Saskachewan,Corporate,29,575.11,71.75,0.02
2012-05-07,2012-05-01,Office Supplies,Storage & Organization,Prarie,Saskachewan,Corporate,23,236.46,-134.31,0.05
2011-07-04,2011-07-01,Furniture,Office Furnishings,Prarie,Saskachewan,Small Business,39,197.56,-119.86,0.02
2012-03-05,2012-03-01,Furniture,Office Furnishings,Prarie,Saskachewan,Consumer,17,186.02,16.48,0.01
2012-03-05,2012-03-01,Office Supplies,Pens & Art Supplies,Prarie,Saskachewan,Consumer,5,142.44,-22.12,0.06
2010-05-10,2010-05-01,Office Supplies,Binders and Binder Accessories,Prarie,Saskachewan,Consumer,38,967.78,369.33,0.04
2009-04-18,2009-04-01,Furniture,Chairs & Chairmats,Prarie,Saskachewan,Corporate,23,3041.33,-260.41,0.02
2010-03-10,2010-03-01,Office Supplies,Paper,Prarie,Saskachewan,Corporate,49,314.21,49.77,0.0
2011-06-08,2011-06-01,Technology,Computer Peripherals,Prarie,Saskachewan,Corporate,48,1347.63,562.89,0.07
2011-06-06,2011-06-01,Furniture,Office Furnishings,Prarie,Saskachewan,Home Office,8,120.22,52.69,0.07
2009-09-21,2009-09-01,Office Supplies,Labels,Prarie,Saskachewan,Corporate,23,66.09,13.71,0.09
2009-08-23,2009-08-01,Furniture,Tables,Prarie,Saskachewan,Corporate,10,1597.37,-533.69,0.02
2009-08-23,2009-08-01,Technology,Telephones and Communication,Prarie,Saskachewan,Corporate,31,1753.958,382.39,0.06
2010-02-27,2010-02-01,Furniture,Office Furnishings,Prarie,Saskachewan,Corporate,33,497.4,37.9,0.05
2010-02-27,2010-02-01,Furniture,Tables,Prarie,Saskachewan,Corporate,48,4965.384,-175.46,0.0
2010-02-27,2010-02-01,Technology,Telephones and Communication,Prarie,Saskachewan,Corporate,8,358.4195,-275.06,0.09
2010-02-27,2010-02-01,Furniture,Office Furnishings,Prarie,Saskachewan,Corporate,31,3232.68,875.45,0.03
2012-01-13,2012-01-01,Office Supplies,Paper,Prarie,Saskachewan,Corporate,35,236.99,-95.79,0.06
2012-01-13,2012-01-01,Technology,Telephones and Communication,Prarie,Saskachewan,Corporate,46,4617.336,978.35,0.09
2012-11-26,2012-11-01,Office Supplies,Rubber Bands,Prarie,Saskachewan,Small Business,35,89.71,20.71,0.04
2011-02-13,2011-02-01,Technology,Telephones and Communication,Prarie,Saskachewan,Consumer,28,1703.8505,316.06,0.0
2011-02-13,2011-02-01,Technology,Telephones and Communication,Prarie,Saskachewan,Consumer,17,303.1865,92.59,0.02
2009-01-22,2009-01-01,Technology,Computer Peripherals,Prarie,Saskachewan,Home Office,6,187.37,-125.96,0.09
2011-05-14,2011-05-01,Office Supplies,Envelopes,Prarie,Saskachewan,Home Office,23,356.09,155.82,0.05
2012-01-10,2012-01-01,Technology,Computer Peripherals,Prarie,Saskachewan,Small Business,31,162.58,-109.86,0.0
2012-01-10,2012-01-01,Furniture,Tables,Prarie,Saskachewan,Small Business,44,6815.23,-196.07,0.0
2009-11-21,2009-11-01,Office Supplies,Binders and Binder Accessories,Prarie,Saskachewan,Small Business,23,496.15,213.38,0.03
2009-04-01,2009-04-01,Furniture,Chairs & Chairmats,Prarie,Saskachewan,Small Business,9,566.53,-209.6,0.06
2011-10-04,2011-10-01,Furniture,Office Furnishings,Prarie,Saskachewan,Small Business,15,486.43,285.35,0.0
2011-10-04,2011-10-01,Office Supplies,Paper,Prarie,Saskachewan,Small Business,7,144.95,10.82,0.08
2012-08-16,2012-08-01,Office Supplies,Paper,Prarie,Saskachewan,Small Business,20,131.71,-44.0,0.1
2010-02-04,2010-02-01,Office Supplies,Binders and Binder Accessories,Prarie,Saskachewan,Small Business,45,271.06,-76.6,0.0
2010-02-04,2010-02-01,Furniture,Office Furnishings,Prarie,Saskachewan,Small Business,6,58.84,4.29,0.05
2010-02-04,2010-02-01,Furniture,Office Furnishings,Prarie,Saskachewan,Small Business,12,1211.72,587.84,0.04
2010-02-04,2010-02-01,Office Supplies,Paper,Prarie,Saskachewan,Small Business,9,75.26,-17.24,0.01
2010-02-04,2010-02-01,Technology,Telephones and Communication,Prarie,Saskachewan,Small Business,7,407.116,-289.81,0.08
2012-05-25,2012-05-01,Office Supplies,Labels,Prarie,Saskachewan,Home Office,21,69.06,28.47,0.0
2012-05-25,2012-05-01,Office Supplies,Rubber Bands,Prarie,Saskachewan,Home Office,50,84.01,-4.17,0.08
2012-05-25,2012-05-01,Office Supplies,Storage & Organization,Prarie,Saskachewan,Home Office,34,592.92,-44.92,0.02
2012-08-29,2012-08-01,Office Supplies,Paper,Prarie,Saskachewan,Small Business,15,106.1,-65.67,0.09
2009-05-01,2009-05-01,Office Supplies,Paper,Prarie,Saskachewan,Home Office,28,149.0,-119.48,0.06
2009-05-01,2009-05-01,Office Supplies,Paper,Prarie,Saskachewan,Home Office,49,334.29,-157.28,0.01
2010-02-11,2010-02-01,Office Supplies,Pens & Art Supplies,Prarie,Saskachewan,Small Business,17,454.09,29.7,0.1
2009-10-27,2009-10-01,Office Supplies,Pens & Art Supplies,Prarie,Saskachewan,Small Business,39,124.01,-109.02,0.08
2009-10-27,2009-10-01,Office Supplies,Pens & Art Supplies,Prarie,Saskachewan,Small Business,49,1836.84,129.95,0.09
2011-10-09,2011-10-01,Office Supplies,Paper,Prarie,Saskachewan,Small Business,40,272.01,-42.45,0.01
2011-10-09,2011-10-01,Office Supplies,"Scissors, Rulers and Trimmers",Prarie,Saskachewan,Small Business,16,171.5,-20.41,0.02
2011-08-02,2011-08-01,Office Supplies,Paper,Prarie,Saskachewan,Small Business,23,195.61,-17.02,0.0
2012-04-01,2012-04-01,Office Supplies,Envelopes,Prarie,Saskachewan,Corporate,34,197.45,65.44,0.06
2012-04-01,2012-04-01,Office Supplies,Pens & Art Supplies,Prarie,Saskachewan,Corporate,36,82.98,-137.87,0.08
2012-02-11,2012-02-01,Furniture,Bookcases,Prarie,Saskachewan,Small Business,44,2507.79,-779.81,0.08
2012-02-11,2012-02-01,Technology,Computer Peripherals,Prarie,Saskachewan,Small Business,30,1052.68,-19.27,0.02
2012-02-11,2012-02-01,Office Supplies,Storage & Organization,Prarie,Saskachewan,Small Business,30,2536.31,-643.46,0.01
2010-09-26,2010-09-01,Office Supplies,Labels,Prarie,Saskachewan,Consumer,37,101.2,38.58,0.1
2010-12-21,2010-12-01,Technology,Telephones and Communication,Prarie,Saskachewan,Small Business,34,1950.036,361.89,0.03
2009-07-12,2009-07-01,Furniture,Office Furnishings,Prarie,Saskachewan,Small Business,43,265.38,-107.59,0.04
2009-07-12,2009-07-01,Office Supplies,Pens & Art Supplies,Prarie,Saskachewan,Small Business,5,33.41,-3.48,0.09
2009-07-12,2009-07-01,Furniture,Bookcases,Prarie,Saskachewan,Small Business,28,7157.16,1150.33,0.09
2011-07-05,2011-07-01,Office Supplies,Paper,Prarie,Saskachewan,Home Office,44,286.06,-85.09,0.1
2011-07-05,2011-07-01,Office Supplies,Pens & Art Supplies,Prarie,Saskachewan,Home Office,41,248.1,49.67,0.04
2009-04-20,2009-04-01,Office Supplies,Envelopes,Prarie,Saskachewan,Home Office,20,112.42,7.4,0.09
2011-10-06,2011-10-01,Office Supplies,Appliances,Prarie,Saskachewan,Consumer,43,1054.7,213.26,0.07
2011-10-06,2011-10-01,Furniture,Chairs & Chairmats,Prarie,Saskachewan,Consumer,38,5349.21,61.9,0.01
2011-10-06,2011-10-01,Technology,Office Machines,Prarie,Saskachewan,Consumer,39,4859.37,2472.32,0.07
2010-09-15,2010-09-01,Office Supplies,Pens & Art Supplies,Prarie,Saskachewan,Small Business,39,116.63,6.81,0.03
2012-04-08,2012-04-01,Furniture,Chairs & Chairmats,Prarie,Saskachewan,Small Business,32,1932.97,-514.94,0.08
2012-04-08,2012-04-01,Furniture,Office Furnishings,Prarie,Saskachewan,Small Business,46,476.49,-18.57,0.1
2009-01-11,2009-01-01,Technology,Office Machines,Prarie,Saskachewan,Consumer,19,6991.65,906.8,0.08
2009-01-16,2009-01-01,Furniture,Office Furnishings,Prarie,Saskachewan,Corporate,37,832.14,175.07,0.04
2012-09-05,2012-09-01,Office Supplies,Binders and Binder Accessories,Prarie,Saskachewan,Small Business,4,55.97,-19.34,0.09
2012-09-05,2012-09-01,Technology,Computer Peripherals,Prarie,Saskachewan,Small Business,9,174.72,-63.48,0.06
2012-09-05,2012-09-01,Furniture,Office Furnishings,Prarie,Saskachewan,Small Business,48,2271.37,528.11,0.09
2009-01-15,2009-01-01,Office Supplies,Pens & Art Supplies,Prarie,Saskachewan,Consumer,9,24.76,-1.82,0.09
2011-04-09,2011-04-01,Furniture,Office Furnishings,Prarie,Saskachewan,Small Business,3,30.92,28.64,0.02
2011-04-09,2011-04-01,Office Supplies,Rubber Bands,Prarie,Saskachewan,Small Business,24,142.8,-25.0,0.01
2012-05-29,2012-05-01,Office Supplies,Binders and Binder Accessories,Prarie,Saskachewan,Corporate,46,241.81,-94.83,0.02
2010-07-18,2010-07-01,Office Supplies,Binders and Binder Accessories,Prarie,Saskachewan,Home Office,14,425.67,166.57,0.03
2010-07-18,2010-07-01,Technology,Office Machines,Prarie,Saskachewan,Home Office,9,173.44,-34.63,0.02
2011-02-01,2011-02-01,Technology,Telephones and Communication,Prarie,Saskachewan,Home Office,44,3644.596,1104.32,0.06
2009-03-14,2009-03-01,Furniture,Bookcases,Prarie,Saskachewan,Small Business,45,9539.6,-163.63,0.02
2009-03-14,2009-03-01,Office Supplies,Paper,Prarie,Saskachewan,Small Business,24,109.86,-63.87,0.02
2009-03-14,2009-03-01,Technology,Telephones and Communication,Prarie,Saskachewan,Small Business,19,1426.5125,-175.18,0.04
2010-05-10,2010-05-01,Office Supplies,Paper,Prarie,Saskachewan,Small Business,32,103.48,20.53,0.03
2011-04-15,2011-04-01,Office Supplies,Envelopes,Prarie,Saskachewan,Small Business,46,662.51,293.32,0.09
2011-04-15,2011-04-01,Office Supplies,Pens & Art Supplies,Prarie,Saskachewan,Small Business,21,61.18,6.85,0.0
2010-03-11,2010-03-01,Technology,Telephones and Communication,Prarie,Saskachewan,Small Business,36,1561.2205,-226.82,0.09
2009-07-20,2009-07-01,Office Supplies,Binders and Binder Accessories,Prarie,Saskachewan,Consumer,6,7767.02,2070.62,0.03
2009-07-20,2009-07-01,Technology,Office Machines,Prarie,Saskachewan,Consumer,1,1893.93,-4654.73,0.07
2012-05-23,2012-05-01,Furniture,Office Furnishings,Prarie,Saskachewan,Corporate,25,536.21,106.98,0.09
2012-05-23,2012-05-01,Furniture,Tables,Prarie,Saskachewan,Corporate,18,4428.56,213.62,0.03
2011-11-20,2011-11-01,Office Supplies,Envelopes,Prarie,Saskachewan,Small Business,19,305.68,128.17,0.1
2011-11-20,2011-11-01,Furniture,Office Furnishings,Prarie,Saskachewan,Small Business,41,1901.29,870.8,0.08
2009-09-29,2009-09-01,Technology,Telephones and Communication,Prarie,Saskachewan,Consumer,11,642.9145,-118.8,0.01
2012-05-06,2012-05-01,Technology,Copiers and Fax,Prarie,Saskachewan,Corporate,49,14981.74,-1791.5,0.02
2012-05-06,2012-05-01,Office Supplies,Envelopes,Prarie,Saskachewan,Corporate,36,5587.2,2254.16,0.05
2012-05-06,2012-05-01,Furniture,Office Furnishings,Prarie,Saskachewan,Corporate,49,401.39,161.95,0.03
2009-04-09,2009-04-01,Office Supplies,Envelopes,Prarie,Saskachewan,Corporate,11,985.01,186.05,0.04
2009-04-09,2009-04-01,Furniture,Office Furnishings,Prarie,Saskachewan,Corporate,36,350.71,-15.3,0.02
2009-04-09,2009-04-01,Office Supplies,Pens & Art Supplies,Prarie,Saskachewan,Corporate,2,75.23,-51.5,0.09
2011-07-13,2011-07-01,Office Supplies,Labels,Prarie,Saskachewan,Small Business,36,220.45,101.4,0.1
2009-04-19,2009-04-01,Furniture,Office Furnishings,Prarie,Saskachewan,Home Office,30,2504.41,-547.89,0.01
2012-05-03,2012-05-01,Office Supplies,Binders and Binder Accessories,Prarie,Saskachewan,Corporate,20,71.45,-92.95,0.03
2011-07-26,2011-07-01,Technology,Computer Peripherals,Prarie,Saskachewan,Corporate,32,1785.02,52.66,0.04
2009-01-14,2009-01-01,Office Supplies,Appliances,Prarie,Saskachewan,Small Business,14,2690.84,-368.02,0.1
2009-01-14,2009-01-01,Office Supplies,Envelopes,Prarie,Saskachewan,Small Business,8,733.55,103.13,0.07
2009-01-14,2009-01-01,Furniture,Office Furnishings,Prarie,Saskachewan,Small Business,3,38.71,23.0,0.01
2009-01-14,2009-01-01,Office Supplies,Pens & Art Supplies,Prarie,Saskachewan,Small Business,14,62.6,7.32,0.02
2012-03-21,2012-03-01,Technology,Computer Peripherals,Prarie,Saskachewan,Home Office,22,963.45,94.03,0.05
2012-03-21,2012-03-01,Technology,Telephones and Communication,Prarie,Saskachewan,Home Office,25,4390.029,1007.49,0.0
2011-05-19,2011-05-01,Office Supplies,Pens & Art Supplies,Prarie,Saskachewan,Corporate,44,123.06,3.5,0.07
2009-12-18,2009-12-01,Technology,Computer Peripherals,Prarie,Saskachewan,Small Business,46,1692.28,61.0,0.1
2009-01-17,2009-01-01,Office Supplies,Pens & Art Supplies,Prarie,Saskachewan,Home Office,39,1101.28,200.53,0.05
2009-05-03,2009-05-01,Office Supplies,Appliances,Prarie,Saskachewan,Corporate,15,1765.45,374.82,0.09
2012-08-23,2012-08-01,Technology,Telephones and Communication,Prarie,Saskachewan,Corporate,42,2245.6915,369.08,0.05
2011-04-23,2011-04-01,Office Supplies,Paper,Prarie,Saskachewan,Consumer,45,325.8,-84.85,0.03
2009-11-29,2009-11-01,Office Supplies,Storage & Organization,Prarie,Saskachewan,Home Office,49,8094.55,2008.71,0.05
2012-05-22,2012-05-01,Office Supplies,Storage & Organization,Prarie,Saskachewan,Home Office,45,2848.83,-1182.87,0.07
2009-11-28,2009-11-01,Office Supplies,Storage & Organization,Prarie,Saskachewan,Corporate,20,835.48,-58.13,0.06
2010-08-21,2010-08-01,Furniture,Chairs & Chairmats,Prarie,Saskachewan,Consumer,24,3201.16,405.5,0.06
2010-06-23,2010-06-01,Office Supplies,Binders and Binder Accessories,Prarie,Saskachewan,Consumer,23,1484.49,230.5,0.09
2010-06-23,2010-06-01,Office Supplies,Storage & Organization,Prarie,Saskachewan,Consumer,18,740.49,88.9,0.1
2011-05-24,2011-05-01,Furniture,Office Furnishings,Prarie,Saskachewan,Home Office,46,569.92,154.09,0.03
2011-05-24,2011-05-01,Office Supplies,Paper,Prarie,Saskachewan,Home Office,28,183.65,-59.96,0.02
2011-10-13,2011-10-01,Office Supplies,Paper,Prarie,Saskachewan,Small Business,26,241.92,67.71,0.1
2010-05-04,2010-05-01,Office Supplies,Storage & Organization,Prarie,Saskachewan,Small Business,4,52.59,-30.39,0.05
2012-10-30,2012-10-01,Office Supplies,Rubber Bands,Prarie,Saskachewan,Small Business,3,10.62,-3.96,0.07
2012-10-30,2012-10-01,Office Supplies,"Scissors, Rulers and Trimmers",Prarie,Saskachewan,Small Business,39,666.4,2.02,0.0
2012-10-30,2012-10-01,Office Supplies,Storage & Organization,Prarie,Saskachewan,Small Business,10,351.3,1.45,0.06
2009-12-28,2009-12-01,Technology,Computer Peripherals,Prarie,Saskachewan,Small Business,27,575.74,152.6,0.06
2010-04-22,2010-04-01,Technology,Telephones and Communication,Prarie,Saskachewan,Corporate,20,586.619,83.07,0.06
2012-07-17,2012-07-01,Office Supplies,Pens & Art Supplies,Prarie,Saskachewan,Consumer,47,557.52,-157.3,0.03
2009-12-06,2009-12-01,Office Supplies,Binders and Binder Accessories,Prarie,Saskachewan,Corporate,15,201.74,-2.63,0.08
2009-12-06,2009-12-01,Technology,Computer Peripherals,Prarie,Saskachewan,Corporate,35,1822.13,155.17,0.0
2009-01-17,2009-01-01,Office Supplies,Envelopes,Prarie,Saskachewan,Corporate,18,130.11,40.3,0.1
2009-01-17,2009-01-01,Technology,Telephones and Communication,Prarie,Saskachewan,Corporate,3,337.3395,-509.94,0.0
2009-02-07,2009-02-01,Office Supplies,Binders and Binder Accessories,Prarie,Saskachewan,Corporate,46,1398.87,601.96,0.07
2011-10-03,2011-10-01,Furniture,Chairs & Chairmats,Prarie,Saskachewan,Corporate,11,1479.14,-236.63,0.06
2011-12-17,2011-12-01,Office Supplies,Labels,Prarie,Saskachewan,Consumer,35,173.22,84.03,0.04
2009-04-22,2009-04-01,Office Supplies,Binders and Binder Accessories,Prarie,Saskachewan,Corporate,45,221.06,-124.28,0.02
2012-07-08,2012-07-01,Office Supplies,Paper,Prarie,Saskachewan,Corporate,6,201.83,34.98,0.02
2012-03-17,2012-03-01,Technology,Computer Peripherals,Prarie,Saskachewan,Home Office,18,283.5,-51.47,0.1
2012-03-17,2012-03-01,Office Supplies,Paper,Prarie,Saskachewan,Home Office,36,242.13,-94.74,0.09
2011-10-15,2011-10-01,Technology,Computer Peripherals,Prarie,Saskachewan,Home Office,43,344.24,30.76,0.09
2011-09-11,2011-09-01,Office Supplies,Envelopes,Prarie,Saskachewan,Small Business,42,248.92,-66.87,0.01
2011-01-26,2011-01-01,Office Supplies,Appliances,Prarie,Saskachewan,Small Business,10,1290.37,231.16,0.05
2011-01-26,2011-01-01,Office Supplies,Binders and Binder Accessories,Prarie,Saskachewan,Small Business,2,23.18,-14.88,0.05
2012-08-28,2012-08-01,Office Supplies,Paper,Prarie,Saskachewan,Home Office,46,979.44,320.67,0.01
2009-09-23,2009-09-01,Office Supplies,Appliances,Prarie,Saskachewan,Corporate,29,575.36,84.05,0.1
2011-09-04,2011-09-01,Office Supplies,Storage & Organization,Prarie,Saskachewan,Small Business,21,7922.69,1558.79,0.1
2010-01-19,2010-01-01,Office Supplies,Storage & Organization,Prarie,Saskachewan,Home Office,1,155.51,-87.34,0.07
2012-10-18,2012-10-01,Office Supplies,Paper,Prarie,Saskachewan,Corporate,32,317.06,105.47,0.05
2010-09-19,2010-09-01,Furniture,Office Furnishings,Prarie,Saskachewan,Home Office,2,17.3,-7.49,0.04
2011-05-20,2011-05-01,Office Supplies,Binders and Binder Accessories,Prarie,Saskachewan,Small Business,32,128.14,-163.58,0.1
2011-05-20,2011-05-01,Office Supplies,Paper,Prarie,Saskachewan,Small Business,9,67.46,-57.53,0.08
2011-06-22,2011-06-01,Furniture,Office Furnishings,Prarie,Saskachewan,Corporate,23,524.25,152.31,0.06
2012-06-05,2012-06-01,Office Supplies,Storage & Organization,Prarie,Saskachewan,Small Business,38,14753.08,1085.91,0.01
2011-07-29,2011-07-01,Technology,Computer Peripherals,Prarie,Saskachewan,Corporate,44,4326.27,1728.2,0.09
2011-03-23,2011-03-01,Office Supplies,Binders and Binder Accessories,Prarie,Saskachewan,Corporate,37,254.93,-62.88,0.01
2011-10-28,2011-10-01,Technology,Computer Peripherals,Prarie,Saskachewan,Corporate,11,472.12,56.1,0.03
2010-10-02,2010-10-01,Technology,Computer Peripherals,Prarie,Saskachewan,Home Office,6,192.99,-123.37,0.07
2010-10-02,2010-10-01,Technology,Copiers and Fax,Prarie,Saskachewan,Home Office,20,11829.4,3899.72,0.07
2009-05-18,2009-05-01,Office Supplies,Rubber Bands,Prarie,Saskachewan,Corporate,3,10.12,-4.07,0.09
2009-09-19,2009-09-01,Office Supplies,Pens & Art Supplies,Prarie,Saskachewan,Corporate,11,455.88,9.15,0.03
2009-11-14,2009-11-01,Technology,Computer Peripherals,Prarie,Saskachewan,Small Business,41,5930.34,427.68,0.07
2011-12-18,2011-12-01,Office Supplies,Paper,Prarie,Saskachewan,Corporate,1,10.59,-4.31,0.1
2009-12-16,2009-12-01,Furniture,Office Furnishings,Atlantic,New Brunswick,Small Business,22,922.39,-41.64,0.03
2009-12-16,2009-12-01,Office Supplies,Paper,Atlantic,New Brunswick,Small Business,11,79.19,13.91,0.0
2010-04-25,2010-04-01,Technology,Telephones and Communication,Atlantic,New Brunswick,Small Business,3,469.438,-888.16,0.07
2012-05-20,2012-05-01,Technology,Computer Peripherals,Atlantic,New Brunswick,Consumer,13,269.02,-112.0,0.1
2012-08-27,2012-08-01,Technology,Computer Peripherals,Atlantic,New Brunswick,Corporate,31,293.18,64.22,0.08
2012-11-20,2012-11-01,Office Supplies,Binders and Binder Accessories,Atlantic,New Brunswick,Corporate,43,183.41,-125.41,0.07
2010-11-14,2010-11-01,Office Supplies,Appliances,Atlantic,New Brunswick,Corporate,12,3752.61,637.93,0.01
2010-11-14,2010-11-01,Office Supplies,Appliances,Atlantic,New Brunswick,Corporate,9,548.36,78.63,0.1
2009-06-01,2009-06-01,Office Supplies,Labels,Atlantic,New Brunswick,Consumer,16,44.46,5.27,0.06
2009-06-01,2009-06-01,Office Supplies,Paper,Atlantic,New Brunswick,Consumer,25,542.11,-14.76,0.08
2012-06-07,2012-06-01,Office Supplies,Appliances,Atlantic,New Brunswick,Consumer,1,343.78,-246.51,0.09
2012-06-07,2012-06-01,Furniture,Office Furnishings,Atlantic,New Brunswick,Consumer,34,826.09,215.86,0.03
2012-09-18,2012-09-01,Office Supplies,Paper,Atlantic,New Brunswick,Home Office,29,197.41,-128.68,0.06
2012-09-18,2012-09-01,Office Supplies,Storage & Organization,Atlantic,New Brunswick,Home Office,46,712.18,13.98,0.06
2009-12-21,2009-12-01,Technology,Computer Peripherals,Atlantic,New Brunswick,Corporate,41,627.91,222.08,0.03
2009-12-21,2009-12-01,Office Supplies,Pens & Art Supplies,Atlantic,New Brunswick,Corporate,28,46.89,-3.83,0.09
2009-09-25,2009-09-01,Office Supplies,Appliances,Atlantic,New Brunswick,Consumer,33,1935.17,-991.07,0.09
2009-09-25,2009-09-01,Technology,Computer Peripherals,Atlantic,New Brunswick,Consumer,27,812.68,235.88,0.05
2009-03-26,2009-03-01,Office Supplies,Pens & Art Supplies,Atlantic,New Brunswick,Corporate,41,271.11,64.79,0.08
2009-04-23,2009-04-01,Office Supplies,Labels,Atlantic,New Brunswick,Corporate,2,6.13,-2.83,0.08
2012-03-26,2012-03-01,Technology,Computer Peripherals,Atlantic,New Brunswick,Home Office,39,1032.97,397.15,0.07
2012-03-26,2012-03-01,Office Supplies,Storage & Organization,Atlantic,New Brunswick,Home Office,13,324.83,-426.54,0.05
2010-02-20,2010-02-01,Office Supplies,Pens & Art Supplies,Atlantic,New Brunswick,Corporate,16,48.57,4.21,0.04
2012-10-24,2012-10-01,Furniture,Office Furnishings,Atlantic,New Brunswick,Corporate,6,54.28,-11.98,0.01
2009-03-05,2009-03-01,Furniture,Tables,Atlantic,New Brunswick,Home Office,21,6005.21,-450.7,0.08
2010-01-29,2010-01-01,Office Supplies,Binders and Binder Accessories,Atlantic,New Brunswick,Consumer,49,3283.74,723.33,0.01
2012-08-28,2012-08-01,Office Supplies,Binders and Binder Accessories,Atlantic,New Brunswick,Consumer,19,262.32,5.16,0.07
2009-09-14,2009-09-01,Technology,Telephones and Communication,Atlantic,New Brunswick,Consumer,29,1707.99,391.19,0.0
2009-12-11,2009-12-01,Furniture,Office Furnishings,Atlantic,New Brunswick,Small Business,37,560.39,186.87,0.05
2009-12-11,2009-12-01,Technology,Telephones and Communication,Atlantic,New Brunswick,Small Business,42,7062.616,2288.64,0.02
2012-04-01,2012-04-01,Technology,Computer Peripherals,Atlantic,New Brunswick,Small Business,4,51.94,-12.48,0.03
2011-09-02,2011-09-01,Furniture,Office Furnishings,Atlantic,New Brunswick,Corporate,40,366.87,-1.79,0.1
2009-04-22,2009-04-01,Office Supplies,Storage & Organization,Atlantic,New Brunswick,Corporate,18,292.11,-91.95,0.04
2012-05-01,2012-05-01,Office Supplies,Storage & Organization,Atlantic,New Brunswick,Home Office,47,7890.89,-771.09,0.01
2010-02-04,2010-02-01,Furniture,Bookcases,Atlantic,New Brunswick,Corporate,44,2773.84,-513.76,0.0
2010-09-25,2010-09-01,Office Supplies,Paper,Atlantic,New Brunswick,Consumer,44,289.94,-102.19,0.07
2010-09-25,2010-09-01,Furniture,Tables,Atlantic,New Brunswick,Consumer,8,1848.52,-493.6,0.05
2009-01-23,2009-01-01,Office Supplies,Paper,Atlantic,New Brunswick,Consumer,42,1312.65,488.31,0.07
2010-11-24,2010-11-01,Office Supplies,Pens & Art Supplies,Atlantic,New Brunswick,Small Business,27,58.64,4.55,0.08
2010-11-24,2010-11-01,Office Supplies,Binders and Binder Accessories,Atlantic,New Brunswick,Small Business,20,136.06,-33.22,0.04
2011-06-30,2011-06-01,Office Supplies,Paper,Atlantic,New Brunswick,Consumer,14,135.21,5.89,0.04
2010-02-14,2010-02-01,Furniture,Bookcases,Atlantic,New Brunswick,Consumer,45,5007.69,-899.34,0.07
2010-02-14,2010-02-01,Office Supplies,Storage & Organization,Atlantic,New Brunswick,Consumer,45,1379.62,-66.07,0.1
2010-05-03,2010-05-01,Furniture,Office Furnishings,Atlantic,New Brunswick,Corporate,50,627.12,100.04,0.08
2010-05-03,2010-05-01,Technology,Office Machines,Atlantic,New Brunswick,Corporate,18,4096.21,308.22,0.08
2010-04-03,2010-04-01,Office Supplies,Storage & Organization,Atlantic,New Brunswick,Consumer,31,2712.07,-435.56,0.09
2009-03-10,2009-03-01,Technology,Office Machines,Atlantic,New Brunswick,Home Office,6,608.93,-193.96,0.01
2009-10-09,2009-10-01,Office Supplies,Paper,Atlantic,New Brunswick,Home Office,25,901.32,338.01,0.1
2009-10-09,2009-10-01,Office Supplies,"Scissors, Rulers and Trimmers",Atlantic,New Brunswick,Home Office,24,207.21,-78.64,0.06
2012-10-04,2012-10-01,Office Supplies,Appliances,Atlantic,New Brunswick,Small Business,40,2182.91,549.45,0.1
2012-10-04,2012-10-01,Office Supplies,Storage & Organization,Atlantic,New Brunswick,Small Business,14,1144.35,-448.6,0.05
2012-10-04,2012-10-01,Furniture,Tables,Atlantic,New Brunswick,Small Business,8,1496.83,-329.72,0.07
2012-10-26,2012-10-01,Office Supplies,Paper,Atlantic,New Brunswick,Consumer,23,218.71,67.23,0.0
2012-10-26,2012-10-01,Office Supplies,Paper,Atlantic,New Brunswick,Consumer,19,103.68,-58.16,0.08
2009-01-06,2009-01-01,Office Supplies,Pens & Art Supplies,Atlantic,New Brunswick,Consumer,17,37.06,0.61,0.03
2011-04-20,2011-04-01,Office Supplies,Paper,Atlantic,New Brunswick,Home Office,44,302.59,-124.44,0.05
2011-04-20,2011-04-01,Office Supplies,Storage & Organization,Atlantic,New Brunswick,Home Office,26,2703.45,-445.04,0.01
2009-01-06,2009-01-01,Technology,Computer Peripherals,Atlantic,New Brunswick,Consumer,27,46.86,-37.08,0.06
2009-01-06,2009-01-01,Office Supplies,Paper,Atlantic,New Brunswick,Consumer,34,1089.59,433.24,0.01
2012-05-25,2012-05-01,Office Supplies,Paper,Atlantic,New Brunswick,Consumer,1,15.73,-9.17,0.09
2012-05-25,2012-05-01,Office Supplies,Paper,Atlantic,New Brunswick,Consumer,35,1041.74,-51.74,0.1
2012-05-25,2012-05-01,Technology,Telephones and Communication,Atlantic,New Brunswick,Consumer,26,4300.626,685.21,0.06
2010-02-04,2010-02-01,Office Supplies,Paper,Atlantic,New Brunswick,Corporate,3,19.98,-9.61,0.02
2009-01-29,2009-01-01,Office Supplies,Binders and Binder Accessories,Atlantic,New Brunswick,Corporate,38,16147.61,7604.95,0.02
2009-01-29,2009-01-01,Technology,Telephones and Communication,Atlantic,New Brunswick,Consumer,14,1122.6375,17.68,0.09
2012-10-01,2012-10-01,Technology,Telephones and Communication,Atlantic,New Brunswick,Small Business,16,1434.086,-26.25,0.1
2012-08-26,2012-08-01,Technology,Telephones and Communication,Atlantic,New Brunswick,Corporate,45,2079.474,-81.57,0.05
2011-02-05,2011-02-01,Office Supplies,Paper,Atlantic,New Brunswick,Consumer,4,81.78,-12.43,0.07
2009-03-02,2009-03-01,Office Supplies,Labels,Atlantic,New Brunswick,Small Business,3,12.01,-1.08,0.0
2009-03-02,2009-03-01,Furniture,Office Furnishings,Atlantic,New Brunswick,Small Business,20,1846.76,3.14,0.03
2009-03-02,2009-03-01,Technology,Telephones and Communication,Atlantic,New Brunswick,Small Business,15,2211.734,80.76,0.02
2011-11-26,2011-11-01,Office Supplies,Appliances,Atlantic,New Brunswick,Corporate,26,1580.57,-750.82,0.08
2011-04-19,2011-04-01,Office Supplies,Pens & Art Supplies,Atlantic,New Brunswick,Corporate,42,115.99,-53.35,0.05
2009-08-26,2009-08-01,Furniture,Chairs & Chairmats,Atlantic,New Brunswick,Corporate,1,255.83,-132.74,0.07
2009-08-26,2009-08-01,Office Supplies,Storage & Organization,Atlantic,New Brunswick,Corporate,45,947.66,-2175.09,0.08
2011-09-19,2011-09-01,Office Supplies,Paper,Atlantic,New Brunswick,Corporate,37,1033.44,385.63,0.1
2009-10-29,2009-10-01,Furniture,Chairs & Chairmats,Atlantic,New Brunswick,Corporate,30,2951.7,-1111.45,0.02
2010-10-20,2010-10-01,Technology,Office Machines,Atlantic,New Brunswick,Corporate,35,25313.34,8612.11,0.05
2009-05-11,2009-05-01,Office Supplies,Envelopes,Atlantic,New Brunswick,Consumer,30,512.97,261.29,0.01
2012-06-04,2012-06-01,Office Supplies,Binders and Binder Accessories,Atlantic,New Brunswick,Home Office,7,86.61,15.69,0.1
2009-04-24,2009-04-01,Technology,Computer Peripherals,Atlantic,New Brunswick,Small Business,38,1396.58,600.72,0.03
2009-04-24,2009-04-01,Office Supplies,Storage & Organization,Atlantic,New Brunswick,Small Business,45,6448.69,1663.35,0.0
2012-04-07,2012-04-01,Technology,Telephones and Communication,Atlantic,New Brunswick,Consumer,27,3436.771,520.0,0.04
2009-07-10,2009-07-01,Technology,Copiers and Fax,Atlantic,New Brunswick,Consumer,38,21956.03,5903.09,0.1
2009-07-10,2009-07-01,Office Supplies,Pens & Art Supplies,Atlantic,New Brunswick,Consumer,32,89.89,-8.16,0.06
2010-03-26,2010-03-01,Office Supplies,Appliances,Atlantic,New Brunswick,Consumer,5,64.97,-190.3,0.1
2010-02-26,2010-02-01,Office Supplies,Envelopes,Atlantic,New Brunswick,Small Business,44,669.01,299.35,0.08
2010-02-26,2010-02-01,Furniture,Office Furnishings,Atlantic,New Brunswick,Small Business,30,301.6,-24.93,0.01
2012-02-08,2012-02-01,Technology,Telephones and Communication,Atlantic,New Brunswick,Consumer,50,7703.9665,2446.5,0.0
2009-11-12,2009-11-01,Office Supplies,Binders and Binder Accessories,Atlantic,New Brunswick,Small Business,25,5811.72,2431.6,0.03
2012-08-10,2012-08-01,Office Supplies,Binders and Binder Accessories,Atlantic,New Brunswick,Small Business,2,23.54,-14.47,0.03
2012-08-10,2012-08-01,Office Supplies,Storage & Organization,Atlantic,New Brunswick,Small Business,10,1539.83,34.85,0.08
2010-05-12,2010-05-01,Office Supplies,Binders and Binder Accessories,Atlantic,New Brunswick,Consumer,43,1677.27,528.79,0.08
2010-05-12,2010-05-01,Furniture,Bookcases,Atlantic,New Brunswick,Consumer,21,1556.08,-41.77,0.05
2010-09-23,2010-09-01,Furniture,Bookcases,Atlantic,New Brunswick,Small Business,20,1485.06,25.32,0.04
2010-09-23,2010-09-01,Office Supplies,Paper,Atlantic,New Brunswick,Small Business,34,1211.18,208.4,0.1
2010-02-08,2010-02-01,Office Supplies,Binders and Binder Accessories,Atlantic,New Brunswick,Corporate,37,478.94,10.56,0.04
2010-02-08,2010-02-01,Furniture,Office Furnishings,Atlantic,New Brunswick,Corporate,24,2429.09,-20.67,0.06
2009-03-26,2009-03-01,Office Supplies,Appliances,Atlantic,New Brunswick,Consumer,20,4520.6,1944.38,0.07
2009-03-26,2009-03-01,Office Supplies,Binders and Binder Accessories,Atlantic,New Brunswick,Consumer,29,225.25,-7.59,0.03
2012-08-01,2012-08-01,Technology,Computer Peripherals,Atlantic,New Brunswick,Small Business,41,4648.64,1777.67,0.04
2011-05-12,2011-05-01,Furniture,Chairs & Chairmats,Atlantic,New Brunswick,Small Business,15,404.54,43.99,0.03
2011-05-12,2011-05-01,Office Supplies,Paper,Atlantic,New Brunswick,Small Business,16,124.89,-111.17,0.07
2009-12-26,2009-12-01,Furniture,Chairs & Chairmats,Atlantic,New Brunswick,Corporate,48,14567.15,3799.59,0.04
2011-05-02,2011-05-01,Office Supplies,Envelopes,Atlantic,New Brunswick,Corporate,8,44.56,4.81,0.05
2011-05-02,2011-05-01,Office Supplies,Storage & Organization,Atlantic,New Brunswick,Corporate,13,152.14,-26.87,0.09
2012-02-10,2012-02-01,Office Supplies,Pens & Art Supplies,Atlantic,New Brunswick,Small Business,9,37.22,-2.76,0.03
2011-08-31,2011-08-01,Office Supplies,Binders and Binder Accessories,Atlantic,New Brunswick,Consumer,39,302.09,-67.09,0.05
2009-12-07,2009-12-01,Office Supplies,Appliances,Atlantic,New Brunswick,Consumer,45,3286.27,1102.58,0.02
2010-05-27,2010-05-01,Office Supplies,Labels,Atlantic,New Brunswick,Consumer,47,136.63,-162.61,0.03
2010-09-05,2010-09-01,Furniture,Office Furnishings,Atlantic,New Brunswick,Corporate,43,927.82,255.03,0.02
2010-09-05,2010-09-01,Office Supplies,Rubber Bands,Atlantic,New Brunswick,Corporate,27,123.37,-6.69,0.09
2012-07-02,2012-07-01,Furniture,Office Furnishings,Atlantic,New Brunswick,Corporate,44,3304.38,-634.49,0.0
2012-07-02,2012-07-01,Technology,Telephones and Communication,Atlantic,New Brunswick,Corporate,17,908.412,-71.19,0.07
2009-06-13,2009-06-01,Office Supplies,Storage & Organization,Atlantic,New Brunswick,Home Office,33,551.67,25.44,0.08
2009-03-08,2009-03-01,Office Supplies,Storage & Organization,Atlantic,New Brunswick,Small Business,15,2466.02,243.73,0.02
2012-06-06,2012-06-01,Office Supplies,Paper,Atlantic,New Brunswick,Small Business,20,135.02,-60.69,0.02
2011-10-29,2011-10-01,Technology,Telephones and Communication,Atlantic,New Brunswick,Small Business,23,667.998,251.26,0.06
2012-12-16,2012-12-01,Office Supplies,Binders and Binder Accessories,Atlantic,New Brunswick,Home Office,6,259.52,45.2,0.06
2011-07-02,2011-07-01,Office Supplies,Binders and Binder Accessories,Atlantic,New Brunswick,Small Business,24,109.23,-100.58,0.02
2011-07-02,2011-07-01,Office Supplies,Rubber Bands,Atlantic,New Brunswick,Small Business,39,74.0,-20.6,0.08
2011-07-02,2011-07-01,Office Supplies,"Scissors, Rulers and Trimmers",Atlantic,New Brunswick,Small Business,30,288.45,-5.98,0.03
2009-08-09,2009-08-01,Office Supplies,Labels,Atlantic,New Brunswick,Small Business,28,112.35,31.27,0.1
2012-11-26,2012-11-01,Office Supplies,Labels,Atlantic,New Brunswick,Consumer,26,78.09,19.63,0.01
2012-11-26,2012-11-01,Office Supplies,Paper,Atlantic,New Brunswick,Consumer,4,42.77,-1.19,0.04
2010-11-17,2010-11-01,Furniture,Office Furnishings,Atlantic,New Brunswick,Corporate,23,279.63,61.69,0.07
2009-01-06,2009-01-01,Office Supplies,Paper,Atlantic,New Brunswick,Corporate,46,298.97,-225.86,0.09
2009-01-06,2009-01-01,Office Supplies,Storage & Organization,Atlantic,New Brunswick,Corporate,6,159.05,-153.46,0.05
2010-11-22,2010-11-01,Office Supplies,Envelopes,Atlantic,New Brunswick,Corporate,13,142.12,54.91,0.01
2010-09-23,2010-09-01,Technology,Telephones and Communication,Atlantic,New Brunswick,Consumer,48,8273.2795,2461.31,0.08
2010-12-25,2010-12-01,Office Supplies,Binders and Binder Accessories,Atlantic,New Brunswick,Small Business,4,114.57,-29.98,0.02
2012-06-20,2012-06-01,Technology,Telephones and Communication,Atlantic,New Brunswick,Small Business,18,1062.2195,132.37,0.03
2012-07-27,2012-07-01,Furniture,Office Furnishings,Atlantic,New Brunswick,Consumer,12,1318.34,464.05,0.02
2010-11-01,2010-11-01,Office Supplies,Appliances,Atlantic,New Brunswick,Corporate,5,128.59,-15.17,0.07
2010-11-01,2010-11-01,Office Supplies,Rubber Bands,Atlantic,New Brunswick,Corporate,1,4.97,-4.91,0.04
2012-01-30,2012-01-01,Office Supplies,Storage & Organization,Atlantic,New Brunswick,Small Business,23,3194.05,608.52,0.08
2011-09-28,2011-09-01,Furniture,Office Furnishings,Atlantic,New Brunswick,Consumer,46,88.1,-161.61,0.03
2010-12-26,2010-12-01,Technology,Computer Peripherals,Atlantic,New Brunswick,Home Office,25,716.99,174.06,0.05
2010-12-21,2010-12-01,Office Supplies,Binders and Binder Accessories,Atlantic,New Brunswick,Corporate,1,27.44,-11.76,0.02
2011-06-22,2011-06-01,Office Supplies,Appliances,Atlantic,New Brunswick,Home Office,16,4691.27,1196.72,0.05
2011-06-22,2011-06-01,Furniture,Office Furnishings,Atlantic,New Brunswick,Home Office,50,804.14,-25.27,0.1
2011-06-22,2011-06-01,Office Supplies,Storage & Organization,Atlantic,New Brunswick,Home Office,8,567.51,-255.55,0.01
2011-10-03,2011-10-01,Office Supplies,Labels,Atlantic,New Brunswick,Home Office,40,103.79,37.85,0.03
2011-10-03,2011-10-01,Furniture,Office Furnishings,Atlantic,New Brunswick,Home Office,40,2108.21,273.61,0.03
2009-09-01,2009-09-01,Technology,Telephones and Communication,Atlantic,New Brunswick,Corporate,41,277.0745,-128.44,0.03
2011-07-28,2011-07-01,Technology,Computer Peripherals,Atlantic,New Brunswick,Corporate,44,221.42,-142.02,0.03
2012-12-30,2012-12-01,Furniture,Office Furnishings,Atlantic,New Brunswick,Small Business,45,580.96,-33.47,0.08
2010-03-09,2010-03-01,Office Supplies,Paper,Atlantic,New Brunswick,Home Office,38,185.19,-175.62,0.07
2010-03-09,2010-03-01,Office Supplies,"Scissors, Rulers and Trimmers",Atlantic,New Brunswick,Home Office,22,220.26,-35.95,0.07
2010-03-09,2010-03-01,Technology,Telephones and Communication,Atlantic,New Brunswick,Home Office,48,843.03,419.9,0.08
2010-02-24,2010-02-01,Office Supplies,Paper,Atlantic,New Brunswick,Corporate,26,176.34,-103.32,0.0
2010-02-24,2010-02-01,Office Supplies,Pens & Art Supplies,Atlantic,New Brunswick,Corporate,5,186.5,4.16,0.04
2012-10-18,2012-10-01,Technology,Office Machines,Atlantic,New Brunswick,Home Office,14,9171.71,2636.01,0.06
2012-10-18,2012-10-01,Office Supplies,Labels,Atlantic,New Brunswick,Home Office,6,18.05,0.13,0.06
2012-10-18,2012-10-01,Technology,Telephones and Communication,Atlantic,New Brunswick,Home Office,50,2896.358,583.5,0.0
2012-05-04,2012-05-01,Technology,Office Machines,Atlantic,New Brunswick,Consumer,11,22145.37,6138.48,0.02
2009-05-04,2009-05-01,Technology,Telephones and Communication,Atlantic,New Brunswick,Consumer,6,1056.6435,-586.2,0.06
2012-09-12,2012-09-01,Office Supplies,Labels,Atlantic,New Brunswick,Small Business,24,75.73,29.46,0.07
2010-09-10,2010-09-01,Office Supplies,Paper,Atlantic,New Brunswick,Consumer,34,1863.02,823.26,0.03
2010-09-10,2010-09-01,Office Supplies,Storage & Organization,Atlantic,New Brunswick,Consumer,2,53.3,-46.2,0.0
2009-06-07,2009-06-01,Furniture,Chairs & Chairmats,Atlantic,New Brunswick,Small Business,7,2161.36,-92.37,0.02
2009-06-07,2009-06-01,Office Supplies,Paper,Atlantic,New Brunswick,Small Business,45,2494.92,816.72,0.08
2011-09-06,2011-09-01,Office Supplies,Paper,Atlantic,New Brunswick,Consumer,11,64.86,22.05,0.0
2011-09-06,2011-09-01,Office Supplies,Rubber Bands,Atlantic,New Brunswick,Consumer,45,109.39,16.31,0.07
2009-10-20,2009-10-01,Furniture,Bookcases,Atlantic,New Brunswick,Consumer,18,3267.41,248.19,0.0
2009-10-20,2009-10-01,Technology,Copiers and Fax,Atlantic,New Brunswick,Consumer,42,26126.92,9498.6,0.04
2011-12-18,2011-12-01,Office Supplies,Binders and Binder Accessories,Atlantic,New Brunswick,Corporate,40,315.45,-305.88,0.01
2011-12-18,2011-12-01,Office Supplies,Paper,Atlantic,New Brunswick,Corporate,16,60.02,0.94,0.1
2011-12-18,2011-12-01,Furniture,Tables,Atlantic,New Brunswick,Corporate,49,7413.29,1148.23,0.01
2010-11-23,2010-11-01,Technology,Telephones and Communication,Atlantic,New Brunswick,Consumer,19,2441.1405,261.96,0.05
2012-08-14,2012-08-01,Office Supplies,Appliances,Atlantic,New Brunswick,Consumer,28,1135.24,271.81,0.06
2012-08-14,2012-08-01,Technology,Copiers and Fax,Atlantic,New Brunswick,Consumer,3,2136.93,-2297.48,0.04
2012-04-13,2012-04-01,Office Supplies,Paper,Atlantic,New Brunswick,Small Business,4,30.89,-19.55,0.06
2012-04-13,2012-04-01,Office Supplies,Paper,Atlantic,New Brunswick,Small Business,34,170.46,-104.35,0.1
2010-05-02,2010-05-01,Office Supplies,Appliances,Atlantic,New Brunswick,Corporate,31,1561.96,119.92,0.03
2009-05-06,2009-05-01,Office Supplies,Paper,Atlantic,New Brunswick,Consumer,29,265.92,79.67,0.04
2011-09-23,2011-09-01,Technology,Computer Peripherals,Atlantic,New Brunswick,Home Office,7,220.79,-91.51,0.0
2011-09-23,2011-09-01,Furniture,Office Furnishings,Atlantic,New Brunswick,Home Office,41,755.19,81.44,0.0
2009-10-19,2009-10-01,Office Supplies,Paper,Atlantic,New Brunswick,Small Business,2,21.71,-15.13,0.07
2010-10-18,2010-10-01,Technology,Computer Peripherals,Atlantic,New Brunswick,Corporate,3,124.75,-112.64,0.06
2012-12-20,2012-12-01,Furniture,Office Furnishings,Atlantic,New Brunswick,Corporate,27,1087.58,514.45,0.01
2012-12-20,2012-12-01,Office Supplies,Storage & Organization,Atlantic,New Brunswick,Corporate,42,4273.35,-892.03,0.07
2012-09-15,2012-09-01,Furniture,Tables,Atlantic,New Brunswick,Consumer,30,8684.23,1488.77,0.05
2009-05-08,2009-05-01,Technology,Computer Peripherals,Atlantic,New Brunswick,Corporate,1,291.4,-763.16,0.06
2009-06-30,2009-06-01,Office Supplies,Storage & Organization,Atlantic,New Brunswick,Consumer,29,324.75,-36.87,0.07
2009-08-06,2009-08-01,Technology,Telephones and Communication,Atlantic,New Brunswick,Small Business,48,2784.8295,788.29,0.01
2011-06-01,2011-06-01,Office Supplies,Binders and Binder Accessories,Atlantic,New Brunswick,Corporate,50,212.12,-154.63,0.01
2011-06-01,2011-06-01,Office Supplies,Labels,Atlantic,New Brunswick,Corporate,25,2455.54,1361.88,0.03
2010-06-17,2010-06-01,Office Supplies,Envelopes,Atlantic,New Brunswick,Small Business,38,592.54,282.11,0.07
2012-09-15,2012-09-01,Furniture,Bookcases,Atlantic,New Brunswick,Small Business,20,3050.81,-124.04,0.01
2010-06-20,2010-06-01,Technology,Computer Peripherals,Atlantic,New Brunswick,Corporate,31,244.9,-61.14,0.08
2009-10-21,2009-10-01,Office Supplies,Binders and Binder Accessories,Atlantic,New Brunswick,Corporate,50,876.64,-126.68,0.0
2009-04-15,2009-04-01,Technology,Computer Peripherals,Atlantic,New Brunswick,Consumer,41,998.05,391.14,0.01
2009-04-15,2009-04-01,Furniture,Chairs & Chairmats,Atlantic,New Brunswick,Consumer,20,4353.02,661.77,0.1
2011-09-12,2011-09-01,Office Supplies,Pens & Art Supplies,Atlantic,New Brunswick,Corporate,39,105.07,9.11,0.08
2011-04-25,2011-04-01,Office Supplies,Appliances,Atlantic,New Brunswick,Corporate,40,630.38,-186.77,0.02
2011-04-25,2011-04-01,Office Supplies,Paper,Atlantic,New Brunswick,Corporate,23,144.03,-37.04,0.02
2012-06-18,2012-06-01,Technology,Computer Peripherals,Atlantic,New Brunswick,Consumer,15,17.77,-37.67,0.05
2010-01-28,2010-01-01,Office Supplies,Labels,Yukon,Yukon,Consumer,26,75.57,28.24,0.03
2009-03-25,2009-03-01,Office Supplies,Envelopes,Yukon,Yukon,Small Business,20,108.09,25.76,0.07
2009-03-25,2009-03-01,Office Supplies,Paper,Yukon,Yukon,Small Business,2,55.34,-31.24,0.06
2011-08-21,2011-08-01,Office Supplies,Paper,Yukon,Yukon,Consumer,28,142.18,-50.14,0.07
2012-07-31,2012-07-01,Technology,Computer Peripherals,Yukon,Yukon,Consumer,28,64.82,-32.03,0.02
2012-07-31,2012-07-01,Office Supplies,Paper,Yukon,Yukon,Consumer,6,77.6,-37.07,0.08
2012-07-31,2012-07-01,Office Supplies,Paper,Yukon,Yukon,Consumer,17,821.18,308.63,0.04
2012-08-20,2012-08-01,Office Supplies,Storage & Organization,Yukon,Yukon,Consumer,42,1691.51,285.16,0.08
2012-08-20,2012-08-01,Office Supplies,Envelopes,Yukon,Yukon,Consumer,12,122.93,-6.83,0.04
2012-08-20,2012-08-01,Furniture,Office Furnishings,Yukon,Yukon,Consumer,4,47.86,-17.32,0.0
2012-08-20,2012-08-01,Technology,Telephones and Communication,Yukon,Yukon,Consumer,39,3607.8505,784.49,0.05
2009-04-07,2009-04-01,Office Supplies,Envelopes,Yukon,Yukon,Home Office,11,68.46,-22.48,0.02
2009-04-07,2009-04-01,Furniture,Office Furnishings,Yukon,Yukon,Home Office,21,885.23,78.98,0.03
2009-05-14,2009-05-01,Technology,Computer Peripherals,Yukon,Yukon,Home Office,46,229.35,-165.45,0.08
2009-05-14,2009-05-01,Office Supplies,Paper,Yukon,Yukon,Home Office,45,294.86,-141.12,0.07
2009-01-28,2009-01-01,Office Supplies,Appliances,Yukon,Yukon,Corporate,3,190.45,-44.05,0.02
2009-01-28,2009-01-01,Office Supplies,Binders and Binder Accessories,Yukon,Yukon,Corporate,34,179.99,-102.27,0.03
2010-05-11,2010-05-01,Technology,Telephones and Communication,Yukon,Yukon,Home Office,50,3615.8405,1861.35,0.03
2011-02-17,2011-02-01,Technology,Computer Peripherals,Yukon,Yukon,Corporate,12,464.57,-79.18,0.04
2009-11-25,2009-11-01,Technology,Telephones and Communication,Yukon,Yukon,Consumer,24,2525.9875,416.67,0.09
2009-07-17,2009-07-01,Technology,Office Machines,Yukon,Yukon,Consumer,42,4993.42,190.14,0.03
2009-07-17,2009-07-01,Technology,Computer Peripherals,Yukon,Yukon,Consumer,9,1059.3,67.6,0.05
2009-09-11,2009-09-01,Office Supplies,Labels,Yukon,Yukon,Corporate,1,17.59,10.85,0.06
2009-09-11,2009-09-01,Office Supplies,Paper,Yukon,Yukon,Corporate,48,308.81,128.28,0.01
2012-02-18,2012-02-01,Office Supplies,Storage & Organization,Yukon,Yukon,Home Office,38,299.01,-142.86,0.09
2012-07-08,2012-07-01,Office Supplies,Appliances,Yukon,Yukon,Home Office,39,220.09,-1795.74,0.04
2012-07-08,2012-07-01,Office Supplies,Paper,Yukon,Yukon,Home Office,49,1220.23,172.62,0.0
2012-07-08,2012-07-01,Office Supplies,Storage & Organization,Yukon,Yukon,Home Office,27,6152.8,554.55,0.04
2012-08-30,2012-08-01,Office Supplies,Paper,Yukon,Yukon,Corporate,27,1428.64,494.26,0.09
2010-04-11,2010-04-01,Office Supplies,Labels,Yukon,Yukon,Home Office,40,312.63,167.3,0.01
2010-04-11,2010-04-01,Office Supplies,Paper,Yukon,Yukon,Home Office,46,441.4,146.04,0.06
2012-01-15,2012-01-01,Office Supplies,Paper,Yukon,Yukon,Small Business,48,1585.6,632.13,0.08
2012-01-15,2012-01-01,Office Supplies,Paper,Yukon,Yukon,Small Business,30,215.85,60.95,0.09
2012-10-29,2012-10-01,Furniture,Tables,Yukon,Yukon,Consumer,42,12837.11,1881.76,0.05
2009-07-17,2009-07-01,Office Supplies,Binders and Binder Accessories,Yukon,Yukon,Home Office,42,82.03,-15.56,0.0
2009-07-17,2009-07-01,Office Supplies,Paper,Yukon,Yukon,Home Office,50,290.91,-108.19,0.06
2012-10-27,2012-10-01,Technology,Office Machines,Yukon,Yukon,Corporate,7,6362.94,-221.78,0.1
2009-06-28,2009-06-01,Office Supplies,Appliances,Yukon,Yukon,Home Office,39,739.28,43.97,0.0
2010-08-10,2010-08-01,Technology,Telephones and Communication,Yukon,Yukon,Small Business,48,5085.907,1366.69,0.03
2012-03-15,2012-03-01,Office Supplies,Labels,Yukon,Yukon,Corporate,23,66.02,10.88,0.1
2012-03-15,2012-03-01,Office Supplies,Rubber Bands,Yukon,Yukon,Corporate,11,15.53,-5.92,0.0
2010-05-24,2010-05-01,Technology,Office Machines,Yukon,Yukon,Corporate,25,8270.57,2851.46,0.08
2009-11-24,2009-11-01,Furniture,Tables,Yukon,Yukon,Corporate,16,1959.92,-374.96,0.07
2012-08-12,2012-08-01,Technology,Computer Peripherals,Yukon,Yukon,Corporate,9,41.03,-30.47,0.1
2012-09-02,2012-09-01,Office Supplies,Envelopes,Yukon,Yukon,Home Office,3,40.79,-11.69,0.02
2012-09-02,2012-09-01,Office Supplies,Paper,Yukon,Yukon,Home Office,16,524.25,124.18,0.0
2012-04-15,2012-04-01,Office Supplies,Paper,Yukon,Yukon,Home Office,29,151.09,4.59,0.02
2011-12-06,2011-12-01,Furniture,Office Furnishings,Yukon,Yukon,Corporate,19,251.45,90.0,0.06
2010-10-09,2010-10-01,Office Supplies,Storage & Organization,Yukon,Yukon,Home Office,9,1609.19,188.91,0.03
2009-10-08,2009-10-01,Furniture,Bookcases,Yukon,Yukon,Corporate,43,3044.7,-78.36,0.04
2010-09-26,2010-09-01,Office Supplies,Pens & Art Supplies,Yukon,Yukon,Corporate,11,18.26,-3.89,0.05
2011-10-09,2011-10-01,Office Supplies,Appliances,Yukon,Yukon,Home Office,39,2405.0,696.17,0.1
2010-07-03,2010-07-01,Office Supplies,Rubber Bands,Yukon,Yukon,Corporate,2,3.23,-2.73,0.06
2010-07-03,2010-07-01,Office Supplies,Storage & Organization,Yukon,Yukon,Corporate,36,2861.66,-921.68,0.04
2010-07-03,2010-07-01,Technology,Telephones and Communication,Yukon,Yukon,Corporate,7,373.2775,-204.93,0.07
2010-06-18,2010-06-01,Technology,Office Machines,Yukon,Yukon,Home Office,30,11481.03,2799.65,0.08
2011-08-08,2011-08-01,Office Supplies,Binders and Binder Accessories,Yukon,Yukon,Corporate,30,442.76,-17.11,0.09
2011-08-08,2011-08-01,Office Supplies,Binders and Binder Accessories,Yukon,Yukon,Corporate,22,2684.98,1115.14,0.03
2009-03-18,2009-03-01,Furniture,Bookcases,Yukon,Yukon,Corporate,44,10364.36,1049.03,0.01
2011-06-23,2011-06-01,Office Supplies,Pens & Art Supplies,Yukon,Yukon,Corporate,24,376.53,3.44,0.03
2012-08-14,2012-08-01,Office Supplies,Binders and Binder Accessories,Yukon,Yukon,Home Office,50,197.36,-43.5,0.07
2009-08-05,2009-08-01,Office Supplies,Storage & Organization,Yukon,Yukon,Home Office,8,555.2,-267.86,0.06
2009-05-22,2009-05-01,Office Supplies,Binders and Binder Accessories,Yukon,Yukon,Corporate,43,212.28,-103.22,0.06
2010-09-04,2010-09-01,Technology,Telephones and Communication,Yukon,Yukon,Home Office,50,2864.1005,697.82,0.03
2012-05-26,2012-05-01,Technology,Computer Peripherals,Yukon,Yukon,Home Office,39,1516.82,-83.28,0.1
2012-05-26,2012-05-01,Office Supplies,Storage & Organization,Yukon,Yukon,Home Office,45,2752.68,430.32,0.04
2011-07-07,2011-07-01,Office Supplies,Binders and Binder Accessories,Yukon,Yukon,Consumer,21,423.24,128.83,0.1
2010-06-08,2010-06-01,Furniture,Bookcases,Yukon,Yukon,Home Office,43,5677.87,-824.09,0.04
2010-06-08,2010-06-01,Technology,Computer Peripherals,Yukon,Yukon,Home Office,9,732.72,8.6,0.03
2010-06-08,2010-06-01,Office Supplies,Storage & Organization,Yukon,Yukon,Home Office,32,687.47,-1533.15,0.1
2009-05-25,2009-05-01,Technology,Office Machines,Yukon,Yukon,Home Office,34,598.19,-6.61,0.09
2012-12-25,2012-12-01,Office Supplies,Pens & Art Supplies,Yukon,Yukon,Corporate,46,304.26,28.93,0.1
2012-08-26,2012-08-01,Office Supplies,Storage & Organization,Yukon,Yukon,Corporate,9,990.67,-365.32,0.08
2011-06-25,2011-06-01,Technology,Telephones and Communication,Yukon,Yukon,Small Business,13,1506.8375,-75.01,0.07
2010-12-19,2010-12-01,Furniture,Office Furnishings,Yukon,Yukon,Small Business,13,185.83,58.16,0.03
2011-09-09,2011-09-01,Technology,Telephones and Communication,Yukon,Yukon,Corporate,26,4097.1445,501.54,0.1
2012-11-19,2012-11-01,Office Supplies,Binders and Binder Accessories,Yukon,Yukon,Consumer,42,259.43,-52.52,0.0
2009-02-05,2009-02-01,Furniture,Office Furnishings,Yukon,Yukon,Corporate,15,150.24,-102.93,0.08
2012-11-01,2012-11-01,Office Supplies,Rubber Bands,Yukon,Yukon,Corporate,37,46.37,-19.81,0.03
2010-05-29,2010-05-01,Office Supplies,Labels,Yukon,Yukon,Home Office,36,173.08,81.63,0.04
2010-05-29,2010-05-01,Technology,Telephones and Communication,Yukon,Yukon,Home Office,49,3492.6585,1181.81,0.08
2009-12-05,2009-12-01,Office Supplies,Envelopes,Yukon,Yukon,Home Office,13,453.09,107.74,0.09
2009-12-05,2009-12-01,Furniture,Office Furnishings,Yukon,Yukon,Home Office,15,2758.22,966.81,0.0
2009-12-05,2009-12-01,Office Supplies,Paper,Yukon,Yukon,Home Office,20,102.61,-92.01,0.09
2011-11-18,2011-11-01,Technology,Computer Peripherals,Yukon,Yukon,Corporate,18,416.39,119.47,0.06
2011-01-19,2011-01-01,Office Supplies,Pens & Art Supplies,Yukon,Yukon,Home Office,46,180.56,-15.79,0.1
2011-12-31,2011-12-01,Office Supplies,Pens & Art Supplies,Yukon,Yukon,Home Office,6,241.85,-4.5,0.01
2011-07-25,2011-07-01,Office Supplies,Storage & Organization,Yukon,Yukon,Corporate,1,182.4,-114.22,0.09
2011-07-25,2011-07-01,Technology,Computer Peripherals,Yukon,Yukon,Corporate,20,6004.35,1767.56,0.05
2010-11-13,2010-11-01,Technology,Telephones and Communication,Yukon,Yukon,Home Office,6,627.453,-408.25,0.07
2010-11-13,2010-11-01,Furniture,Bookcases,Yukon,Yukon,Home Office,50,3000.88,-719.17,0.01
2010-11-13,2010-11-01,Furniture,Office Furnishings,Yukon,Yukon,Home Office,31,6118.38,2042.58,0.09
2012-08-12,2012-08-01,Office Supplies,Pens & Art Supplies,Yukon,Yukon,Small Business,38,456.03,-61.61,0.02
2012-08-12,2012-08-01,Furniture,Tables,Yukon,Yukon,Small Business,17,2844.64,16.47,0.03
2012-06-10,2012-06-01,Office Supplies,Pens & Art Supplies,Yukon,Yukon,Corporate,5,169.27,-41.66,0.1
2012-02-05,2012-02-01,Office Supplies,Binders and Binder Accessories,Yukon,Yukon,Corporate,46,557.35,-9.19,0.0
2012-02-05,2012-02-01,Office Supplies,Paper,Yukon,Yukon,Corporate,50,490.87,190.93,0.0
2012-03-26,2012-03-01,Technology,Computer Peripherals,Yukon,Yukon,Small Business,4,137.54,-138.84,0.08
2012-02-18,2012-02-01,Technology,Computer Peripherals,Yukon,Yukon,Home Office,21,673.92,224.71,0.01
2012-02-18,2012-02-01,Office Supplies,Storage & Organization,Yukon,Yukon,Home Office,19,540.56,-93.46,0.02
2011-11-07,2011-11-01,Technology,Office Machines,Yukon,Yukon,Consumer,26,13905.88,6441.18,0.05
2012-04-18,2012-04-01,Office Supplies,Appliances,Yukon,Yukon,Home Office,48,1055.98,204.58,0.07
2011-05-25,2011-05-01,Technology,Copiers and Fax,Yukon,Yukon,Small Business,28,17599.39,5513.86,0.03
2011-05-25,2011-05-01,Office Supplies,Paper,Yukon,Yukon,Small Business,16,115.34,13.83,0.02
2012-01-02,2012-01-01,Office Supplies,Storage & Organization,Yukon,Yukon,Small Business,27,279.4,-92.25,0.1
2010-10-03,2010-10-01,Office Supplies,"Scissors, Rulers and Trimmers",Yukon,Yukon,Home Office,37,395.37,17.15,0.07
2010-03-18,2010-03-01,Furniture,Tables,Yukon,Yukon,Corporate,19,337.38,-409.79,0.0
2010-05-24,2010-05-01,Office Supplies,Envelopes,Yukon,Yukon,Small Business,20,116.55,-39.67,0.09
2009-10-12,2009-10-01,Technology,Office Machines,Yukon,Yukon,Consumer,4,487.72,-192.3,0.06
2012-03-31,2012-03-01,Office Supplies,Storage & Organization,Yukon,Yukon,Corporate,4,816.09,-150.29,0.05
2011-06-28,2011-06-01,Office Supplies,Storage & Organization,Yukon,Yukon,Home Office,39,3063.1,-1022.02,0.06
2011-06-28,2011-06-01,Office Supplies,Storage & Organization,Yukon,Yukon,Home Office,15,229.03,-28.58,0.05
2009-06-04,2009-06-01,Furniture,Tables,Yukon,Yukon,Corporate,11,2489.85,-566.5,0.06
2009-02-12,2009-02-01,Office Supplies,Paper,Yukon,Yukon,Consumer,37,240.52,-164.18,0.05
2011-04-21,2011-04-01,Furniture,Tables,Yukon,Yukon,Home Office,49,10261.25,611.11,0.02
2010-07-04,2010-07-01,Technology,Office Machines,Yukon,Yukon,Small Business,46,5699.22,2812.63,0.09
2012-05-17,2012-05-01,Office Supplies,Paper,Yukon,Yukon,Corporate,5,22.75,-0.45,0.09
2009-03-18,2009-03-01,Office Supplies,Storage & Organization,Yukon,Yukon,Home Office,18,433.31,-815.79,0.05
2012-08-10,2012-08-01,Office Supplies,Paper,Yukon,Yukon,Home Office,11,73.22,-34.53,0.06
2012-03-30,2012-03-01,Office Supplies,Rubber Bands,Yukon,Yukon,Corporate,20,22.28,-2.66,0.09
2011-05-07,2011-05-01,Technology,Office Machines,Yukon,Yukon,Small Business,43,525.77,34.63,0.08
2010-11-26,2010-11-01,Technology,Office Machines,Yukon,Yukon,Home Office,34,15152.55,7719.21,0.05
2011-11-02,2011-11-01,Furniture,Tables,Yukon,Yukon,Small Business,30,7497.08,698.67,0.02
2011-02-06,2011-02-01,Office Supplies,Paper,Yukon,Yukon,Consumer,25,1279.45,558.25,0.01
2010-11-29,2010-11-01,Furniture,Office Furnishings,Yukon,Yukon,Consumer,11,455.59,98.02,0.02
2010-07-23,2010-07-01,Technology,Telephones and Communication,Yukon,Yukon,Home Office,12,1171.232,-43.25,0.04
2010-04-07,2010-04-01,Technology,Telephones and Communication,Yukon,Yukon,Consumer,39,723.3075,216.7,0.01
2012-11-12,2012-11-01,Office Supplies,"Scissors, Rulers and Trimmers",Yukon,Yukon,Home Office,49,103.03,-82.63,0.07
2009-05-25,2009-05-01,Office Supplies,Binders and Binder Accessories,Yukon,Yukon,Corporate,12,78.94,-51.7,0.03
2009-05-25,2009-05-01,Office Supplies,Paper,Yukon,Yukon,Corporate,22,576.89,175.03,0.08
2009-05-25,2009-05-01,Technology,Telephones and Communication,Yukon,Yukon,Corporate,2,35.666,-112.19,0.06
2009-05-25,2009-05-01,Technology,Telephones and Communication,Yukon,Yukon,Corporate,38,4191.5625,1286.53,0.0
2011-01-27,2011-01-01,Technology,Telephones and Communication,Yukon,Yukon,Home Office,17,312.035,-55.94,0.05
2010-08-19,2010-08-01,Office Supplies,"Scissors, Rulers and Trimmers",Yukon,Yukon,Corporate,36,77.43,-60.07,0.01
2010-12-27,2010-12-01,Office Supplies,Pens & Art Supplies,Yukon,Yukon,Home Office,34,1315.74,260.87,0.03
2009-06-17,2009-06-01,Furniture,Office Furnishings,Yukon,Yukon,Corporate,25,184.86,-33.95,0.09
2009-06-17,2009-06-01,Office Supplies,Paper,Yukon,Yukon,Corporate,44,267.85,-65.43,0.04
2009-06-17,2009-06-01,Office Supplies,Storage & Organization,Yukon,Yukon,Corporate,33,528.5,-149.92,0.04
2009-05-16,2009-05-01,Office Supplies,Binders and Binder Accessories,Yukon,Yukon,Corporate,25,136.77,-136.25,0.09
2010-12-30,2010-12-01,Office Supplies,Pens & Art Supplies,Yukon,Yukon,Home Office,21,46.94,3.88,0.02
2009-02-05,2009-02-01,Technology,Office Machines,Yukon,Yukon,Small Business,39,15260.78,8734.88,0.07
2009-02-05,2009-02-01,Office Supplies,Storage & Organization,Yukon,Yukon,Small Business,3,540.41,-170.98,0.1
2011-08-20,2011-08-01,Technology,Telephones and Communication,Yukon,Yukon,Corporate,22,1162.4005,-284.63,0.09
2011-11-14,2011-11-01,Furniture,Office Furnishings,Yukon,Yukon,Home Office,17,104.94,-34.97,0.06
2012-10-01,2012-10-01,Technology,Computer Peripherals,Yukon,Yukon,Corporate,21,227.66,-100.16,0.04
2012-10-01,2012-10-01,Office Supplies,"Scissors, Rulers and Trimmers",Yukon,Yukon,Corporate,39,84.33,-64.29,0.04
2012-06-20,2012-06-01,Technology,Office Machines,Yukon,Yukon,Consumer,6,90.56,-37.58,0.03
2012-06-20,2012-06-01,Office Supplies,Pens & Art Supplies,Yukon,Yukon,Consumer,42,1634.9,502.42,0.01
2012-06-20,2012-06-01,Furniture,Tables,Yukon,Yukon,Consumer,48,11278.18,1836.81,0.01
2009-12-20,2009-12-01,Technology,Telephones and Communication,Yukon,Yukon,Small Business,47,6717.9325,1717.89,0.09
2011-09-12,2011-09-01,Office Supplies,Paper,Yukon,Yukon,Small Business,26,133.65,56.28,0.05
2011-09-12,2011-09-01,Technology,Telephones and Communication,Yukon,Yukon,Small Business,10,525.674,-147.02,0.08
2011-02-07,2011-02-01,Office Supplies,Storage & Organization,Yukon,Yukon,Corporate,36,1225.52,-1191.13,0.1
2011-02-07,2011-02-01,Technology,Computer Peripherals,Yukon,Yukon,Corporate,10,1024.29,-95.52,0.07
2011-02-07,2011-02-01,Office Supplies,Pens & Art Supplies,Yukon,Yukon,Corporate,47,1348.57,19.57,0.08
2010-10-30,2010-10-01,Furniture,Tables,Yukon,Yukon,Corporate,38,1264.46,-1249.39,0.0
2010-10-30,2010-10-01,Office Supplies,Binders and Binder Accessories,Yukon,Yukon,Corporate,35,158.25,-114.74,0.09
2012-04-12,2012-04-01,Office Supplies,Binders and Binder Accessories,Yukon,Yukon,Small Business,23,107.93,-68.14,0.0
2010-09-03,2010-09-01,Office Supplies,Envelopes,Yukon,Yukon,Small Business,7,66.41,-32.35,0.05
2011-09-03,2011-09-01,Office Supplies,Binders and Binder Accessories,Yukon,Yukon,Consumer,7,27.01,-1.3,0.05
2010-05-29,2010-05-01,Office Supplies,Paper,Yukon,Yukon,Small Business,29,157.49,-58.25,0.09
2011-09-10,2011-09-01,Office Supplies,Paper,Yukon,Yukon,Corporate,14,330.21,83.24,0.07
2012-08-14,2012-08-01,Office Supplies,Binders and Binder Accessories,Yukon,Yukon,Small Business,5,22.56,-25.56,0.04
2010-05-24,2010-05-01,Technology,Computer Peripherals,Yukon,Yukon,Corporate,6,82.72,-29.71,0.08
2011-09-22,2011-09-01,Office Supplies,Paper,Yukon,Yukon,Small Business,34,229.51,-189.33,0.04
2011-09-22,2011-09-01,Office Supplies,Storage & Organization,Yukon,Yukon,Small Business,32,473.0,-185.8,0.09
2009-05-20,2009-05-01,Technology,Telephones and Communication,Yukon,Yukon,Small Business,39,2178.431,396.97,0.01
2009-04-17,2009-04-01,Technology,Computer Peripherals,Yukon,Yukon,Small Business,25,1344.88,-13.77,0.06
2009-04-17,2009-04-01,Office Supplies,Labels,Yukon,Yukon,Small Business,42,248.54,111.75,0.07
2009-05-04,2009-05-01,Office Supplies,Storage & Organization,Yukon,Yukon,Consumer,25,4253.65,943.0,0.05
2010-03-02,2010-03-01,Office Supplies,Paper,Yukon,Yukon,Consumer,3,62.88,-24.74,0.09
2011-05-02,2011-05-01,Technology,Telephones and Communication,Yukon,Yukon,Corporate,34,6264.1855,1312.04,0.01
2011-05-02,2011-05-01,Office Supplies,Envelopes,Yukon,Yukon,Corporate,36,5410.95,2077.91,0.09
2011-11-07,2011-11-01,Office Supplies,Envelopes,Yukon,Yukon,Consumer,41,6831.72,3081.02,0.01
2009-11-20,2009-11-01,Office Supplies,Pens & Art Supplies,Yukon,Yukon,Consumer,26,103.87,15.42,0.1
2010-02-11,2010-02-01,Office Supplies,Pens & Art Supplies,Yukon,Yukon,Corporate,12,33.86,0.35,0.05
2009-07-14,2009-07-01,Office Supplies,Storage & Organization,Yukon,Yukon,Small Business,23,3553.62,521.69,0.07
2011-07-14,2011-07-01,Technology,Computer Peripherals,Yukon,Yukon,Home Office,6,92.02,-47.36,0.1
2012-11-18,2012-11-01,Furniture,Tables,Yukon,Yukon,Corporate,12,1736.41,-762.44,0.1
2011-12-21,2011-12-01,Office Supplies,Pens & Art Supplies,Yukon,Yukon,Home Office,38,115.43,11.41,0.0
2011-03-15,2011-03-01,Furniture,Office Furnishings,Yukon,Yukon,Small Business,20,246.06,20.67,0.08
2010-05-05,2010-05-01,Office Supplies,Envelopes,Yukon,Yukon,Small Business,14,83.87,-28.83,0.06
2009-07-05,2009-07-01,Office Supplies,Binders and Binder Accessories,Yukon,Yukon,Home Office,8,79.42,-15.46,0.01
2009-07-05,2009-07-01,Office Supplies,Labels,Yukon,Yukon,Home Office,26,75.6,17.14,0.06
2012-06-02,2012-06-01,Furniture,Office Furnishings,Yukon,Yukon,Corporate,41,95.73,-151.15,0.0
2011-02-21,2011-02-01,Office Supplies,Storage & Organization,Yukon,Yukon,Consumer,43,1225.41,-138.02,0.04
2011-03-16,2011-03-01,Office Supplies,Storage & Organization,Yukon,Yukon,Small Business,24,370.72,-156.76,0.1
2011-01-11,2011-01-01,Furniture,Bookcases,Yukon,Yukon,Small Business,48,6403.39,-824.15,0.01
2011-01-11,2011-01-01,Technology,Computer Peripherals,Yukon,Yukon,Small Business,23,757.91,-16.05,0.02
2012-03-03,2012-03-01,Furniture,Office Furnishings,Yukon,Yukon,Corporate,18,409.16,21.96,0.05
2012-03-03,2012-03-01,Technology,Telephones and Communication,Yukon,Yukon,Corporate,46,2508.316,456.81,0.07
2011-07-16,2011-07-01,Office Supplies,Pens & Art Supplies,Yukon,Yukon,Small Business,28,1165.33,154.85,0.04
2012-09-03,2012-09-01,Office Supplies,Envelopes,Yukon,Yukon,Home Office,25,2325.42,739.91,0.02
2012-12-28,2012-12-01,Office Supplies,Binders and Binder Accessories,Yukon,Yukon,Small Business,30,2116.7,488.82,0.02
2012-04-07,2012-04-01,Office Supplies,Rubber Bands,Yukon,Yukon,Home Office,2,10.39,-7.97,0.02
2012-12-13,2012-12-01,Furniture,Tables,Yukon,Yukon,Consumer,4,135.928,-126.47,0.04
2012-01-27,2012-01-01,Technology,Computer Peripherals,Yukon,Yukon,Corporate,13,463.83,103.26,0.0
2009-08-05,2009-08-01,Furniture,Tables,Yukon,Yukon,Corporate,44,17248.09,2048.63,0.08
2009-11-16,2009-11-01,Office Supplies,Paper,Yukon,Yukon,Corporate,22,168.31,46.49,0.1
2009-11-16,2009-11-01,Technology,Telephones and Communication,Yukon,Yukon,Corporate,45,4282.725,1371.74,0.03
2010-03-28,2010-03-01,Office Supplies,Pens & Art Supplies,Yukon,Yukon,Small Business,2,79.58,-38.28,0.06
2011-03-01,2011-03-01,Office Supplies,Paper,Yukon,Yukon,Small Business,24,192.8,31.0,0.05
2010-11-25,2010-11-01,Technology,Computer Peripherals,Yukon,Yukon,Corporate,12,900.06,-221.12,0.05
2012-07-20,2012-07-01,Office Supplies,Labels,Yukon,Yukon,Small Business,20,88.82,38.35,0.01
2012-07-20,2012-07-01,Furniture,Office Furnishings,Yukon,Yukon,Small Business,11,2392.23,1216.74,0.04
2010-04-10,2010-04-01,Office Supplies,Paper,Yukon,Yukon,Corporate,32,216.08,-84.33,0.0
2010-04-10,2010-04-01,Office Supplies,Storage & Organization,Yukon,Yukon,Corporate,27,339.03,-24.44,0.09
2010-04-10,2010-04-01,Technology,Telephones and Communication,Yukon,Yukon,Corporate,12,1098.149,-182.97,0.09
2010-09-06,2010-09-01,Technology,Computer Peripherals,Yukon,Yukon,Corporate,20,2039.39,199.73,0.01
2011-09-15,2011-09-01,Technology,Copiers and Fax,Yukon,Yukon,Small Business,3,2036.97,-2397.44,0.03
2011-09-15,2011-09-01,Furniture,Tables,Yukon,Yukon,Small Business,21,2629.664,27.74,0.09
2009-06-17,2009-06-01,Office Supplies,Appliances,Yukon,Yukon,Consumer,37,394.62,-31.39,0.06
2009-06-17,2009-06-01,Furniture,Office Furnishings,Yukon,Yukon,Consumer,42,464.64,14.48,0.03
2009-06-17,2009-06-01,Furniture,Office Furnishings,Yukon,Yukon,Consumer,11,96.68,22.25,0.03
2011-10-14,2011-10-01,Office Supplies,Appliances,Yukon,Yukon,Corporate,6,155.48,-6.64,0.1
2011-10-14,2011-10-01,Office Supplies,Pens & Art Supplies,Yukon,Yukon,Corporate,21,56.77,-3.2,0.06
2010-04-07,2010-04-01,Office Supplies,Paper,Yukon,Yukon,Home Office,9,63.91,-27.78,0.06
2011-09-08,2011-09-01,Furniture,Office Furnishings,Yukon,Yukon,Corporate,6,27.32,-5.87,0.05
2011-09-08,2011-09-01,Office Supplies,Storage & Organization,Yukon,Yukon,Corporate,43,643.31,-231.34,0.08
2010-07-17,2010-07-01,Office Supplies,Appliances,Yukon,Yukon,Home Office,42,188.23,-145.1,0.05
2010-07-17,2010-07-01,Office Supplies,Pens & Art Supplies,Yukon,Yukon,Home Office,28,541.95,143.04,0.06
2011-01-21,2011-01-01,Technology,Computer Peripherals,Yukon,Yukon,Consumer,26,448.23,110.6,0.01
2011-05-21,2011-05-01,Technology,Computer Peripherals,Yukon,Yukon,Corporate,21,748.83,250.01,0.01
2012-05-24,2012-05-01,Office Supplies,Rubber Bands,Yukon,Yukon,Corporate,16,40.85,6.46,0.09
2010-09-26,2010-09-01,Furniture,Office Furnishings,Yukon,Yukon,Small Business,7,53.14,14.57,0.04
2011-08-04,2011-08-01,Office Supplies,Pens & Art Supplies,Yukon,Yukon,Small Business,41,127.84,12.69,0.02
2011-08-04,2011-08-01,Office Supplies,Rubber Bands,Yukon,Yukon,Small Business,6,11.15,-2.62,0.07
2009-05-25,2009-05-01,Office Supplies,Paper,Yukon,Yukon,Consumer,5,235.49,21.78,0.06
2012-01-19,2012-01-01,Office Supplies,Storage & Organization,Yukon,Yukon,Consumer,46,8177.07,2385.3,0.08
2012-01-08,2012-01-01,Furniture,Tables,Yukon,Yukon,Home Office,4,1187.864,-347.16,0.07
2009-01-25,2009-01-01,Furniture,Office Furnishings,Yukon,Yukon,Corporate,4,11.08,-8.93,0.06
2012-03-10,2012-03-01,Furniture,Office Furnishings,Yukon,Yukon,Consumer,10,141.92,12.2,0.06
2012-04-04,2012-04-01,Technology,Computer Peripherals,Yukon,Yukon,Corporate,9,337.34,-69.84,0.06
2011-04-20,2011-04-01,Furniture,Office Furnishings,Yukon,Yukon,Corporate,17,475.9,-5.18,0.04
2011-04-20,2011-04-01,Furniture,Tables,Yukon,Yukon,Corporate,12,3635.63,104.48,0.09
2011-01-08,2011-01-01,Technology,Computer Peripherals,Yukon,Yukon,Consumer,34,157.56,-139.35,0.1
2010-03-13,2010-03-01,Furniture,Chairs & Chairmats,Yukon,Yukon,Corporate,16,2026.05,-357.65,0.1
2010-11-19,2010-11-01,Office Supplies,Paper,Yukon,Yukon,Consumer,15,37.7,-81.08,0.1
2010-11-19,2010-11-01,Office Supplies,Storage & Organization,Yukon,Yukon,Consumer,47,1059.72,112.22,0.01
2010-03-04,2010-03-01,Furniture,Chairs & Chairmats,Yukon,Yukon,Consumer,35,3491.71,-1216.64,0.04
2010-03-04,2010-03-01,Office Supplies,Pens & Art Supplies,Yukon,Yukon,Consumer,15,485.16,-9.32,0.1
2009-06-03,2009-06-01,Office Supplies,Labels,Yukon,Yukon,Consumer,45,112.72,39.19,0.09
2009-09-19,2009-09-01,Office Supplies,Paper,Yukon,Yukon,Home Office,22,150.34,-28.45,0.06
2009-01-14,2009-01-01,Technology,Office Machines,Yukon,Yukon,Home Office,21,2364.29,-220.05,0.08
2009-01-14,2009-01-01,Office Supplies,Pens & Art Supplies,Yukon,Yukon,Home Office,27,112.57,13.92,0.08
2009-01-09,2009-01-01,Office Supplies,Pens & Art Supplies,Yukon,Yukon,Corporate,43,541.45,-164.25,0.0
2010-11-20,2010-11-01,Furniture,Office Furnishings,Yukon,Yukon,Home Office,15,1556.55,436.02,0.04
2012-02-02,2012-02-01,Furniture,Office Furnishings,Yukon,Yukon,Small Business,39,647.81,8.65,0.1
2011-08-20,2011-08-01,Technology,Office Machines,Yukon,Yukon,Consumer,15,168.9,-16.19,0.09
2009-05-19,2009-05-01,Office Supplies,Paper,Yukon,Yukon,Corporate,14,145.86,-92.32,0.04
2009-06-12,2009-06-01,Office Supplies,Paper,Yukon,Yukon,Corporate,28,1676.48,590.35,0.0
2010-11-11,2010-11-01,Furniture,Office Furnishings,Yukon,Yukon,Corporate,42,605.77,129.33,0.05
2010-11-11,2010-11-01,Office Supplies,Paper,Yukon,Yukon,Corporate,44,1480.91,489.14,0.0
2009-07-24,2009-07-01,Office Supplies,Storage & Organization,Yukon,Yukon,Corporate,33,3644.24,-457.73,0.0
2009-07-24,2009-07-01,Technology,Telephones and Communication,Yukon,Yukon,Corporate,8,599.2075,-268.66,0.1
2011-12-09,2011-12-01,Technology,Computer Peripherals,Yukon,Yukon,Consumer,36,268.55,-99.02,0.1
2010-08-29,2010-08-01,Furniture,Chairs & Chairmats,Yukon,Yukon,Corporate,38,3632.6,-400.33,0.0
2011-12-06,2011-12-01,Office Supplies,Storage & Organization,Yukon,Yukon,Consumer,18,1733.1,-505.69,0.09
2011-12-06,2011-12-01,Technology,Telephones and Communication,Yukon,Yukon,Consumer,31,3448.6455,900.41,0.02
2011-01-22,2011-01-01,Office Supplies,Appliances,Yukon,Yukon,Consumer,39,1939.66,540.67,0.03
2011-01-22,2011-01-01,Office Supplies,Labels,Yukon,Yukon,Consumer,5,21.56,2.75,0.0
2011-01-22,2011-01-01,Office Supplies,Pens & Art Supplies,Yukon,Yukon,Consumer,43,115.81,-1.49,0.1
2009-09-07,2009-09-01,Office Supplies,Pens & Art Supplies,Yukon,Yukon,Corporate,16,95.9,19.57,0.07
2009-09-07,2009-09-01,Office Supplies,Appliances,Yukon,Yukon,Corporate,28,517.91,107.11,0.08
2009-09-07,2009-09-01,Office Supplies,Binders and Binder Accessories,Yukon,Yukon,Corporate,46,162.28,-216.15,0.02
2010-02-12,2010-02-01,Technology,Computer Peripherals,Yukon,Yukon,Corporate,20,637.04,-26.83,0.0
2010-11-16,2010-11-01,Office Supplies,Binders and Binder Accessories,Yukon,Yukon,Consumer,6,64.37,-6.96,0.07
2010-11-16,2010-11-01,Technology,Copiers and Fax,Yukon,Yukon,Consumer,10,4588.55,-266.62,0.01
2009-05-01,2009-05-01,Furniture,Office Furnishings,Yukon,Yukon,Corporate,19,596.21,211.59,0.1
2011-02-13,2011-02-01,Furniture,Bookcases,Yukon,Yukon,Corporate,27,2645.88,-1231.98,0.06
2009-04-07,2009-04-01,Technology,Telephones and Communication,Yukon,Yukon,Corporate,36,2144.924,542.25,0.0
2009-07-07,2009-07-01,Furniture,Office Furnishings,Yukon,Yukon,Home Office,12,65.89,20.6,0.03
2011-10-11,2011-10-01,Furniture,Office Furnishings,Yukon,Yukon,Small Business,49,9752.25,3066.17,0.09
2012-12-25,2012-12-01,Office Supplies,Pens & Art Supplies,Yukon,Yukon,Corporate,27,114.86,16.21,0.07
2009-11-11,2009-11-01,Office Supplies,Storage & Organization,Yukon,Yukon,Corporate,10,994.04,-335.06,0.03
2010-09-29,2010-09-01,Office Supplies,Appliances,Yukon,Yukon,Corporate,38,10223.19,2723.31,0.08
2010-09-29,2010-09-01,Office Supplies,Paper,Yukon,Yukon,Corporate,50,312.42,-90.42,0.08
2009-08-27,2009-08-01,Technology,Computer Peripherals,Yukon,Yukon,Consumer,31,262.54,29.24,0.04
2009-08-27,2009-08-01,Technology,Office Machines,Yukon,Yukon,Consumer,12,190.73,-69.64,0.1
2009-08-27,2009-08-01,Technology,Telephones and Communication,Yukon,Yukon,Consumer,17,1332.97,4.75,0.09
2011-05-12,2011-05-01,Office Supplies,Paper,Yukon,Yukon,Home Office,45,283.13,-141.26,0.08
2012-08-13,2012-08-01,Office Supplies,Binders and Binder Accessories,Yukon,Yukon,Corporate,50,193.11,-263.76,0.08
2010-09-07,2010-09-01,Office Supplies,Binders and Binder Accessories,Yukon,Yukon,Corporate,13,158.79,1.16,0.05
2009-03-20,2009-03-01,Furniture,Bookcases,Yukon,Yukon,Consumer,30,4620.05,-229.68,0.06
2009-04-09,2009-04-01,Technology,Telephones and Communication,Yukon,Yukon,Corporate,30,3197.003,603.46,0.07
2010-10-30,2010-10-01,Office Supplies,Paper,Yukon,Yukon,Small Business,45,298.57,74.07,0.07
2010-10-30,2010-10-01,Office Supplies,Pens & Art Supplies,Yukon,Yukon,Small Business,15,44.32,-41.55,0.01
2009-09-04,2009-09-01,Technology,Telephones and Communication,Yukon,Yukon,Corporate,50,7312.0315,2031.51,0.06
2010-07-04,2010-07-01,Technology,Computer Peripherals,Yukon,Yukon,Home Office,5,102.18,-65.67,0.09
2009-08-04,2009-08-01,Technology,Office Machines,Yukon,Yukon,Corporate,1,3501.79,-7838.33,0.01
2009-08-04,2009-08-01,Office Supplies,"Scissors, Rulers and Trimmers",Yukon,Yukon,Corporate,9,141.83,-35.69,0.06
2009-06-03,2009-06-01,Furniture,Tables,Yukon,Yukon,Corporate,23,3503.12,-168.14,0.01
2010-09-21,2010-09-01,Office Supplies,Paper,Yukon,Yukon,Small Business,7,54.23,-16.46,0.08
2009-09-27,2009-09-01,Office Supplies,Labels,Yukon,Yukon,Corporate,42,152.26,64.99,0.04
2010-06-16,2010-06-01,Technology,Telephones and Communication,Yukon,Yukon,Corporate,13,2048.568,-259.99,0.1
2011-02-06,2011-02-01,Technology,Telephones and Communication,Yukon,Yukon,Small Business,27,4442.049,720.95,0.1
2011-12-10,2011-12-01,Furniture,Tables,Yukon,Yukon,Home Office,45,1212.928,-1460.77,0.02
2011-02-20,2011-02-01,Furniture,Bookcases,Yukon,Yukon,Corporate,31,3081.33,-1341.11,0.08
2011-02-20,2011-02-01,Office Supplies,Appliances,Yukon,Yukon,Corporate,42,1692.56,275.5,0.04
2010-01-13,2010-01-01,Office Supplies,Binders and Binder Accessories,Yukon,Yukon,Small Business,50,8038.08,2821.41,0.1
2010-12-21,2010-12-01,Office Supplies,Appliances,Yukon,Yukon,Home Office,29,2360.98,611.93,0.02
2010-12-21,2010-12-01,Office Supplies,Labels,Yukon,Yukon,Home Office,49,182.2,82.21,0.09
2009-11-20,2009-11-01,Furniture,Bookcases,Yukon,Yukon,Corporate,46,2494.69,-937.06,0.09
2010-01-07,2010-01-01,Office Supplies,Pens & Art Supplies,Yukon,Yukon,Corporate,44,159.41,34.68,0.0
2011-11-24,2011-11-01,Office Supplies,Appliances,Yukon,Yukon,Corporate,49,1147.64,261.87,0.06
2010-06-25,2010-06-01,Office Supplies,Binders and Binder Accessories,Yukon,Yukon,Corporate,7,44.74,-20.1,0.04
2010-06-25,2010-06-01,Office Supplies,Binders and Binder Accessories,Yukon,Yukon,Corporate,21,90.78,-71.84,0.06
2010-07-26,2010-07-01,Office Supplies,Paper,Yukon,Yukon,Corporate,15,150.2,12.97,0.02
2012-02-11,2012-02-01,Technology,Telephones and Communication,Yukon,Yukon,Corporate,2,38.93,-102.43,0.07
2009-05-16,2009-05-01,Office Supplies,Binders and Binder Accessories,Yukon,Yukon,Corporate,18,513.08,198.94,0.03
2009-05-16,2009-05-01,Office Supplies,Paper,Yukon,Yukon,Corporate,16,98.8,-62.0,0.07
2009-05-13,2009-05-01,Office Supplies,Rubber Bands,Yukon,Yukon,Small Business,34,89.4,22.22,0.08
2009-08-18,2009-08-01,Office Supplies,Paper,Yukon,Yukon,Home Office,23,123.15,22.98,0.05
2011-04-10,2011-04-01,Office Supplies,Appliances,Yukon,Yukon,Corporate,13,563.18,67.98,0.02
2011-04-10,2011-04-01,Office Supplies,Binders and Binder Accessories,Yukon,Yukon,Corporate,16,47.45,1.07,0.05
2012-12-02,2012-12-01,Furniture,Office Furnishings,Yukon,Yukon,Corporate,2,16.97,-8.8,0.04
2012-12-02,2012-12-01,Technology,Telephones and Communication,Yukon,Yukon,Corporate,42,4077.756,1086.96,0.04
2009-01-13,2009-01-01,Technology,Office Machines,Yukon,Yukon,Corporate,3,445.34,-377.9,0.03
2009-01-13,2009-01-01,Office Supplies,Paper,Yukon,Yukon,Corporate,13,660.99,267.67,0.02
2012-02-24,2012-02-01,Furniture,Office Furnishings,Yukon,Yukon,Home Office,42,282.61,-106.36,0.02
2012-07-08,2012-07-01,Technology,Office Machines,Yukon,Yukon,Home Office,28,4332.3,2066.12,0.08
2010-01-23,2010-01-01,Technology,Telephones and Communication,Yukon,Yukon,Consumer,11,808.673,-10.67,0.06
2012-03-06,2012-03-01,Technology,Computer Peripherals,Yukon,Yukon,Corporate,24,170.7,-37.88,0.0
2012-03-06,2012-03-01,Furniture,Tables,Yukon,Yukon,Corporate,21,1839.448,-742.88,0.07
2010-05-17,2010-05-01,Office Supplies,Pens & Art Supplies,Yukon,Yukon,Small Business,47,1837.15,196.58,0.06
2010-05-17,2010-05-01,Office Supplies,Storage & Organization,Yukon,Yukon,Small Business,5,540.22,-253.38,0.06
2010-05-17,2010-05-01,Technology,Telephones and Communication,Yukon,Yukon,Small Business,40,2035.393,1152.69,0.01
2009-08-01,2009-08-01,Office Supplies,Binders and Binder Accessories,Yukon,Yukon,Corporate,30,192.41,-55.95,0.03
2011-02-15,2011-02-01,Technology,Office Machines,Yukon,Yukon,Corporate,39,4733.88,239.41,0.02
2012-10-16,2012-10-01,Office Supplies,Pens & Art Supplies,Yukon,Yukon,Corporate,17,363.54,4.75,0.08
2012-05-11,2012-05-01,Technology,Copiers and Fax,Yukon,Yukon,Corporate,6,3378.18,-1352.68,0.08
2012-05-11,2012-05-01,Technology,Telephones and Communication,Yukon,Yukon,Corporate,26,1443.266,156.11,0.08
2010-09-26,2010-09-01,Office Supplies,Pens & Art Supplies,Yukon,Yukon,Small Business,48,525.0,63.5,0.03
2010-10-26,2010-10-01,Office Supplies,Storage & Organization,Yukon,Yukon,Home Office,8,279.77,-14.02,0.07
2010-10-26,2010-10-01,Furniture,Tables,Yukon,Yukon,Home Office,8,154.21,-160.39,0.03
2009-11-03,2009-11-01,Office Supplies,Storage & Organization,Yukon,Yukon,Small Business,39,460.43,-76.18,0.07
2009-12-17,2009-12-01,Office Supplies,Appliances,Yukon,Yukon,Corporate,13,970.47,192.38,0.1
2010-07-09,2010-07-01,Furniture,Office Furnishings,Yukon,Yukon,Consumer,36,1340.93,154.16,0.09
2010-11-04,2010-11-01,Furniture,Bookcases,Yukon,Yukon,Small Business,35,5287.16,-769.05,0.05
2012-03-23,2012-03-01,Technology,Computer Peripherals,Yukon,Yukon,Corporate,12,386.71,-84.12,0.01
2012-03-23,2012-03-01,Office Supplies,Pens & Art Supplies,Yukon,Yukon,Corporate,34,134.06,5.98,0.09
2009-10-02,2009-10-01,Furniture,Bookcases,Yukon,Yukon,Corporate,27,7937.59,1383.24,0.03
2009-10-02,2009-10-01,Technology,Office Machines,Yukon,Yukon,Corporate,4,9396.41,-4991.42,0.02
2009-12-13,2009-12-01,Furniture,Chairs & Chairmats,Yukon,Yukon,Home Office,25,13255.93,4089.27,0.02
2009-03-29,2009-03-01,Technology,Computer Peripherals,Yukon,Yukon,Small Business,27,1068.7,-89.5,0.04
2011-08-02,2011-08-01,Office Supplies,Appliances,Yukon,Yukon,Corporate,6,157.94,9.15,0.04
2011-02-18,2011-02-01,Office Supplies,Appliances,Yukon,Yukon,Corporate,50,3089.06,719.26,0.0
2011-02-18,2011-02-01,Technology,Office Machines,Yukon,Yukon,Corporate,47,20265.22,6168.64,0.08
2010-05-10,2010-05-01,Furniture,Tables,Yukon,Yukon,Home Office,33,1209.168,-1052.79,0.03
2011-03-02,2011-03-01,Technology,Telephones and Communication,Yukon,Yukon,Corporate,46,7640.225,2027.68,0.07
2012-10-06,2012-10-01,Office Supplies,Paper,Yukon,Yukon,Small Business,3,24.36,-13.01,0.07
2010-12-12,2010-12-01,Office Supplies,Appliances,Yukon,Yukon,Small Business,15,126.74,-18.53,0.08
2010-12-18,2010-12-01,Office Supplies,Rubber Bands,Yukon,Yukon,Consumer,42,48.41,-1.46,0.06
2012-02-11,2012-02-01,Furniture,Chairs & Chairmats,Yukon,Yukon,Corporate,50,4550.06,-1335.32,0.1
2012-10-30,2012-10-01,Office Supplies,Envelopes,Yukon,Yukon,Small Business,28,462.12,226.4,0.0
2010-08-31,2010-08-01,Office Supplies,Labels,Yukon,Yukon,Consumer,37,105.99,43.37,0.01
2010-10-08,2010-10-01,Technology,Computer Peripherals,Yukon,Yukon,Home Office,31,512.87,170.69,0.0
2012-03-15,2012-03-01,Office Supplies,Rubber Bands,Yukon,Yukon,Consumer,32,102.59,8.88,0.01
2012-03-15,2012-03-01,Technology,Computer Peripherals,Yukon,Yukon,Consumer,50,1695.65,51.98,0.02
2009-02-04,2009-02-01,Office Supplies,Pens & Art Supplies,Yukon,Yukon,Home Office,2,7.01,-4.2,0.03
2009-04-29,2009-04-01,Office Supplies,Storage & Organization,Yukon,Yukon,Small Business,32,1116.03,203.44,0.04
2012-10-27,2012-10-01,Furniture,Office Furnishings,Yukon,Yukon,Home Office,20,2305.75,-530.68,0.03
2012-05-21,2012-05-01,Office Supplies,Binders and Binder Accessories,Yukon,Yukon,Home Office,21,80.45,-60.96,0.09
2012-09-20,2012-09-01,Furniture,Office Furnishings,Yukon,Yukon,Consumer,8,149.51,-31.11,0.02
2012-01-10,2012-01-01,Furniture,Office Furnishings,Yukon,Yukon,Corporate,25,322.73,101.83,0.07
2009-04-24,2009-04-01,Office Supplies,Pens & Art Supplies,Yukon,Yukon,Consumer,1,7.96,-0.11,0.0
2009-08-29,2009-08-01,Furniture,Chairs & Chairmats,Yukon,Yukon,Corporate,5,1548.45,-224.2,0.03
2009-08-29,2009-08-01,Furniture,Office Furnishings,Yukon,Yukon,Corporate,3,56.07,10.49,0.0
2012-05-21,2012-05-01,Office Supplies,Envelopes,Yukon,Yukon,Corporate,25,270.16,16.92,0.09
2012-05-21,2012-05-01,Technology,Office Machines,Yukon,Yukon,Corporate,24,2694.01,994.31,0.08
2010-12-31,2010-12-01,Furniture,Office Furnishings,Yukon,Yukon,Corporate,2,56.13,48.85,0.02
2010-12-31,2010-12-01,Technology,Telephones and Communication,Yukon,Yukon,Corporate,25,1491.5205,286.36,0.0
2009-02-11,2009-02-01,Technology,Office Machines,Yukon,Yukon,Consumer,7,13253.93,-1596.75,0.01
2009-02-25,2009-02-01,Furniture,Office Furnishings,Yukon,Yukon,Corporate,22,1102.3,98.12,0.1
2012-08-05,2012-08-01,Office Supplies,Envelopes,Yukon,Yukon,Corporate,43,471.87,52.27,0.05
2012-08-05,2012-08-01,Furniture,Office Furnishings,Yukon,Yukon,Corporate,39,539.6,-6.5,0.06
2009-09-15,2009-09-01,Office Supplies,Binders and Binder Accessories,Yukon,Yukon,Small Business,31,229.43,-127.05,0.03
2011-12-19,2011-12-01,Office Supplies,Pens & Art Supplies,Yukon,Yukon,Corporate,10,211.97,-46.83,0.06
2011-07-26,2011-07-01,Office Supplies,Appliances,Yukon,Yukon,Corporate,3,36.06,-18.5,0.08
2011-07-26,2011-07-01,Office Supplies,Appliances,Yukon,Yukon,Corporate,43,1849.8,530.22,0.04
2009-01-28,2009-01-01,Office Supplies,Paper,Yukon,Yukon,Corporate,1,67.49,-22.82,0.06
2009-01-28,2009-01-01,Office Supplies,Pens & Art Supplies,Yukon,Yukon,Corporate,3,6.76,-4.28,0.02
2012-11-04,2012-11-01,Technology,Office Machines,Yukon,Yukon,Home Office,3,2421.02,-1943.17,0.07
2011-09-29,2011-09-01,Office Supplies,Binders and Binder Accessories,Yukon,Yukon,Consumer,40,161.72,-134.71,0.09
2011-09-29,2011-09-01,Office Supplies,Paper,Yukon,Yukon,Consumer,23,107.75,24.17,0.07
2010-04-10,2010-04-01,Office Supplies,Pens & Art Supplies,Yukon,Yukon,Home Office,43,75.73,-37.76,0.04
2009-03-18,2009-03-01,Office Supplies,Labels,Yukon,Yukon,Corporate,10,29.23,8.1,0.05
2009-08-24,2009-08-01,Furniture,Tables,Yukon,Yukon,Home Office,2,240.24,-84.93,0.05
2010-11-13,2010-11-01,Office Supplies,Storage & Organization,Yukon,Yukon,Corporate,39,6742.49,-502.05,0.03
2010-01-14,2010-01-01,Office Supplies,"Scissors, Rulers and Trimmers",Yukon,Yukon,Corporate,9,92.02,-24.88,0.07
2010-12-30,2010-12-01,Furniture,Chairs & Chairmats,Yukon,Yukon,Consumer,45,5785.59,-423.77,0.07
2010-12-30,2010-12-01,Office Supplies,Paper,Yukon,Yukon,Consumer,22,1131.93,469.69,0.09
2010-12-30,2010-12-01,Technology,Telephones and Communication,Yukon,Yukon,Consumer,35,3238.143,727.36,0.08
2010-03-25,2010-03-01,Office Supplies,Paper,Yukon,Yukon,Home Office,33,167.07,-102.36,0.03
2012-08-19,2012-08-01,Furniture,Tables,Yukon,Yukon,Consumer,35,6116.11,91.57,0.03
2010-05-17,2010-05-01,Technology,Office Machines,Yukon,Yukon,Consumer,30,8719.69,2241.71,0.01
2010-07-26,2010-07-01,Office Supplies,Binders and Binder Accessories,Yukon,Yukon,Corporate,33,124.78,-122.67,0.09
2010-07-26,2010-07-01,Office Supplies,Pens & Art Supplies,Yukon,Yukon,Corporate,22,123.4,30.5,0.1
2010-07-03,2010-07-01,Technology,Office Machines,Yukon,Yukon,Small Business,35,4043.29,-34.3,0.06
2010-07-03,2010-07-01,Office Supplies,Pens & Art Supplies,Yukon,Yukon,Small Business,24,870.48,104.37,0.07
2012-12-07,2012-12-01,Furniture,Tables,Yukon,Yukon,Home Office,26,6878.55,506.71,0.03
2009-04-10,2009-04-01,Technology,Office Machines,Yukon,Yukon,Home Office,7,124.19,-53.3,0.03
2010-08-14,2010-08-01,Office Supplies,Storage & Organization,Yukon,Yukon,Small Business,32,4976.6,601.88,0.06
2009-07-12,2009-07-01,Furniture,Office Furnishings,Yukon,Yukon,Home Office,41,5583.27,1539.59,0.04
2011-10-30,2011-10-01,Technology,Telephones and Communication,Yukon,Yukon,Consumer,33,1756.593,298.21,0.09
2012-03-27,2012-03-01,Furniture,Bookcases,Yukon,Yukon,Consumer,37,5817.88,-567.14,0.01
2011-06-07,2011-06-01,Office Supplies,Pens & Art Supplies,Yukon,Yukon,Consumer,5,20.28,-4.32,0.05
2012-11-14,2012-11-01,Technology,Office Machines,Yukon,Yukon,Home Office,48,7235.83,3496.37,0.01
2009-05-16,2009-05-01,Office Supplies,Appliances,Yukon,Yukon,Small Business,17,280.39,9.33,0.0
2011-06-07,2011-06-01,Office Supplies,Paper,Yukon,Yukon,Consumer,46,400.49,-237.89,0.09
2011-02-20,2011-02-01,Technology,Computer Peripherals,Yukon,Yukon,Consumer,39,538.14,111.42,0.06
2011-02-20,2011-02-01,Furniture,Tables,Yukon,Yukon,Consumer,15,4956.784,-296.06,0.06
2010-07-09,2010-07-01,Office Supplies,Paper,Yukon,Yukon,Consumer,18,388.13,40.11,0.04
2010-07-09,2010-07-01,Furniture,Tables,Yukon,Yukon,Consumer,39,2339.84,-1730.3,0.05
2011-02-02,2011-02-01,Office Supplies,Binders and Binder Accessories,Yukon,Yukon,Home Office,24,145.15,-169.17,0.07
2011-02-02,2011-02-01,Furniture,Office Furnishings,Yukon,Yukon,Home Office,3,131.5,105.9,0.01
2011-02-02,2011-02-01,Furniture,Office Furnishings,Yukon,Yukon,Home Office,38,7814.59,3408.46,0.02
2011-02-02,2011-02-01,Office Supplies,Storage & Organization,Yukon,Yukon,Home Office,23,158.99,-197.13,0.07
2011-01-30,2011-01-01,Furniture,Office Furnishings,Yukon,Yukon,Home Office,9,71.2,1.87,0.08
2012-11-09,2012-11-01,Office Supplies,Appliances,Yukon,Yukon,Corporate,25,1351.78,109.92,0.06
2012-11-09,2012-11-01,Technology,Computer Peripherals,Yukon,Yukon,Corporate,21,1560.96,-120.27,0.07
2011-01-24,2011-01-01,Office Supplies,Envelopes,Yukon,Yukon,Small Business,44,495.5,-12.67,0.06
2011-12-10,2011-12-01,Furniture,Chairs & Chairmats,Yukon,Yukon,Home Office,23,8225.24,1909.03,0.06
2010-03-28,2010-03-01,Office Supplies,Appliances,Yukon,Yukon,Corporate,4,1337.19,-431.45,0.06
2009-02-17,2009-02-01,Office Supplies,Paper,Yukon,Yukon,Corporate,2,16.81,-4.14,0.05
2009-05-27,2009-05-01,Office Supplies,Binders and Binder Accessories,Yukon,Yukon,Home Office,33,1194.34,497.11,0.04
2009-05-27,2009-05-01,Technology,Telephones and Communication,Yukon,Yukon,Home Office,1,51.833,-235.9,0.01
2011-03-03,2011-03-01,Technology,Telephones and Communication,Yukon,Yukon,Home Office,44,797.98,237.47,0.05
2012-07-21,2012-07-01,Furniture,Chairs & Chairmats,Yukon,Yukon,Home Office,4,1121.78,-454.8,0.04
2012-03-28,2012-03-01,Furniture,Chairs & Chairmats,Yukon,Yukon,Corporate,31,5404.18,241.06,0.07
2012-03-28,2012-03-01,Office Supplies,Paper,Yukon,Yukon,Corporate,40,430.19,181.26,0.02
2012-04-28,2012-04-01,Technology,Office Machines,Yukon,Yukon,Corporate,37,3259.25,580.33,0.04
2010-04-03,2010-04-01,Furniture,Bookcases,Yukon,Yukon,Small Business,46,6803.0,-1061.68,0.03
2012-12-07,2012-12-01,Office Supplies,Storage & Organization,Yukon,Yukon,Corporate,2,238.76,-235.21,0.1
2011-12-10,2011-12-01,Office Supplies,Appliances,Yukon,Yukon,Home Office,20,140.37,-893.39,0.01
2011-12-10,2011-12-01,Furniture,Chairs & Chairmats,Yukon,Yukon,Home Office,45,5921.74,-287.62,0.02
2011-12-10,2011-12-01,Technology,Computer Peripherals,Yukon,Yukon,Home Office,4,68.16,-52.44,0.09
2011-04-30,2011-04-01,Technology,Computer Peripherals,Yukon,Yukon,Home Office,4,105.13,-103.23,0.08
2010-10-16,2010-10-01,Office Supplies,Binders and Binder Accessories,Yukon,Yukon,Corporate,33,10168.23,4141.8,0.03
2010-06-25,2010-06-01,Office Supplies,Paper,Yukon,Yukon,Corporate,32,176.77,-41.6,0.06
2010-06-25,2010-06-01,Furniture,Tables,Yukon,Yukon,Corporate,24,6568.024,1715.9,0.06
2010-06-25,2010-06-01,Technology,Telephones and Communication,Yukon,Yukon,Corporate,50,1579.028,624.98,0.02
2012-01-13,2012-01-01,Office Supplies,Appliances,Yukon,Yukon,Corporate,30,336.65,-71.05,0.07
2009-04-26,2009-04-01,Office Supplies,Storage & Organization,Yukon,Yukon,Home Office,20,8048.45,1947.67,0.04
2010-09-15,2010-09-01,Technology,Copiers and Fax,Yukon,Yukon,Home Office,46,23949.51,-1312.84,0.0
2011-07-05,2011-07-01,Furniture,Tables,Yukon,Yukon,Home Office,6,17.43,2.45,0.02
2010-03-31,2010-03-01,Technology,Office Machines,Yukon,Yukon,Small Business,25,2976.19,-44.52,0.05
2012-07-02,2012-07-01,Office Supplies,Appliances,Yukon,Yukon,Corporate,20,498.68,79.52,0.06
2012-07-02,2012-07-01,Office Supplies,Storage & Organization,Yukon,Yukon,Corporate,34,5208.78,1547.78,0.05
2011-04-18,2011-04-01,Technology,Computer Peripherals,Yukon,Yukon,Corporate,4,28.46,-27.13,0.02
2011-04-18,2011-04-01,Office Supplies,Paper,Yukon,Yukon,Corporate,3,23.44,-10.58,0.05
2010-12-26,2010-12-01,Technology,Telephones and Communication,Yukon,Yukon,Home Office,4,31.1185,-46.9,0.05
2010-12-26,2010-12-01,Technology,Telephones and Communication,Yukon,Yukon,Home Office,47,4829.4535,1235.15,0.05
2010-11-19,2010-11-01,Furniture,Office Furnishings,Yukon,Yukon,Corporate,12,136.1,-3.78,0.06
2010-11-19,2010-11-01,Office Supplies,Storage & Organization,Yukon,Yukon,Corporate,5,297.85,-69.89,0.04
2012-10-27,2012-10-01,Technology,Computer Peripherals,Yukon,Yukon,Corporate,31,1296.46,376.47,0.01
2009-01-06,2009-01-01,Office Supplies,Pens & Art Supplies,Yukon,Yukon,Home Office,29,101.77,-73.19,0.03
2012-12-11,2012-12-01,Office Supplies,Labels,Yukon,Yukon,Corporate,29,104.7,42.16,0.09
2012-12-11,2012-12-01,Technology,Telephones and Communication,Yukon,Yukon,Corporate,5,284.4525,-254.78,0.06
2011-05-05,2011-05-01,Office Supplies,Binders and Binder Accessories,Yukon,Yukon,Consumer,6,247.34,63.61,0.04
2009-08-30,2009-08-01,Office Supplies,Pens & Art Supplies,Yukon,Yukon,Small Business,27,305.48,47.14,0.1
2010-11-06,2010-11-01,Furniture,Tables,Yukon,Yukon,Consumer,8,2029.496,251.64,0.1
2010-07-25,2010-07-01,Office Supplies,Paper,Yukon,Yukon,Consumer,17,122.74,-28.13,0.08
2009-07-13,2009-07-01,Office Supplies,Appliances,Yukon,Yukon,Corporate,13,105.94,-566.0,0.06
2009-02-07,2009-02-01,Office Supplies,Paper,Yukon,Yukon,Consumer,30,630.14,108.0,0.04
2009-02-07,2009-02-01,Technology,Telephones and Communication,Yukon,Yukon,Consumer,28,2813.8485,377.15,0.08
2009-07-12,2009-07-01,Technology,Telephones and Communication,Yukon,Yukon,Home Office,31,1624.5965,109.84,0.07
2009-07-12,2009-07-01,Technology,Computer Peripherals,Yukon,Yukon,Home Office,35,381.36,128.03,0.0
2009-10-31,2009-10-01,Office Supplies,Rubber Bands,Yukon,Yukon,Corporate,9,11.89,-6.12,0.06
2011-03-14,2011-03-01,Furniture,Office Furnishings,Yukon,Yukon,Corporate,32,269.3,22.38,0.04
2010-01-18,2010-01-01,Furniture,Chairs & Chairmats,Yukon,Yukon,Home Office,4,883.31,-79.96,0.01
2012-03-05,2012-03-01,Technology,Computer Peripherals,Yukon,Yukon,Consumer,44,364.4,51.08,0.05
2009-12-16,2009-12-01,Furniture,Tables,Yukon,Yukon,Consumer,25,3585.91,-178.54,0.06
2010-05-25,2010-05-01,Office Supplies,Paper,Yukon,Yukon,Corporate,24,545.38,89.6,0.02
2011-12-18,2011-12-01,Technology,Telephones and Communication,Yukon,Yukon,Corporate,48,3713.0125,803.6,0.09
2009-05-25,2009-05-01,Office Supplies,Binders and Binder Accessories,Yukon,Yukon,Small Business,48,1444.0,617.06,0.08
2012-10-02,2012-10-01,Technology,Computer Peripherals,Yukon,Yukon,Consumer,21,676.69,138.1,0.09
2012-10-02,2012-10-01,Technology,Copiers and Fax,Yukon,Yukon,Consumer,4,13698.96,-9078.94,0.05
2012-09-01,2012-09-01,Technology,Computer Peripherals,Yukon,Yukon,Corporate,28,925.43,368.86,0.0
2010-06-08,2010-06-01,Furniture,Office Furnishings,Yukon,Yukon,Consumer,23,321.63,73.7,0.04
2012-06-22,2012-06-01,Office Supplies,Paper,Yukon,Yukon,Consumer,48,278.07,-71.45,0.08
2012-09-14,2012-09-01,Technology,Telephones and Communication,Yukon,Yukon,Consumer,17,328.627,-7.77,0.0
2012-11-25,2012-11-01,Technology,Computer Peripherals,Yukon,Yukon,Home Office,46,6733.52,246.0,0.04
2012-06-12,2012-06-01,Office Supplies,Paper,Yukon,Yukon,Corporate,41,377.83,122.06,0.06
2012-10-30,2012-10-01,Furniture,Bookcases,Yukon,Yukon,Corporate,39,7725.66,-737.41,0.05
2011-11-28,2011-11-01,Furniture,Office Furnishings,Yukon,Yukon,Corporate,4,52.43,-12.98,0.03
2011-11-28,2011-11-01,Office Supplies,Pens & Art Supplies,Yukon,Yukon,Corporate,48,254.51,49.05,0.08
2011-12-11,2011-12-01,Office Supplies,Appliances,Yukon,Yukon,Corporate,25,268.58,-26.33,0.03
2011-12-11,2011-12-01,Furniture,Office Furnishings,Yukon,Yukon,Corporate,26,1280.65,75.36,0.06
2010-11-01,2010-11-01,Office Supplies,Paper,Yukon,Yukon,Corporate,37,231.65,-241.28,0.0
2009-09-29,2009-09-01,Furniture,Office Furnishings,Yukon,Yukon,Corporate,2,198.44,-87.46,0.01
2010-04-07,2010-04-01,Office Supplies,Appliances,Yukon,Yukon,Corporate,29,296.94,-25.41,0.08
2011-05-20,2011-05-01,Office Supplies,Envelopes,Yukon,Yukon,Home Office,44,729.75,375.25,0.02
2011-05-20,2011-05-01,Furniture,Office Furnishings,Yukon,Yukon,Home Office,28,1417.21,63.88,0.07
2011-05-20,2011-05-01,Technology,Telephones and Communication,Yukon,Yukon,Home Office,11,1154.9375,-176.06,0.04
2011-09-11,2011-09-01,Office Supplies,Binders and Binder Accessories,Yukon,Yukon,Corporate,16,109.9,-28.95,0.01
2011-10-18,2011-10-01,Office Supplies,Storage & Organization,Yukon,Yukon,Small Business,6,646.14,-265.62,0.07
2010-02-01,2010-02-01,Office Supplies,Paper,Yukon,Yukon,Consumer,50,343.94,-157.4,0.02
2011-03-10,2011-03-01,Furniture,Tables,Yukon,Yukon,Small Business,45,12685.544,3985.11,0.02
2010-03-04,2010-03-01,Office Supplies,Paper,Yukon,Yukon,Corporate,20,246.63,31.54,0.08
2011-09-19,2011-09-01,Office Supplies,Binders and Binder Accessories,Yukon,Yukon,Consumer,12,94.52,-36.23,0.06
2010-08-03,2010-08-01,Office Supplies,Binders and Binder Accessories,Yukon,Yukon,Corporate,22,106.69,-76.6,0.01
2010-09-20,2010-09-01,Furniture,Tables,Yukon,Yukon,Home Office,41,6126.93,-1704.89,0.01
2011-07-07,2011-07-01,Technology,Office Machines,Yukon,Yukon,Consumer,3,9172.32,-8570.45,0.06
2010-04-08,2010-04-01,Office Supplies,Appliances,Yukon,Yukon,Small Business,23,128.97,-1045.25,0.03
2010-04-08,2010-04-01,Office Supplies,Pens & Art Supplies,Yukon,Yukon,Small Business,20,238.77,-78.81,0.02
2010-04-08,2010-04-01,Office Supplies,"Scissors, Rulers and Trimmers",Yukon,Yukon,Small Business,20,257.34,12.82,0.04
2012-01-26,2012-01-01,Office Supplies,Paper,Yukon,Yukon,Small Business,5,107.41,0.19,0.05
2012-12-19,2012-12-01,Office Supplies,Binders and Binder Accessories,Yukon,Yukon,Corporate,25,163.41,-91.28,0.07
2009-03-27,2009-03-01,Technology,Computer Peripherals,Yukon,Yukon,Corporate,34,507.66,106.71,0.1
2012-06-29,2012-06-01,Office Supplies,Envelopes,Yukon,Yukon,Consumer,37,3212.97,1125.42,0.03
2012-06-29,2012-06-01,Office Supplies,Paper,Yukon,Yukon,Consumer,13,292.95,60.36,0.06
2012-01-12,2012-01-01,Office Supplies,Pens & Art Supplies,Yukon,Yukon,Consumer,12,49.18,0.58,0.07
2010-04-27,2010-04-01,Office Supplies,Binders and Binder Accessories,Yukon,Yukon,Consumer,16,659.5,248.98,0.09
2011-10-03,2011-10-01,Office Supplies,"Scissors, Rulers and Trimmers",Yukon,Yukon,Home Office,50,413.37,-224.41,0.04
2011-10-03,2011-10-01,Technology,Telephones and Communication,Yukon,Yukon,Home Office,17,1721.641,242.44,0.04
2011-03-31,2011-03-01,Office Supplies,Paper,Yukon,Yukon,Consumer,9,59.35,-42.61,0.02
2010-09-24,2010-09-01,Office Supplies,Envelopes,Yukon,Yukon,Corporate,46,1500.84,91.56,0.1
2010-09-24,2010-09-01,Office Supplies,Binders and Binder Accessories,Yukon,Yukon,Corporate,45,98.64,-9.36,0.03
2009-07-09,2009-07-01,Office Supplies,Envelopes,Yukon,Yukon,Corporate,1,11.16,-7.25,0.01
2009-07-09,2009-07-01,Office Supplies,Pens & Art Supplies,Yukon,Yukon,Corporate,38,156.2,43.0,0.03
2012-01-16,2012-01-01,Office Supplies,Labels,Yukon,Yukon,Consumer,24,99.1,28.42,0.02
2012-01-16,2012-01-01,Office Supplies,Storage & Organization,Yukon,Yukon,Consumer,36,380.34,-108.2,0.02
2012-05-29,2012-05-01,Office Supplies,Paper,Yukon,Yukon,Consumer,41,325.33,-41.75,0.0
2009-04-10,2009-04-01,Furniture,Tables,Yukon,Yukon,Home Office,20,6449.056,1116.02,0.01
2012-12-27,2012-12-01,Office Supplies,Pens & Art Supplies,Yukon,Yukon,Home Office,22,45.21,4.61,0.02
2012-03-29,2012-03-01,Office Supplies,Appliances,Yukon,Yukon,Small Business,29,2175.22,-520.55,0.0
2012-09-27,2012-09-01,Office Supplies,Binders and Binder Accessories,Yukon,Yukon,Small Business,5,32.77,-17.19,0.07
2012-09-27,2012-09-01,Technology,Computer Peripherals,Yukon,Yukon,Small Business,37,1701.53,735.99,0.01
2009-05-08,2009-05-01,Furniture,Office Furnishings,Yukon,Yukon,Corporate,2,64.79,-41.32,0.03
2011-05-01,2011-05-01,Furniture,Tables,Yukon,Yukon,Corporate,13,4324.29,298.83,0.09
2010-06-21,2010-06-01,Office Supplies,Storage & Organization,Yukon,Yukon,Corporate,24,234.24,-151.8,0.09
2010-07-07,2010-07-01,Technology,Telephones and Communication,Yukon,Yukon,Home Office,44,4357.117,1192.98,0.07
2011-09-24,2011-09-01,Technology,Computer Peripherals,Yukon,Yukon,Home Office,41,1298.29,542.33,0.06
2011-09-24,2011-09-01,Office Supplies,Paper,Yukon,Yukon,Home Office,3,19.34,-11.36,0.06
2011-09-24,2011-09-01,Office Supplies,Pens & Art Supplies,Yukon,Yukon,Home Office,35,590.32,-91.31,0.06
2011-09-24,2011-09-01,Furniture,Tables,Yukon,Yukon,Home Office,19,4245.93,-626.45,0.0
2011-06-27,2011-06-01,Office Supplies,Appliances,Yukon,Yukon,Corporate,26,1463.42,350.82,0.08
2011-06-26,2011-06-01,Furniture,Chairs & Chairmats,Yukon,Yukon,Small Business,10,1025.88,-211.33,0.08
2010-06-05,2010-06-01,Technology,Computer Peripherals,Yukon,Yukon,Corporate,5,43.49,-21.44,0.06
2010-06-05,2010-06-01,Office Supplies,Storage & Organization,Yukon,Yukon,Corporate,27,2854.76,61.13,0.06
2009-09-17,2009-09-01,Office Supplies,Appliances,Yukon,Yukon,Corporate,11,114.87,-21.03,0.1
2009-09-17,2009-09-01,Furniture,Office Furnishings,West,British Columbia,Corporate,9,383.23,146.51,0.01
2009-01-09,2009-01-01,Office Supplies,Binders and Binder Accessories,West,British Columbia,Small Business,11,68.5,-53.85,0.01
2009-01-09,2009-01-01,Office Supplies,Pens & Art Supplies,West,British Columbia,Small Business,44,145.19,-116.87,0.05
2010-05-05,2010-05-01,Office Supplies,Paper,West,British Columbia,Home Office,41,506.73,25.58,0.08
2011-07-02,2011-07-01,Office Supplies,Paper,West,British Columbia,Consumer,20,129.27,-105.15,0.07
2011-07-02,2011-07-01,Technology,Office Machines,West,British Columbia,Consumer,4,8467.68,-3669.05,0.01
2009-11-05,2009-11-01,Furniture,Office Furnishings,West,British Columbia,Small Business,13,183.22,-100.89,0.01
2009-11-05,2009-11-01,Office Supplies,Storage & Organization,West,British Columbia,Small Business,4,68.03,-29.42,0.02
2012-03-03,2012-03-01,Office Supplies,Appliances,West,British Columbia,Home Office,23,1638.67,-527.83,0.05
2012-03-03,2012-03-01,Office Supplies,"Scissors, Rulers and Trimmers",West,British Columbia,Home Office,8,64.1,-48.28,0.03
2010-01-09,2010-01-01,Technology,Copiers and Fax,West,British Columbia,Corporate,49,29884.6,12748.86,0.05
2009-02-15,2009-02-01,Technology,Computer Peripherals,West,British Columbia,Consumer,30,4846.74,1689.93,0.01
2009-02-15,2009-02-01,Furniture,Office Furnishings,West,British Columbia,Consumer,34,2548.3,875.57,0.1
2011-11-12,2011-11-01,Furniture,Chairs & Chairmats,West,British Columbia,Small Business,46,5979.84,1779.01,0.01
2011-11-12,2011-11-01,Office Supplies,Labels,West,British Columbia,Small Business,28,175.76,80.36,0.06
2012-06-19,2012-06-01,Office Supplies,Binders and Binder Accessories,West,British Columbia,Home Office,18,420.76,-56.21,0.05
2012-06-19,2012-06-01,Furniture,Chairs & Chairmats,West,British Columbia,Home Office,30,1676.46,-626.08,0.1
2012-06-19,2012-06-01,Office Supplies,Pens & Art Supplies,West,British Columbia,Home Office,48,145.66,28.89,0.02
2009-05-11,2009-05-01,Office Supplies,Appliances,West,British Columbia,Consumer,35,203.35,-1605.73,0.08
2009-05-11,2009-05-01,Office Supplies,Binders and Binder Accessories,West,British Columbia,Consumer,18,44.52,-90.59,0.03
2009-05-11,2009-05-01,Office Supplies,Storage & Organization,West,British Columbia,Consumer,5,58.9,-36.9,0.03
2009-05-11,2009-05-01,Technology,Telephones and Communication,West,British Columbia,Consumer,13,602.4205,10.98,0.09
2012-08-02,2012-08-01,Furniture,Bookcases,West,British Columbia,Small Business,18,1776.96,-197.06,0.07
2012-08-02,2012-08-01,Furniture,Bookcases,West,British Columbia,Small Business,49,3642.14,103.11,0.01
2012-08-02,2012-08-01,Furniture,Tables,West,British Columbia,Small Business,16,2982.5,-589.58,0.05
2011-08-18,2011-08-01,Office Supplies,Binders and Binder Accessories,West,British Columbia,Corporate,10,59.62,-56.3,0.04
2009-05-07,2009-05-01,Technology,Computer Peripherals,West,British Columbia,Small Business,2,57.73,-101.41,0.06
2012-09-02,2012-09-01,Office Supplies,Labels,West,British Columbia,Corporate,14,56.26,28.11,0.0
2009-01-07,2009-01-01,Technology,Telephones and Communication,West,British Columbia,Small Business,34,1961.7915,425.75,0.05
2012-10-18,2012-10-01,Technology,Office Machines,West,British Columbia,Consumer,12,6168.07,1542.0,0.05
2011-10-25,2011-10-01,Technology,Telephones and Communication,West,British Columbia,Small Business,27,1521.1345,270.6,0.07
2011-02-11,2011-02-01,Furniture,Office Furnishings,West,British Columbia,Home Office,10,89.04,-16.49,0.08
2011-02-11,2011-02-01,Office Supplies,Paper,West,British Columbia,Home Office,40,297.34,-270.96,0.04
2011-02-11,2011-02-01,Office Supplies,Storage & Organization,West,British Columbia,Home Office,35,1264.13,-1087.36,0.02
2012-03-28,2012-03-01,Furniture,Tables,West,British Columbia,Consumer,3,840.552,7.55,0.1
2012-09-28,2012-09-01,Office Supplies,Rubber Bands,West,British Columbia,Home Office,29,142.59,-3.23,0.02
2010-12-16,2010-12-01,Technology,Telephones and Communication,West,British Columbia,Home Office,8,849.337,-258.85,0.07
2010-08-02,2010-08-01,Furniture,Office Furnishings,West,British Columbia,Corporate,7,140.77,100.77,0.01
2010-08-02,2010-08-01,Office Supplies,Storage & Organization,West,British Columbia,Corporate,25,848.19,120.02,0.06
2010-08-02,2010-08-01,Office Supplies,Appliances,West,British Columbia,Corporate,12,562.15,148.34,0.01
2009-04-06,2009-04-01,Office Supplies,Paper,West,British Columbia,Home Office,40,746.93,67.03,0.09
2009-04-06,2009-04-01,Office Supplies,Paper,West,British Columbia,Home Office,37,313.4,-5.05,0.0
2011-11-10,2011-11-01,Furniture,Office Furnishings,West,British Columbia,Consumer,43,208.77,-144.24,0.03
2011-01-17,2011-01-01,Office Supplies,Pens & Art Supplies,West,British Columbia,Consumer,6,28.55,-4.5,0.01
2012-03-27,2012-03-01,Furniture,Office Furnishings,West,British Columbia,Home Office,11,324.52,154.02,0.08
2012-11-17,2012-11-01,Furniture,Chairs & Chairmats,West,British Columbia,Corporate,6,1770.7,-448.25,0.05
2012-11-17,2012-11-01,Office Supplies,Storage & Organization,West,British Columbia,Corporate,48,628.33,-226.62,0.09
2012-03-03,2012-03-01,Office Supplies,Binders and Binder Accessories,West,British Columbia,Corporate,21,141.2,-74.44,0.05
2009-12-19,2009-12-01,Technology,Computer Peripherals,West,British Columbia,Small Business,15,83.02,-54.01,0.06
2009-07-04,2009-07-01,Office Supplies,Storage & Organization,West,British Columbia,Small Business,37,6176.29,1499.94,0.04
2009-05-17,2009-05-01,Office Supplies,Pens & Art Supplies,West,British Columbia,Home Office,26,493.43,120.18,0.07
2012-11-22,2012-11-01,Technology,Telephones and Communication,West,British Columbia,Home Office,12,2218.891,79.54,0.0
2011-08-06,2011-08-01,Technology,Computer Peripherals,West,British Columbia,Consumer,7,39.01,-38.44,0.07
2011-12-25,2011-12-01,Furniture,Chairs & Chairmats,West,British Columbia,Consumer,45,4768.59,-593.8,0.01
2011-12-25,2011-12-01,Office Supplies,Labels,West,British Columbia,Consumer,33,117.77,47.98,0.08
2009-06-30,2009-06-01,Office Supplies,Rubber Bands,West,British Columbia,Consumer,21,179.98,38.7,0.01
2009-06-30,2009-06-01,Office Supplies,"Scissors, Rulers and Trimmers",West,British Columbia,Consumer,16,55.44,-21.91,0.09
2009-06-30,2009-06-01,Office Supplies,Storage & Organization,West,British Columbia,Consumer,18,174.62,-119.77,0.1
2010-03-15,2010-03-01,Technology,Computer Peripherals,West,British Columbia,Consumer,10,999.89,-119.92,0.02
2010-03-15,2010-03-01,Office Supplies,Pens & Art Supplies,West,British Columbia,Consumer,10,35.69,-31.24,0.04
2012-06-01,2012-06-01,Office Supplies,Binders and Binder Accessories,West,British Columbia,Small Business,43,532.89,210.53,0.09
2012-06-01,2012-06-01,Technology,Computer Peripherals,West,British Columbia,Small Business,24,60.69,-25.65,0.06
2010-02-26,2010-02-01,Office Supplies,Binders and Binder Accessories,West,British Columbia,Corporate,43,16116.33,6919.87,0.08
2009-09-05,2009-09-01,Furniture,Chairs & Chairmats,West,British Columbia,Corporate,21,5482.18,1167.38,0.06
2009-09-05,2009-09-01,Office Supplies,Pens & Art Supplies,West,British Columbia,Corporate,16,45.57,2.81,0.09
2010-01-14,2010-01-01,Office Supplies,Envelopes,West,British Columbia,Corporate,13,473.46,128.11,0.03
2009-10-01,2009-10-01,Office Supplies,"Scissors, Rulers and Trimmers",West,British Columbia,Small Business,42,88.23,-195.93,0.1
2011-06-03,2011-06-01,Office Supplies,Envelopes,West,British Columbia,Home Office,1,29.19,-23.1,0.03
2011-06-03,2011-06-01,Office Supplies,Appliances,West,British Columbia,Home Office,9,2007.24,600.4,0.03
2011-06-03,2011-06-01,Technology,Office Machines,West,British Columbia,Home Office,42,384.41,-44.3,0.05
2009-01-02,2009-01-01,Furniture,Chairs & Chairmats,West,British Columbia,Corporate,4,1239.06,-193.08,0.0
2009-01-02,2009-01-01,Furniture,Chairs & Chairmats,West,British Columbia,Corporate,43,4083.19,-1049.85,0.07
2009-01-02,2009-01-01,Office Supplies,Storage & Organization,West,British Columbia,Corporate,32,4902.38,1438.49,0.05
2010-02-22,2010-02-01,Office Supplies,Paper,West,British Columbia,Consumer,1,19.96,3.25,0.05
2010-02-22,2010-02-01,Office Supplies,Pens & Art Supplies,West,British Columbia,Consumer,41,148.99,-115.48,0.03
2010-02-22,2010-02-01,Office Supplies,Pens & Art Supplies,West,British Columbia,Consumer,21,70.66,-57.84,0.06
2010-01-08,2010-01-01,Technology,Office Machines,West,British Columbia,Corporate,33,478.27,-4.85,0.01
2009-08-16,2009-08-01,Office Supplies,Pens & Art Supplies,West,British Columbia,Corporate,39,977.92,148.89,0.05
2010-11-05,2010-11-01,Office Supplies,Binders and Binder Accessories,West,British Columbia,Small Business,31,229.26,-37.2,0.0
2010-12-02,2010-12-01,Furniture,Bookcases,West,British Columbia,Small Business,12,754.94,-226.24,0.01
2009-12-01,2009-12-01,Technology,Computer Peripherals,West,British Columbia,Corporate,26,1011.9,247.94,0.07
2010-05-28,2010-05-01,Technology,Computer Peripherals,West,British Columbia,Consumer,38,1279.25,569.3,0.01
2010-04-29,2010-04-01,Furniture,Tables,West,British Columbia,Home Office,34,12570.74,-4560.43,0.02
2009-09-06,2009-09-01,Office Supplies,Binders and Binder Accessories,West,British Columbia,Home Office,7,230.29,-4.3,0.03
2011-06-05,2011-06-01,Office Supplies,Storage & Organization,West,British Columbia,Home Office,9,1394.28,197.16,0.03
2011-06-05,2011-06-01,Technology,Telephones and Communication,West,British Columbia,Home Office,44,6862.237,1839.2,0.05
2011-10-26,2011-10-01,Furniture,Office Furnishings,West,British Columbia,Corporate,47,418.03,-158.58,0.0
2011-10-26,2011-10-01,Furniture,Office Furnishings,West,British Columbia,Corporate,23,336.86,36.32,0.06
2009-06-24,2009-06-01,Technology,Telephones and Communication,West,British Columbia,Corporate,49,2693.514,662.05,0.02
2011-07-12,2011-07-01,Office Supplies,Paper,West,British Columbia,Corporate,11,391.9,-47.01,0.1
2011-07-12,2011-07-01,Office Supplies,Paper,West,British Columbia,Corporate,26,1451.59,435.11,0.06
2011-12-17,2011-12-01,Furniture,Office Furnishings,West,British Columbia,Small Business,33,1283.68,202.47,0.08
2011-12-17,2011-12-01,Office Supplies,Pens & Art Supplies,West,British Columbia,Small Business,28,169.46,34.24,0.02
2009-10-19,2009-10-01,Technology,Telephones and Communication,West,British Columbia,Corporate,10,1351.653,-202.85,0.01
2009-10-19,2009-10-01,Office Supplies,Paper,West,British Columbia,Corporate,9,63.0,-17.48,0.01
2012-09-30,2012-09-01,Office Supplies,Binders and Binder Accessories,West,British Columbia,Corporate,39,856.15,330.03,0.03
2012-09-02,2012-09-01,Office Supplies,Envelopes,West,British Columbia,Corporate,50,2026.42,655.36,0.03
2012-09-02,2012-09-01,Technology,Telephones and Communication,West,British Columbia,Corporate,31,3413.4555,868.47,0.03
2010-01-01,2010-01-01,Office Supplies,Paper,West,British Columbia,Small Business,43,294.13,-123.07,0.01
2010-04-04,2010-04-01,Office Supplies,Binders and Binder Accessories,West,British Columbia,Home Office,29,125.41,-127.01,0.08
2010-04-04,2010-04-01,Office Supplies,Storage & Organization,West,British Columbia,Home Office,49,3170.52,379.11,0.08
2010-04-04,2010-04-01,Technology,Telephones and Communication,West,British Columbia,Home Office,20,2488.477,142.55,0.08
2010-08-29,2010-08-01,Technology,Computer Peripherals,West,British Columbia,Home Office,12,378.84,-99.38,0.05
2010-04-20,2010-04-01,Furniture,Chairs & Chairmats,West,British Columbia,Home Office,1,200.38,-90.41,0.02
2010-04-20,2010-04-01,Office Supplies,Storage & Organization,West,British Columbia,Home Office,2,128.52,-110.07,0.1
2010-04-20,2010-04-01,Furniture,Tables,West,British Columbia,Home Office,24,6717.784,1903.1,0.0
2011-01-10,2011-01-01,Office Supplies,Binders and Binder Accessories,West,British Columbia,Corporate,22,59.08,-2.61,0.1
2011-01-10,2011-01-01,Technology,Telephones and Communication,West,British Columbia,Corporate,50,886.363,450.02,0.08
2009-12-27,2009-12-01,Office Supplies,Paper,West,British Columbia,Corporate,36,222.25,-63.77,0.05
2009-12-27,2009-12-01,Technology,Telephones and Communication,West,British Columbia,Corporate,7,388.7135,-190.42,0.01
2009-05-02,2009-05-01,Technology,Computer Peripherals,West,British Columbia,Small Business,43,1233.22,385.46,0.05
2009-05-02,2009-05-01,Office Supplies,Paper,West,British Columbia,Small Business,39,144.82,28.4,0.08
2009-05-24,2009-05-01,Furniture,Chairs & Chairmats,West,British Columbia,Consumer,32,6310.69,1318.83,0.1
2011-09-03,2011-09-01,Office Supplies,Appliances,West,British Columbia,Corporate,49,3702.92,541.92,0.03
2011-09-03,2011-09-01,Office Supplies,Binders and Binder Accessories,West,British Columbia,Corporate,29,53.99,-15.12,0.1
2011-04-16,2011-04-01,Furniture,Office Furnishings,West,British Columbia,Home Office,39,3854.4,1116.98,0.09
2011-12-17,2011-12-01,Office Supplies,Binders and Binder Accessories,West,British Columbia,Home Office,44,346.2,-335.69,0.0
2011-12-17,2011-12-01,Furniture,Office Furnishings,West,British Columbia,Home Office,4,85.96,-7.48,0.08
2011-12-17,2011-12-01,Office Supplies,Storage & Organization,West,British Columbia,Home Office,39,475.52,-70.43,0.07
2009-09-22,2009-09-01,Office Supplies,Labels,West,British Columbia,Corporate,20,92.94,37.77,0.09
2009-09-22,2009-09-01,Furniture,Tables,West,British Columbia,Corporate,19,6070.96,173.48,0.01
2011-05-03,2011-05-01,Office Supplies,Pens & Art Supplies,West,British Columbia,Consumer,24,41.85,-8.44,0.04
2011-05-03,2011-05-01,Technology,Telephones and Communication,West,British Columbia,Consumer,41,2303.7125,398.22,0.04
2010-09-20,2010-09-01,Office Supplies,Pens & Art Supplies,West,British Columbia,Corporate,23,283.82,-38.94,0.01
2012-07-21,2012-07-01,Technology,Office Machines,West,British Columbia,Corporate,43,3441.09,431.95,0.03
2012-07-21,2012-07-01,Office Supplies,Paper,West,British Columbia,Corporate,38,209.61,-96.29,0.05
2009-02-28,2009-02-01,Office Supplies,Binders and Binder Accessories,West,British Columbia,Corporate,18,1979.47,690.27,0.1
2009-02-28,2009-02-01,Technology,Computer Peripherals,West,British Columbia,Corporate,23,187.8,-41.83,0.08
2009-02-28,2009-02-01,Technology,Telephones and Communication,West,British Columbia,Corporate,29,2823.037,372.4,0.1
2012-09-14,2012-09-01,Office Supplies,Binders and Binder Accessories,West,British Columbia,Consumer,32,94.55,6.74,0.01
2011-10-20,2011-10-01,Office Supplies,Paper,West,British Columbia,Corporate,11,45.31,-10.64,0.07
2012-09-14,2012-09-01,Office Supplies,Binders and Binder Accessories,West,British Columbia,Consumer,4,36.46,-7.41,0.1
2009-11-02,2009-11-01,Furniture,Office Furnishings,West,British Columbia,Corporate,14,63.91,-44.47,0.04
2009-11-02,2009-11-01,Technology,Telephones and Communication,West,British Columbia,Corporate,32,1909.0065,344.13,0.01
2009-08-14,2009-08-01,Furniture,Bookcases,West,British Columbia,Corporate,46,3412.08,239.23,0.04
2009-08-14,2009-08-01,Office Supplies,Paper,West,British Columbia,Corporate,31,1311.68,230.37,0.03
2010-10-14,2010-10-01,Office Supplies,Binders and Binder Accessories,West,British Columbia,Home Office,10,238.88,-48.21,0.01
2010-10-14,2010-10-01,Technology,Computer Peripherals,West,British Columbia,Home Office,39,1235.29,53.63,0.0
2010-10-14,2010-10-01,Technology,Telephones and Communication,West,British Columbia,Home Office,12,1928.327,-253.37,0.09
2010-10-10,2010-10-01,Office Supplies,Paper,West,British Columbia,Small Business,8,57.15,-33.95,0.03
2010-08-12,2010-08-01,Office Supplies,Binders and Binder Accessories,West,British Columbia,Corporate,7,44.25,-14.36,0.07
2010-01-11,2010-01-01,Furniture,Tables,West,British Columbia,Small Business,12,1940.32,-18.81,0.0
2010-05-24,2010-05-01,Furniture,Office Furnishings,West,British Columbia,Home Office,50,2447.65,1170.35,0.0
2010-05-24,2010-05-01,Office Supplies,Storage & Organization,West,British Columbia,Home Office,7,1069.64,-139.75,0.09
2011-10-06,2011-10-01,Technology,Telephones and Communication,West,British Columbia,Corporate,7,1143.4285,-475.66,0.04
2012-10-09,2012-10-01,Office Supplies,Paper,West,British Columbia,Home Office,40,233.2,74.83,0.0
2012-10-09,2012-10-01,Office Supplies,Paper,West,British Columbia,Home Office,24,245.53,83.16,0.02
2012-04-14,2012-04-01,Office Supplies,Appliances,West,British Columbia,Corporate,4,904.12,28.81,0.07
2010-05-13,2010-05-01,Technology,Office Machines,West,British Columbia,Small Business,25,7667.78,1494.01,0.04
2010-05-13,2010-05-01,Office Supplies,Paper,West,British Columbia,Small Business,40,1305.85,65.01,0.0
2011-05-12,2011-05-01,Furniture,Chairs & Chairmats,West,British Columbia,Corporate,35,2130.31,-319.26,0.08
2012-01-03,2012-01-01,Technology,Office Machines,West,British Columbia,Consumer,2,3668.28,-4858.67,0.09
2012-08-27,2012-08-01,Technology,Telephones and Communication,West,British Columbia,Corporate,14,1849.6,62.16,0.06
2011-01-09,2011-01-01,Office Supplies,Binders and Binder Accessories,West,British Columbia,Corporate,40,197.1,-12.88,0.09
2011-01-09,2011-01-01,Office Supplies,Paper,West,British Columbia,Corporate,47,199.48,13.8,0.03
2012-06-13,2012-06-01,Office Supplies,Binders and Binder Accessories,West,British Columbia,Home Office,40,635.59,202.83,0.07
2012-06-13,2012-06-01,Office Supplies,Paper,West,British Columbia,Home Office,22,1251.4,539.45,0.01
2012-06-13,2012-06-01,Office Supplies,Storage & Organization,West,British Columbia,Home Office,45,3577.81,-1097.97,0.03
2010-10-31,2010-10-01,Technology,Telephones and Communication,West,British Columbia,Small Business,25,1009.868,170.57,0.02
2009-02-26,2009-02-01,Office Supplies,Paper,West,British Columbia,Consumer,9,31.36,-8.28,0.1
2009-09-16,2009-09-01,Office Supplies,Envelopes,West,British Columbia,Corporate,8,64.23,15.83,0.03
2012-10-04,2012-10-01,Office Supplies,Binders and Binder Accessories,West,British Columbia,Small Business,17,119.51,-51.3,0.06
2012-10-04,2012-10-01,Furniture,Office Furnishings,West,British Columbia,Small Business,19,332.38,89.95,0.05
2011-11-17,2011-11-01,Office Supplies,Binders and Binder Accessories,West,British Columbia,Home Office,38,202.42,0.86,0.09
2009-01-02,2009-01-01,Office Supplies,Paper,West,British Columbia,Consumer,16,137.63,26.71,0.09
2009-01-02,2009-01-01,Office Supplies,Paper,West,British Columbia,Consumer,43,614.8,247.79,0.08
2012-03-12,2012-03-01,Office Supplies,Binders and Binder Accessories,West,British Columbia,Corporate,34,11823.52,4592.74,0.1
2012-03-12,2012-03-01,Office Supplies,Binders and Binder Accessories,West,British Columbia,Corporate,19,80.81,-67.46,0.1
2010-01-06,2010-01-01,Furniture,Office Furnishings,West,British Columbia,Small Business,35,181.15,-46.68,0.06
2012-03-23,2012-03-01,Office Supplies,Binders and Binder Accessories,West,British Columbia,Corporate,31,13064.06,5979.56,0.01
2012-03-23,2012-03-01,Furniture,Bookcases,West,British Columbia,Corporate,34,4771.89,-427.99,0.05
2012-03-23,2012-03-01,Technology,Office Machines,West,British Columbia,Corporate,1,3360.3,-7961.43,0.05
2012-03-23,2012-03-01,Technology,Telephones and Communication,West,British Columbia,Corporate,10,306.663,-17.41,0.07
2012-08-07,2012-08-01,Technology,Office Machines,West,British Columbia,Corporate,27,21320.58,5381.02,0.09
2009-04-23,2009-04-01,Office Supplies,Paper,West,British Columbia,Consumer,5,32.5,-16.67,0.03
2012-01-22,2012-01-01,Office Supplies,Binders and Binder Accessories,West,British Columbia,Small Business,5,11.25,-4.96,0.08
2012-06-03,2012-06-01,Office Supplies,Binders and Binder Accessories,West,British Columbia,Small Business,22,127.51,26.74,0.07
2012-06-03,2012-06-01,Furniture,Office Furnishings,West,British Columbia,Small Business,35,2004.22,338.91,0.08
2009-09-11,2009-09-01,Office Supplies,Binders and Binder Accessories,West,British Columbia,Corporate,21,125.79,28.53,0.02
2009-04-09,2009-04-01,Technology,Office Machines,West,British Columbia,Consumer,39,14591.44,5475.8,0.07
2010-04-10,2010-04-01,Office Supplies,Paper,West,British Columbia,Corporate,40,375.52,131.7,0.09
2010-04-10,2010-04-01,Office Supplies,Rubber Bands,West,British Columbia,Corporate,15,63.84,23.52,0.03
2010-07-26,2010-07-01,Furniture,Tables,West,British Columbia,Home Office,45,3327.84,-3033.57,0.06
2012-04-20,2012-04-01,Office Supplies,Storage & Organization,West,British Columbia,Consumer,32,1141.9,175.32,0.02
2009-04-30,2009-04-01,Technology,Telephones and Communication,West,British Columbia,Consumer,34,1912.9845,288.09,0.06
2009-04-30,2009-04-01,Technology,Telephones and Communication,West,British Columbia,Consumer,24,4170.865,1030.51,0.0
2010-04-12,2010-04-01,Furniture,Chairs & Chairmats,West,British Columbia,Corporate,11,3427.31,124.36,0.1
2010-04-12,2010-04-01,Office Supplies,Pens & Art Supplies,West,British Columbia,Corporate,10,36.26,-28.37,0.08
2010-04-12,2010-04-01,Technology,Telephones and Communication,West,British Columbia,Corporate,50,893.1375,11.0,0.0
2009-08-02,2009-08-01,Technology,Computer Peripherals,West,British Columbia,Corporate,15,269.2,69.61,0.02
2009-08-02,2009-08-01,Office Supplies,Pens & Art Supplies,West,British Columbia,Corporate,27,87.33,13.82,0.08
2010-04-10,2010-04-01,Furniture,Tables,West,British Columbia,Small Business,7,1494.27,-248.78,0.05
2012-06-09,2012-06-01,Furniture,Office Furnishings,West,British Columbia,Home Office,24,473.03,26.27,0.09
2011-06-12,2011-06-01,Furniture,Office Furnishings,West,British Columbia,Consumer,13,126.68,7.0,0.05
2010-06-21,2010-06-01,Technology,Computer Peripherals,West,British Columbia,Small Business,49,1711.79,812.32,0.01
2010-07-21,2010-07-01,Office Supplies,Paper,West,British Columbia,Corporate,21,793.85,308.53,0.01
2009-11-08,2009-11-01,Office Supplies,Binders and Binder Accessories,West,British Columbia,Corporate,23,203.91,-35.44,0.02
2009-03-26,2009-03-01,Office Supplies,Binders and Binder Accessories,West,British Columbia,Corporate,7,38.37,-29.0,0.1
2009-06-07,2009-06-01,Office Supplies,Appliances,West,British Columbia,Home Office,1,46.94,-26.54,0.06
2009-06-07,2009-06-01,Office Supplies,Appliances,West,British Columbia,Home Office,22,89.96,-115.21,0.07
2009-06-07,2009-06-01,Office Supplies,Rubber Bands,West,British Columbia,Home Office,10,12.95,-6.78,0.1
2012-03-11,2012-03-01,Office Supplies,Paper,West,British Columbia,Corporate,39,930.84,-122.12,0.05
2011-12-29,2011-12-01,Office Supplies,Paper,West,British Columbia,Home Office,8,57.22,-27.72,0.07
2011-12-29,2011-12-01,Office Supplies,Pens & Art Supplies,West,British Columbia,Home Office,33,162.0,45.84,0.01
2011-12-29,2011-12-01,Technology,Telephones and Communication,West,British Columbia,Home Office,48,3410.1575,1137.91,0.1
2012-06-24,2012-06-01,Furniture,Office Furnishings,West,British Columbia,Small Business,47,1676.25,-458.33,0.04
2010-07-03,2010-07-01,Office Supplies,Paper,West,British Columbia,Corporate,1,29.99,-8.88,0.07
2009-02-19,2009-02-01,Office Supplies,Storage & Organization,West,British Columbia,Corporate,33,373.13,-35.26,0.05
2009-12-28,2009-12-01,Technology,Computer Peripherals,West,British Columbia,Corporate,18,99.55,-60.9,0.03
2009-06-03,2009-06-01,Office Supplies,Storage & Organization,West,British Columbia,Corporate,50,8230.77,1577.02,0.05
2012-10-23,2012-10-01,Office Supplies,Envelopes,West,British Columbia,Corporate,5,80.56,12.5,0.03
2011-05-22,2011-05-01,Furniture,Tables,West,British Columbia,Corporate,49,20701.928,3918.54,0.08
2010-07-27,2010-07-01,Office Supplies,Labels,West,British Columbia,Home Office,4,20.19,1.3,0.03
2010-07-27,2010-07-01,Office Supplies,Pens & Art Supplies,West,British Columbia,Home Office,43,74.99,-8.95,0.08
2010-09-01,2010-09-01,Office Supplies,Binders and Binder Accessories,West,British Columbia,Corporate,38,81.97,-148.8,0.05
2009-06-12,2009-06-01,Office Supplies,Appliances,West,British Columbia,Home Office,38,1756.27,649.05,0.09
2009-06-12,2009-06-01,Furniture,Office Furnishings,West,British Columbia,Home Office,50,345.58,-38.04,0.05
2009-08-28,2009-08-01,Office Supplies,"Scissors, Rulers and Trimmers",West,British Columbia,Home Office,16,273.36,32.25,0.04
2009-08-28,2009-08-01,Furniture,Tables,West,British Columbia,Home Office,19,3240.728,-691.31,0.07
2009-08-28,2009-08-01,Furniture,Tables,West,British Columbia,Home Office,49,8058.96,-1621.38,0.08
2012-01-11,2012-01-01,Office Supplies,Paper,West,British Columbia,Corporate,19,172.54,44.23,0.08
2009-08-15,2009-08-01,Office Supplies,Storage & Organization,West,British Columbia,Home Office,30,5290.57,1389.18,0.08
2010-10-11,2010-10-01,Office Supplies,Storage & Organization,West,British Columbia,Corporate,46,7685.62,1952.15,0.02
2009-12-16,2009-12-01,Furniture,Bookcases,West,British Columbia,Consumer,15,2277.67,-173.96,0.0
2011-07-22,2011-07-01,Furniture,Bookcases,West,British Columbia,Consumer,25,3308.28,-581.59,0.08
2012-04-09,2012-04-01,Office Supplies,Envelopes,West,British Columbia,Corporate,47,370.6,160.72,0.03
2010-05-26,2010-05-01,Office Supplies,Appliances,West,British Columbia,Home Office,43,4072.01,1675.98,0.01
2012-03-04,2012-03-01,Office Supplies,Pens & Art Supplies,West,British Columbia,Consumer,14,41.37,1.82,0.05
2012-12-15,2012-12-01,Office Supplies,Pens & Art Supplies,West,British Columbia,Corporate,18,71.22,20.43,0.04
2009-10-11,2009-10-01,Furniture,Office Furnishings,West,British Columbia,Corporate,46,863.26,229.6,0.09
2011-08-03,2011-08-01,Office Supplies,Paper,West,British Columbia,Consumer,48,238.79,-83.78,0.04
2011-08-03,2011-08-01,Office Supplies,Pens & Art Supplies,West,British Columbia,Consumer,47,148.26,49.04,0.04
2011-12-05,2011-12-01,Office Supplies,Paper,West,British Columbia,Small Business,13,66.83,23.16,0.0
2012-12-26,2012-12-01,Office Supplies,Rubber Bands,West,British Columbia,Small Business,43,255.7,-35.74,0.0
2011-08-28,2011-08-01,Office Supplies,Pens & Art Supplies,West,British Columbia,Corporate,17,47.12,-47.01,0.01
2010-05-05,2010-05-01,Furniture,Chairs & Chairmats,West,British Columbia,Small Business,48,4480.89,195.04,0.02
2009-02-14,2009-02-01,Furniture,Tables,West,British Columbia,Home Office,8,2651.21,-93.85,0.09
2010-01-07,2010-01-01,Office Supplies,Labels,West,British Columbia,Consumer,21,106.2,48.76,0.0
2011-03-07,2011-03-01,Office Supplies,Pens & Art Supplies,West,British Columbia,Corporate,36,411.75,-182.87,0.05
2010-01-22,2010-01-01,Office Supplies,Pens & Art Supplies,West,British Columbia,Corporate,1,3.41,-1.78,0.06
2009-04-16,2009-04-01,Office Supplies,Binders and Binder Accessories,West,British Columbia,Consumer,37,122.99,21.48,0.0
2009-04-16,2009-04-01,Technology,Office Machines,West,British Columbia,Consumer,6,14734.71,-3798.01,0.1
2012-05-12,2012-05-01,Office Supplies,Binders and Binder Accessories,West,British Columbia,Corporate,38,264.92,-97.06,0.05
2009-10-25,2009-10-01,Office Supplies,Appliances,West,British Columbia,Consumer,42,194.2,-139.13,0.0
2009-10-25,2009-10-01,Furniture,Chairs & Chairmats,West,British Columbia,Consumer,31,16451.33,5325.14,0.01
2009-10-25,2009-10-01,Furniture,Office Furnishings,West,British Columbia,Consumer,39,485.97,48.6,0.02
2009-10-25,2009-10-01,Furniture,Office Furnishings,West,British Columbia,Consumer,15,109.71,-20.95,0.1
2012-12-30,2012-12-01,Furniture,Chairs & Chairmats,West,British Columbia,Corporate,6,391.12,-166.96,0.06
2012-12-30,2012-12-01,Office Supplies,Storage & Organization,West,British Columbia,Corporate,35,448.1,-15.07,0.1
2012-06-11,2012-06-01,Office Supplies,Paper,West,British Columbia,Consumer,1,34.09,-19.9,0.05
2010-06-06,2010-06-01,Technology,Telephones and Communication,West,British Columbia,Consumer,41,5144.8715,1435.83,0.09
2010-06-21,2010-06-01,Office Supplies,Binders and Binder Accessories,West,British Columbia,Small Business,34,783.48,-73.4,0.01
2012-05-03,2012-05-01,Furniture,Bookcases,West,British Columbia,Home Office,46,4394.78,-335.77,0.08
2010-02-22,2010-02-01,Technology,Computer Peripherals,West,British Columbia,Corporate,47,1501.8,112.78,0.02
2012-03-03,2012-03-01,Furniture,Office Furnishings,West,British Columbia,Corporate,42,4846.68,820.94,0.04
2012-03-03,2012-03-01,Office Supplies,Paper,West,British Columbia,Corporate,5,32.69,-24.43,0.0
2012-03-03,2012-03-01,Office Supplies,Rubber Bands,West,British Columbia,Corporate,22,38.88,-18.57,0.09
2011-07-06,2011-07-01,Office Supplies,Paper,West,British Columbia,Corporate,31,286.26,8.34,0.01
2011-09-04,2011-09-01,Office Supplies,Paper,West,British Columbia,Consumer,16,196.98,-5.76,0.04
2011-09-04,2011-09-01,Technology,Telephones and Communication,West,British Columbia,Consumer,33,1756.695,164.97,0.1
2012-02-18,2012-02-01,Furniture,Tables,West,British Columbia,Consumer,11,1884.208,-776.72,0.04
2012-02-18,2012-02-01,Technology,Telephones and Communication,West,British Columbia,Consumer,2,93.3385,-300.39,0.1
2010-01-30,2010-01-01,Office Supplies,Labels,West,British Columbia,Corporate,1,3.85,-1.36,0.08
2010-01-30,2010-01-01,Technology,Telephones and Communication,West,British Columbia,Corporate,10,547.0005,-97.2,0.08
2010-10-03,2010-10-01,Furniture,Chairs & Chairmats,West,British Columbia,Home Office,18,2379.15,-261.77,0.06
2011-04-11,2011-04-01,Technology,Computer Peripherals,West,British Columbia,Home Office,49,1734.4,749.16,0.02
2011-04-11,2011-04-01,Office Supplies,Storage & Organization,West,British Columbia,Home Office,25,1128.03,256.3,0.01
2010-09-10,2010-09-01,Furniture,Chairs & Chairmats,West,British Columbia,Corporate,22,6767.43,803.48,0.05
2012-08-28,2012-08-01,Technology,Computer Peripherals,West,British Columbia,Corporate,16,367.09,74.2,0.04
2012-08-28,2012-08-01,Office Supplies,Envelopes,West,British Columbia,Corporate,23,139.66,46.69,0.02
2011-11-03,2011-11-01,Technology,Office Machines,West,British Columbia,Corporate,13,509.49,-51.18,0.07
2010-03-22,2010-03-01,Technology,Computer Peripherals,West,British Columbia,Consumer,36,739.07,-71.55,0.1
2010-03-22,2010-03-01,Office Supplies,Paper,West,British Columbia,Consumer,4,38.58,-2.82,0.02
2011-10-28,2011-10-01,Technology,Office Machines,West,British Columbia,Home Office,2,25.07,-27.67,0.04
2010-02-24,2010-02-01,Office Supplies,Binders and Binder Accessories,West,British Columbia,Small Business,36,181.95,-132.26,0.03
2010-09-26,2010-09-01,Office Supplies,Envelopes,West,British Columbia,Corporate,26,287.43,37.9,0.01
2012-03-15,2012-03-01,Office Supplies,Binders and Binder Accessories,West,British Columbia,Small Business,21,238.06,56.43,0.05
2012-07-18,2012-07-01,Office Supplies,"Scissors, Rulers and Trimmers",West,British Columbia,Small Business,33,103.92,-52.76,0.08
2012-06-01,2012-06-01,Office Supplies,Labels,West,British Columbia,Consumer,28,136.16,58.1,0.07
2012-09-06,2012-09-01,Technology,Office Machines,West,British Columbia,Small Business,23,5062.18,842.83,0.06
2012-10-22,2012-10-01,Office Supplies,Pens & Art Supplies,West,British Columbia,Consumer,43,913.99,-57.75,0.08
2011-10-21,2011-10-01,Technology,Computer Peripherals,West,British Columbia,Small Business,14,321.21,53.44,0.04
2010-04-15,2010-04-01,Furniture,Office Furnishings,West,British Columbia,Corporate,50,952.21,403.83,0.05
2010-10-18,2010-10-01,Office Supplies,Envelopes,West,British Columbia,Small Business,37,436.67,51.91,0.06
2010-10-18,2010-10-01,Furniture,Office Furnishings,West,British Columbia,Small Business,30,146.72,18.26,0.06
2010-10-18,2010-10-01,Office Supplies,Appliances,West,British Columbia,Small Business,17,74.83,-83.71,0.08
2012-03-19,2012-03-01,Office Supplies,Paper,West,British Columbia,Small Business,16,124.71,-30.04,0.01
2010-12-06,2010-12-01,Technology,Telephones and Communication,West,British Columbia,Corporate,27,1553.868,322.51,0.04
2010-03-05,2010-03-01,Office Supplies,Pens & Art Supplies,West,British Columbia,Home Office,16,43.65,-3.67,0.05
2010-03-05,2010-03-01,Technology,Telephones and Communication,West,British Columbia,Home Office,27,2478.481,249.1,0.09
2010-12-13,2010-12-01,Office Supplies,Paper,West,British Columbia,Small Business,29,1427.14,605.92,0.02
2012-08-04,2012-08-01,Furniture,Office Furnishings,West,British Columbia,Small Business,39,419.95,-39.1,0.02
2011-07-10,2011-07-01,Office Supplies,Binders and Binder Accessories,West,British Columbia,Home Office,24,344.25,23.96,0.1
2011-07-10,2011-07-01,Office Supplies,Pens & Art Supplies,West,British Columbia,Home Office,12,64.77,14.46,0.09
2009-04-12,2009-04-01,Office Supplies,Storage & Organization,West,British Columbia,Consumer,8,292.38,6.11,0.05
2009-04-12,2009-04-01,Office Supplies,"Scissors, Rulers and Trimmers",West,British Columbia,Consumer,24,191.79,-6.34,0.1
2009-04-12,2009-04-01,Office Supplies,Binders and Binder Accessories,West,British Columbia,Consumer,34,290.01,-160.28,0.03
2009-04-12,2009-04-01,Technology,Office Machines,West,British Columbia,Consumer,2,4692.26,-7373.13,0.08
2010-01-17,2010-01-01,Office Supplies,"Scissors, Rulers and Trimmers",West,British Columbia,Small Business,41,576.58,-81.55,0.04
2010-04-11,2010-04-01,Technology,Telephones and Communication,West,British Columbia,Corporate,18,994.4745,0.71,0.05
2009-08-12,2009-08-01,Furniture,Office Furnishings,West,British Columbia,Corporate,49,633.91,141.17,0.0
2012-06-08,2012-06-01,Office Supplies,Pens & Art Supplies,West,British Columbia,Corporate,39,61.94,-17.78,0.1
2012-06-25,2012-06-01,Office Supplies,Envelopes,West,British Columbia,Small Business,4,57.82,0.85,0.08
2012-06-25,2012-06-01,Office Supplies,Pens & Art Supplies,West,British Columbia,Small Business,49,544.89,-115.66,0.09
2009-11-16,2009-11-01,Office Supplies,Paper,West,British Columbia,Small Business,6,122.09,-15.2,0.04
2009-11-16,2009-11-01,Office Supplies,Pens & Art Supplies,West,British Columbia,Small Business,49,150.06,30.97,0.02
2009-11-16,2009-11-01,Office Supplies,"Scissors, Rulers and Trimmers",West,British Columbia,Small Business,9,95.09,-13.53,0.09
2012-03-07,2012-03-01,Technology,Telephones and Communication,West,British Columbia,Corporate,11,995.724,-117.61,0.05
2011-10-01,2011-10-01,Office Supplies,Paper,West,British Columbia,Small Business,16,102.99,-102.17,0.1
2011-10-01,2011-10-01,Technology,Telephones and Communication,West,British Columbia,Small Business,20,1429.088,500.05,0.06
2011-11-29,2011-11-01,Furniture,Office Furnishings,West,British Columbia,Corporate,13,246.06,52.33,0.08
2011-11-29,2011-11-01,Office Supplies,Pens & Art Supplies,West,British Columbia,Corporate,25,41.87,-25.52,0.05
2011-04-25,2011-04-01,Furniture,Chairs & Chairmats,West,British Columbia,Corporate,30,5217.79,209.54,0.09
2012-02-27,2012-02-01,Furniture,Tables,West,British Columbia,Consumer,43,16886.76,483.95,0.02
2012-03-01,2012-03-01,Furniture,Office Furnishings,West,British Columbia,Consumer,1,11.7,-8.06,0.0
2009-02-14,2009-02-01,Furniture,Tables,West,British Columbia,Consumer,34,6686.344,1192.04,0.0
2009-02-19,2009-02-01,Office Supplies,Paper,West,British Columbia,Small Business,37,158.62,-104.57,0.05
2011-11-21,2011-11-01,Office Supplies,Binders and Binder Accessories,West,British Columbia,Small Business,6,176.58,28.34,0.1
2011-11-21,2011-11-01,Technology,Computer Peripherals,West,British Columbia,Small Business,15,1121.84,-173.66,0.0
2012-10-25,2012-10-01,Office Supplies,Paper,West,British Columbia,Consumer,39,206.47,-107.2,0.08
2012-10-16,2012-10-01,Office Supplies,Binders and Binder Accessories,West,British Columbia,Consumer,6,34.29,-6.82,0.05
2012-10-16,2012-10-01,Office Supplies,"Scissors, Rulers and Trimmers",West,British Columbia,Consumer,29,23516.31,1094.74,0.09
2012-05-29,2012-05-01,Office Supplies,Pens & Art Supplies,West,British Columbia,Home Office,50,78.2,-4.56,0.09
2011-12-03,2011-12-01,Technology,Telephones and Communication,West,British Columbia,Corporate,34,1947.4265,473.27,0.03
2010-07-23,2010-07-01,Office Supplies,Appliances,West,British Columbia,Consumer,10,842.19,157.45,0.0
2010-05-28,2010-05-01,Technology,Office Machines,West,British Columbia,Small Business,48,2052.83,395.85,0.02
2010-05-28,2010-05-01,Technology,Computer Peripherals,West,British Columbia,Small Business,36,620.45,171.94,0.09
2009-10-15,2009-10-01,Office Supplies,Binders and Binder Accessories,West,British Columbia,Corporate,34,167.5,-84.42,0.04
2010-01-10,2010-01-01,Office Supplies,Labels,West,British Columbia,Small Business,33,158.79,74.14,0.02
2010-01-10,2010-01-01,Office Supplies,Paper,West,British Columbia,Small Business,12,79.06,-47.0,0.1
2011-05-25,2011-05-01,Office Supplies,Paper,West,British Columbia,Small Business,33,140.63,-111.87,0.09
2011-05-25,2011-05-01,Technology,Telephones and Communication,West,British Columbia,Small Business,50,4872.6675,851.31,0.09
2009-08-07,2009-08-01,Office Supplies,Binders and Binder Accessories,West,British Columbia,Consumer,13,515.23,171.4,0.1
2009-08-07,2009-08-01,Office Supplies,Rubber Bands,West,British Columbia,Consumer,22,41.65,-13.86,0.06
2011-05-14,2011-05-01,Office Supplies,Binders and Binder Accessories,West,British Columbia,Consumer,24,178.92,-56.11,0.09
2009-03-16,2009-03-01,Office Supplies,Appliances,West,British Columbia,Small Business,20,1351.43,-550.43,0.08
2009-03-16,2009-03-01,Office Supplies,Pens & Art Supplies,West,British Columbia,Small Business,17,357.91,-52.12,0.04
2011-02-06,2011-02-01,Furniture,Office Furnishings,West,British Columbia,Corporate,12,351.12,202.63,0.09
2010-08-08,2010-08-01,Office Supplies,Appliances,West,British Columbia,Consumer,41,1803.12,544.93,0.0
2009-09-16,2009-09-01,Office Supplies,Binders and Binder Accessories,West,British Columbia,Small Business,26,110.14,-89.22,0.05
2009-09-16,2009-09-01,Office Supplies,Envelopes,West,British Columbia,Small Business,27,453.89,-75.06,0.1
2011-07-12,2011-07-01,Furniture,Office Furnishings,West,British Columbia,Corporate,38,275.11,17.15,0.06
2011-07-12,2011-07-01,Office Supplies,Pens & Art Supplies,West,British Columbia,Corporate,34,102.34,-30.39,0.01
2010-12-17,2010-12-01,Technology,Telephones and Communication,West,British Columbia,Home Office,17,934.9405,47.1,0.08
2012-08-19,2012-08-01,Office Supplies,Labels,West,British Columbia,Small Business,3,21.55,-2.87,0.09
2012-08-19,2012-08-01,Office Supplies,Paper,West,British Columbia,Small Business,36,266.16,90.91,0.03
2011-09-05,2011-09-01,Office Supplies,Envelopes,West,British Columbia,Small Business,3,39.49,-12.99,0.1
2009-04-11,2009-04-01,Office Supplies,Binders and Binder Accessories,West,British Columbia,Consumer,44,1317.34,555.93,0.03
2012-08-30,2012-08-01,Office Supplies,Binders and Binder Accessories,West,British Columbia,Home Office,46,320.57,-114.2,0.1
2012-08-30,2012-08-01,Technology,Office Machines,West,British Columbia,Home Office,16,2013.8,-98.43,0.01
2010-05-11,2010-05-01,Office Supplies,Binders and Binder Accessories,West,British Columbia,Consumer,5,2168.05,416.02,0.0
2010-05-11,2010-05-01,Office Supplies,Paper,West,British Columbia,Consumer,44,303.07,-238.45,0.02
2010-05-11,2010-05-01,Office Supplies,Pens & Art Supplies,West,British Columbia,Consumer,48,1661.8,202.68,0.07
2011-07-01,2011-07-01,Furniture,Chairs & Chairmats,West,British Columbia,Home Office,11,2020.58,-45.02,0.01
2011-07-01,2011-07-01,Office Supplies,Paper,West,British Columbia,Home Office,30,1533.46,730.44,0.0
2011-07-01,2011-07-01,Furniture,Tables,West,British Columbia,Home Office,20,5989.048,541.01,0.09
2010-10-31,2010-10-01,Furniture,Office Furnishings,West,British Columbia,Corporate,38,69.26,-113.86,0.07
2010-12-20,2010-12-01,Furniture,Bookcases,West,British Columbia,Home Office,27,2896.99,36.94,0.01
2012-02-29,2012-02-01,Office Supplies,Binders and Binder Accessories,West,British Columbia,Home Office,8,250.29,-9.31,0.1
2012-02-29,2012-02-01,Office Supplies,Paper,West,British Columbia,Home Office,7,251.59,39.23,0.09
2009-05-02,2009-05-01,Office Supplies,Paper,West,British Columbia,Small Business,24,158.91,-38.57,0.06
2010-11-12,2010-11-01,Office Supplies,Paper,West,British Columbia,Small Business,15,171.57,12.5,0.04
2010-11-12,2010-11-01,Technology,Telephones and Communication,West,British Columbia,Small Business,42,2170.305,264.32,0.1
2009-06-11,2009-06-01,Office Supplies,Binders and Binder Accessories,West,British Columbia,Small Business,23,224.34,-11.95,0.02
2012-12-12,2012-12-01,Office Supplies,Envelopes,West,British Columbia,Corporate,43,262.13,-60.91,0.0
2012-12-12,2012-12-01,Office Supplies,Paper,West,British Columbia,Corporate,24,173.12,-166.41,0.1
2011-06-22,2011-06-01,Office Supplies,Storage & Organization,West,British Columbia,Consumer,46,9261.24,1646.43,0.0
2011-06-22,2011-06-01,Furniture,Office Furnishings,West,British Columbia,Consumer,2,28.98,-18.39,0.06
2010-12-15,2010-12-01,Office Supplies,Paper,West,British Columbia,Consumer,14,51.56,-1.06,0.09
2011-05-31,2011-05-01,Technology,Computer Peripherals,West,British Columbia,Home Office,26,437.77,-125.8,0.01
2011-05-31,2011-05-01,Office Supplies,Paper,West,British Columbia,Home Office,45,514.86,-10.84,0.08
2011-05-31,2011-05-01,Office Supplies,Paper,West,British Columbia,Home Office,12,356.27,84.53,0.1
2012-10-07,2012-10-01,Technology,Telephones and Communication,West,British Columbia,Home Office,44,4509.3775,1426.26,0.01
2009-05-22,2009-05-01,Technology,Office Machines,West,British Columbia,Home Office,15,1813.04,-164.4,0.01
2011-08-15,2011-08-01,Furniture,Tables,West,British Columbia,Small Business,44,4530.96,-993.35,0.07
2010-01-25,2010-01-01,Furniture,Bookcases,West,British Columbia,Home Office,33,3116.47,-1578.26,0.1
2010-01-25,2010-01-01,Office Supplies,Paper,West,British Columbia,Home Office,1,12.41,-9.08,0.01
2011-05-01,2011-05-01,Furniture,Office Furnishings,West,British Columbia,Home Office,31,1324.09,94.96,0.01
2010-07-14,2010-07-01,Office Supplies,Binders and Binder Accessories,West,British Columbia,Corporate,20,278.68,8.9,0.06
2010-07-14,2010-07-01,Technology,Telephones and Communication,West,British Columbia,Corporate,23,717.468,316.48,0.01
2011-12-13,2011-12-01,Furniture,Bookcases,West,British Columbia,Corporate,13,11764.25,2322.44,0.04
2011-12-13,2011-12-01,Furniture,Office Furnishings,West,British Columbia,Corporate,4,25.17,5.88,0.09
2011-12-13,2011-12-01,Office Supplies,Paper,West,British Columbia,Corporate,29,208.47,-125.6,0.01
2009-08-18,2009-08-01,Office Supplies,Binders and Binder Accessories,West,British Columbia,Home Office,7,45.91,-35.54,0.01
2009-08-18,2009-08-01,Technology,Copiers and Fax,West,British Columbia,Home Office,41,22319.58,-734.31,0.02
2009-08-18,2009-08-01,Office Supplies,Pens & Art Supplies,West,British Columbia,Home Office,15,330.24,8.48,0.03
2009-08-18,2009-08-01,Office Supplies,Storage & Organization,West,British Columbia,Home Office,15,520.65,30.63,0.09
2009-10-29,2009-10-01,Office Supplies,Binders and Binder Accessories,West,British Columbia,Consumer,31,181.17,-59.88,0.06
2009-10-29,2009-10-01,Office Supplies,Paper,West,British Columbia,Consumer,1,13.16,-10.29,0.03
2009-10-29,2009-10-01,Office Supplies,Envelopes,West,British Columbia,Consumer,7,107.88,25.59,0.02
2009-10-29,2009-10-01,Office Supplies,Storage & Organization,West,British Columbia,Consumer,29,623.02,-255.66,0.02
2012-08-18,2012-08-01,Office Supplies,Binders and Binder Accessories,West,British Columbia,Small Business,34,729.83,-135.1,0.07
2012-08-18,2012-08-01,Technology,Computer Peripherals,West,British Columbia,Small Business,36,1083.19,214.61,0.03
2010-05-28,2010-05-01,Technology,Computer Peripherals,West,British Columbia,Corporate,30,255.74,37.09,0.07
2012-02-17,2012-02-01,Technology,Telephones and Communication,West,British Columbia,Home Office,20,2592.432,428.47,0.06
2011-05-21,2011-05-01,Furniture,Office Furnishings,West,British Columbia,Consumer,12,313.43,104.03,0.02
2011-05-21,2011-05-01,Office Supplies,Pens & Art Supplies,West,British Columbia,Consumer,17,390.11,-19.92,0.02
2012-07-06,2012-07-01,Furniture,Office Furnishings,West,British Columbia,Consumer,40,342.97,-131.63,0.09
2009-10-24,2009-10-01,Office Supplies,"Scissors, Rulers and Trimmers",West,British Columbia,Home Office,3,9.4,-7.6,0.04
2012-04-16,2012-04-01,Furniture,Office Furnishings,West,British Columbia,Corporate,10,79.68,18.24,0.06
2012-04-21,2012-04-01,Technology,Telephones and Communication,West,British Columbia,Corporate,7,786.675,-315.03,0.01
2009-09-08,2009-09-01,Office Supplies,Binders and Binder Accessories,West,British Columbia,Small Business,38,212.57,9.49,0.09
2009-09-08,2009-09-01,Furniture,Bookcases,West,British Columbia,Small Business,10,1469.48,-263.65,0.07
2009-09-08,2009-09-01,Technology,Telephones and Communication,West,British Columbia,Small Business,25,4279.24,890.18,0.06
2009-12-10,2009-12-01,Furniture,Tables,West,British Columbia,Home Office,10,2665.64,-107.49,0.1
2009-11-05,2009-11-01,Furniture,Tables,West,British Columbia,Small Business,42,10307.01,3025.59,0.0
2012-12-28,2012-12-01,Office Supplies,Binders and Binder Accessories,West,British Columbia,Home Office,2,44.45,-17.46,0.01
2011-07-14,2011-07-01,Furniture,Office Furnishings,West,British Columbia,Home Office,22,46.36,-56.73,0.05
2010-06-09,2010-06-01,Office Supplies,Labels,West,British Columbia,Corporate,10,29.79,3.76,0.01
2009-02-22,2009-02-01,Technology,Office Machines,West,British Columbia,Corporate,40,19100.45,6839.95,0.0
2010-12-09,2010-12-01,Technology,Computer Peripherals,West,British Columbia,Home Office,47,371.95,-87.4,0.07
2009-01-12,2009-01-01,Furniture,Chairs & Chairmats,West,British Columbia,Home Office,12,4080.3,593.79,0.05
2009-01-12,2009-01-01,Office Supplies,Envelopes,West,British Columbia,Home Office,28,260.79,111.4,0.0
2009-01-12,2009-01-01,Office Supplies,Rubber Bands,West,British Columbia,Home Office,44,90.35,-16.72,0.02
2012-06-07,2012-06-01,Technology,Computer Peripherals,West,British Columbia,Home Office,2,316.52,-542.32,0.03
2012-06-07,2012-06-01,Technology,Computer Peripherals,West,British Columbia,Home Office,5,155.39,-127.7,0.1
2012-03-24,2012-03-01,Office Supplies,"Scissors, Rulers and Trimmers",West,British Columbia,Consumer,25,135.23,-45.65,0.1
2009-03-25,2009-03-01,Furniture,Bookcases,West,British Columbia,Small Business,27,14357.85,3309.55,0.02
2012-03-25,2012-03-01,Office Supplies,Paper,West,British Columbia,Home Office,35,710.86,196.22,0.04
2011-06-09,2011-06-01,Office Supplies,"Scissors, Rulers and Trimmers",West,British Columbia,Corporate,21,114.53,-39.23,0.07
2011-06-09,2011-06-01,Technology,Telephones and Communication,West,British Columbia,Corporate,44,7164.7435,1609.29,0.07
2010-01-31,2010-01-01,Technology,Computer Peripherals,West,British Columbia,Small Business,36,1400.1,88.68,0.03
2010-01-24,2010-01-01,Technology,Computer Peripherals,West,British Columbia,Home Office,38,1325.06,-180.23,0.06
2010-09-13,2010-09-01,Office Supplies,Binders and Binder Accessories,West,British Columbia,Home Office,21,101.13,-74.41,0.02
2010-09-13,2010-09-01,Technology,Computer Peripherals,West,British Columbia,Home Office,18,526.45,-108.14,0.02
2011-08-25,2011-08-01,Furniture,Bookcases,West,British Columbia,Consumer,34,8581.25,1464.23,0.0
2011-08-25,2011-08-01,Office Supplies,Paper,West,British Columbia,Consumer,21,135.99,-129.24,0.09
2010-05-06,2010-05-01,Office Supplies,Binders and Binder Accessories,West,British Columbia,Small Business,9,43.23,-29.53,0.0
2012-01-03,2012-01-01,Office Supplies,Envelopes,West,British Columbia,Home Office,22,3353.54,1189.96,0.07
2012-01-03,2012-01-01,Office Supplies,Pens & Art Supplies,West,British Columbia,Home Office,26,69.38,-70.73,0.08
2010-01-31,2010-01-01,Office Supplies,Rubber Bands,West,British Columbia,Small Business,36,78.51,-10.06,0.09
2009-07-25,2009-07-01,Office Supplies,Appliances,West,British Columbia,Corporate,9,101.47,-18.64,0.03
2009-05-07,2009-05-01,Office Supplies,Paper,West,British Columbia,Consumer,27,130.49,47.09,0.07
2012-05-18,2012-05-01,Office Supplies,Paper,West,British Columbia,Home Office,42,861.41,128.0,0.01
2010-09-04,2010-09-01,Technology,Office Machines,West,British Columbia,Corporate,21,361.98,-55.61,0.0
2010-09-19,2010-09-01,Technology,Computer Peripherals,West,British Columbia,Home Office,29,965.82,169.15,0.09
2010-08-06,2010-08-01,Office Supplies,Binders and Binder Accessories,West,British Columbia,Home Office,24,349.65,28.55,0.1
2010-08-06,2010-08-01,Furniture,Office Furnishings,West,British Columbia,Home Office,46,4814.12,855.14,0.03
2009-01-24,2009-01-01,Office Supplies,Appliances,West,British Columbia,Corporate,24,359.65,-11.15,0.01
2010-02-11,2010-02-01,Office Supplies,Paper,West,British Columbia,Small Business,36,246.24,-118.9,0.08
2010-02-11,2010-02-01,Office Supplies,Paper,West,British Columbia,Small Business,8,78.67,14.1,0.0
2010-07-29,2010-07-01,Technology,Telephones and Communication,West,British Columbia,Home Office,33,4416.651,1020.41,0.02
2011-03-30,2011-03-01,Technology,Telephones and Communication,West,British Columbia,Corporate,41,1204.0845,341.96,0.04
2009-02-03,2009-02-01,Furniture,Office Furnishings,West,British Columbia,Home Office,36,181.39,-32.4,0.1
2009-02-03,2009-02-01,Technology,Telephones and Communication,West,British Columbia,Home Office,26,846.0815,-120.93,0.02
2009-03-30,2009-03-01,Office Supplies,Binders and Binder Accessories,West,British Columbia,Home Office,35,187.84,-95.05,0.0
2009-03-30,2009-03-01,Office Supplies,Binders and Binder Accessories,West,British Columbia,Home Office,45,240.6,3.45,0.04
2009-03-30,2009-03-01,Technology,Telephones and Communication,West,British Columbia,Home Office,5,236.878,-275.25,0.06
2009-09-25,2009-09-01,Furniture,Chairs & Chairmats,West,British Columbia,Small Business,41,9312.52,3039.37,0.01
2009-09-25,2009-09-01,Technology,Computer Peripherals,West,British Columbia,Small Business,43,220.47,-135.16,0.04
2012-06-29,2012-06-01,Technology,Telephones and Communication,West,British Columbia,Corporate,46,7928.562,2229.48,0.08
2012-12-05,2012-12-01,Furniture,Office Furnishings,West,British Columbia,Corporate,12,715.8,-279.12,0.06
2012-12-05,2012-12-01,Furniture,Tables,West,British Columbia,Corporate,47,10941.23,1687.07,0.0
2012-08-18,2012-08-01,Office Supplies,Storage & Organization,West,British Columbia,Consumer,42,3749.0,-1032.13,0.08
2012-01-24,2012-01-01,Office Supplies,Paper,West,British Columbia,Corporate,48,878.75,70.46,0.07
2011-06-27,2011-06-01,Technology,Computer Peripherals,West,British Columbia,Corporate,17,877.81,-44.4,0.02
2009-11-05,2009-11-01,Technology,Telephones and Communication,West,British Columbia,Corporate,5,90.9415,-109.42,0.05
2009-11-07,2009-11-01,Technology,Computer Peripherals,West,British Columbia,Home Office,6,453.87,-217.69,0.02
2009-07-05,2009-07-01,Office Supplies,Storage & Organization,West,British Columbia,Home Office,28,2232.15,-746.44,0.05
2009-07-05,2009-07-01,Office Supplies,Storage & Organization,West,British Columbia,Home Office,26,7007.19,-274.95,0.05
2011-09-03,2011-09-01,Technology,Telephones and Communication,West,British Columbia,Consumer,8,460.5895,-171.2,0.02
2010-10-07,2010-10-01,Technology,Computer Peripherals,West,British Columbia,Home Office,31,813.41,284.65,0.09
2011-02-05,2011-02-01,Office Supplies,Appliances,West,British Columbia,Home Office,48,4153.06,1499.41,0.06
2009-09-24,2009-09-01,Technology,Computer Peripherals,West,British Columbia,Consumer,9,157.63,-78.13,0.06
2011-07-01,2011-07-01,Office Supplies,Paper,West,British Columbia,Small Business,34,225.45,-193.39,0.02
2009-05-14,2009-05-01,Technology,Telephones and Communication,West,British Columbia,Corporate,35,2827.1425,713.88,0.01
2010-08-21,2010-08-01,Furniture,Office Furnishings,West,British Columbia,Small Business,14,215.52,75.83,0.02
2010-08-21,2010-08-01,Office Supplies,Rubber Bands,West,British Columbia,Small Business,8,10.46,-0.89,0.0
2012-02-02,2012-02-01,Office Supplies,Binders and Binder Accessories,West,British Columbia,Corporate,23,3982.21,1413.94,0.03
2012-02-02,2012-02-01,Office Supplies,Pens & Art Supplies,West,British Columbia,Corporate,40,66.55,-15.13,0.01
2010-03-21,2010-03-01,Office Supplies,Binders and Binder Accessories,West,British Columbia,Home Office,18,167.53,-9.57,0.05
2012-09-19,2012-09-01,Office Supplies,Storage & Organization,West,British Columbia,Small Business,26,6995.56,-286.58,0.07
2012-02-05,2012-02-01,Technology,Telephones and Communication,West,British Columbia,Small Business,29,1415.148,-64.94,0.02
2009-07-01,2009-07-01,Technology,Office Machines,West,British Columbia,Small Business,3,6041.01,-4793.0,0.04
2012-12-11,2012-12-01,Office Supplies,Envelopes,West,British Columbia,Small Business,41,1234.36,-84.77,0.04
2010-01-18,2010-01-01,Technology,Office Machines,West,British Columbia,Home Office,3,10380.34,-8389.47,0.05
2010-01-18,2010-01-01,Office Supplies,Pens & Art Supplies,West,British Columbia,Home Office,25,854.9,76.87,0.05
2010-01-18,2010-01-01,Office Supplies,Storage & Organization,West,British Columbia,Home Office,32,389.98,-14.98,0.07
2011-11-12,2011-11-01,Office Supplies,Paper,West,British Columbia,Small Business,21,109.29,-77.08,0.08
2011-11-12,2011-11-01,Office Supplies,Storage & Organization,West,British Columbia,Small Business,38,2257.88,474.98,0.01
2011-06-14,2011-06-01,Office Supplies,"Scissors, Rulers and Trimmers",West,British Columbia,Corporate,31,348.92,28.47,0.06
2010-01-14,2010-01-01,Office Supplies,Rubber Bands,West,British Columbia,Consumer,46,72.18,11.83,0.0
2012-09-22,2012-09-01,Office Supplies,Paper,West,British Columbia,Consumer,25,172.04,-85.11,0.05
2011-04-01,2011-04-01,Furniture,Chairs & Chairmats,West,British Columbia,Home Office,29,737.38,90.04,0.08
2011-04-01,2011-04-01,Office Supplies,Paper,West,British Columbia,Home Office,47,507.18,74.73,0.0
2011-04-01,2011-04-01,Office Supplies,Rubber Bands,West,British Columbia,Home Office,42,151.19,27.37,0.07
2012-02-18,2012-02-01,Office Supplies,Appliances,West,British Columbia,Corporate,37,2180.23,660.25,0.05
2011-04-04,2011-04-01,Office Supplies,Labels,West,British Columbia,Home Office,24,123.75,55.42,0.09
2011-04-04,2011-04-01,Office Supplies,Storage & Organization,West,British Columbia,Home Office,46,3533.97,-1329.81,0.07
2011-04-04,2011-04-01,Technology,Telephones and Communication,West,British Columbia,Home Office,38,3821.4045,1256.97,0.0
2009-12-19,2009-12-01,Technology,Computer Peripherals,West,British Columbia,Consumer,42,1651.07,-100.49,0.09
2012-02-12,2012-02-01,Office Supplies,Paper,West,British Columbia,Corporate,48,326.1,-118.74,0.04
2012-02-12,2012-02-01,Technology,Telephones and Communication,West,British Columbia,Corporate,6,170.374,-67.13,0.09
2010-02-05,2010-02-01,Furniture,Office Furnishings,West,British Columbia,Home Office,14,2595.07,1217.19,0.1
2010-07-14,2010-07-01,Office Supplies,Appliances,West,British Columbia,Corporate,34,801.98,-99.95,0.0
2011-02-06,2011-02-01,Office Supplies,Rubber Bands,West,British Columbia,Home Office,11,65.78,-17.42,0.07
2011-05-19,2011-05-01,Office Supplies,Binders and Binder Accessories,West,British Columbia,Corporate,1,10.48,-5.44,0.04
2009-06-20,2009-06-01,Office Supplies,Binders and Binder Accessories,West,British Columbia,Home Office,40,323.63,-205.49,0.05
2012-02-17,2012-02-01,Office Supplies,Envelopes,West,British Columbia,Home Office,14,157.49,62.54,0.02
2011-11-16,2011-11-01,Technology,Copiers and Fax,West,British Columbia,Corporate,17,10134.55,-597.21,0.08
2011-11-16,2011-11-01,Furniture,Office Furnishings,West,British Columbia,Corporate,46,1765.64,108.65,0.08
2011-11-16,2011-11-01,Office Supplies,Paper,West,British Columbia,Corporate,23,156.5,-49.6,0.01
2010-07-04,2010-07-01,Office Supplies,Binders and Binder Accessories,West,British Columbia,Corporate,8,157.51,46.48,0.01
2010-07-04,2010-07-01,Office Supplies,Pens & Art Supplies,West,British Columbia,Corporate,33,97.78,-31.22,0.09
2011-05-05,2011-05-01,Furniture,Tables,West,British Columbia,Consumer,4,1199.336,224.8,0.01
2012-10-07,2012-10-01,Office Supplies,Appliances,West,British Columbia,Home Office,23,1152.16,286.98,0.0
2012-10-07,2012-10-01,Furniture,Office Furnishings,West,British Columbia,Home Office,2,19.9,15.97,0.07
2012-01-18,2012-01-01,Technology,Telephones and Communication,West,British Columbia,Small Business,45,4072.8175,897.36,0.1
2011-04-22,2011-04-01,Office Supplies,Storage & Organization,West,British Columbia,Home Office,43,1438.33,163.38,0.08
2011-01-04,2011-01-01,Technology,Telephones and Communication,West,British Columbia,Home Office,35,625.9485,-87.02,0.04
2011-09-11,2011-09-01,Office Supplies,Binders and Binder Accessories,West,British Columbia,Home Office,4,12.49,-13.5,0.08
2009-12-25,2009-12-01,Technology,Telephones and Communication,West,British Columbia,Small Business,30,1653.607,294.97,0.02
2009-04-20,2009-04-01,Office Supplies,Paper,West,British Columbia,Small Business,13,248.76,35.09,0.1
2009-04-20,2009-04-01,Furniture,Tables,West,British Columbia,Small Business,43,10984.05,785.63,0.06
2012-09-13,2012-09-01,Technology,Telephones and Communication,West,British Columbia,Consumer,31,2447.1075,856.96,0.0
2010-02-10,2010-02-01,Office Supplies,Pens & Art Supplies,West,British Columbia,Home Office,2,26.64,-13.88,0.09
2010-02-10,2010-02-01,Office Supplies,Paper,West,British Columbia,Home Office,16,88.19,-25.97,0.03
2010-04-25,2010-04-01,Office Supplies,Paper,West,British Columbia,Small Business,39,318.28,114.95,0.08
2010-04-25,2010-04-01,Office Supplies,Binders and Binder Accessories,West,British Columbia,Small Business,34,289.53,46.97,0.08
2010-04-25,2010-04-01,Office Supplies,Pens & Art Supplies,West,British Columbia,Small Business,45,322.8,53.15,0.06
2011-03-03,2011-03-01,Technology,Computer Peripherals,West,British Columbia,Small Business,40,649.46,189.04,0.01
2012-11-09,2012-11-01,Office Supplies,"Scissors, Rulers and Trimmers",West,British Columbia,Home Office,19,200.41,-23.65,0.05
2011-04-11,2011-04-01,Furniture,Office Furnishings,West,British Columbia,Home Office,41,708.83,35.08,0.08
2012-02-07,2012-02-01,Furniture,Chairs & Chairmats,West,British Columbia,Small Business,6,1635.29,7.92,0.1
2012-02-07,2012-02-01,Technology,Computer Peripherals,West,British Columbia,Small Business,37,316.35,-52.18,0.01
2009-09-05,2009-09-01,Office Supplies,Paper,West,British Columbia,Home Office,33,194.09,-63.35,0.03
2009-05-26,2009-05-01,Office Supplies,Binders and Binder Accessories,West,British Columbia,Small Business,37,227.5,-256.52,0.01
2009-05-26,2009-05-01,Technology,Telephones and Communication,West,British Columbia,Small Business,21,2292.1015,398.36,0.02
2011-09-01,2011-09-01,Technology,Computer Peripherals,West,British Columbia,Home Office,24,206.34,-38.23,0.04
2010-11-22,2010-11-01,Technology,Computer Peripherals,West,British Columbia,Consumer,11,13.52,-27.66,0.03
2011-10-10,2011-10-01,Technology,Computer Peripherals,West,British Columbia,Small Business,4,20.25,-22.13,0.1
2011-10-10,2011-10-01,Office Supplies,Pens & Art Supplies,West,British Columbia,Small Business,22,52.62,-4.64,0.01
2011-08-23,2011-08-01,Office Supplies,Paper,West,British Columbia,Corporate,29,214.19,-40.56,0.0
2012-01-08,2012-01-01,Office Supplies,Binders and Binder Accessories,West,British Columbia,Corporate,41,198.29,-134.41,0.08
2010-04-09,2010-04-01,Technology,Copiers and Fax,West,British Columbia,Small Business,12,6034.68,-517.08,0.06
2012-08-17,2012-08-01,Office Supplies,Rubber Bands,West,British Columbia,Home Office,47,228.31,8.89,0.03
2009-10-06,2009-10-01,Office Supplies,Labels,West,British Columbia,Corporate,32,98.46,41.54,0.01
2009-10-06,2009-10-01,Technology,Telephones and Communication,West,British Columbia,Corporate,11,569.636,-173.25,0.0
2010-05-01,2010-05-01,Furniture,Office Furnishings,West,British Columbia,Small Business,18,314.96,153.48,0.1
2012-10-25,2012-10-01,Office Supplies,Binders and Binder Accessories,West,British Columbia,Small Business,40,120.15,11.32,0.0
2011-09-23,2011-09-01,Office Supplies,Appliances,West,British Columbia,Home Office,8,1058.82,211.73,0.02
2011-09-23,2011-09-01,Office Supplies,Paper,West,British Columbia,Home Office,14,92.07,-64.5,0.09
2011-06-08,2011-06-01,Office Supplies,Appliances,West,British Columbia,Small Business,24,1811.55,512.69,0.09
2011-06-08,2011-06-01,Office Supplies,Paper,West,British Columbia,Small Business,13,49.08,-0.31,0.06
2011-06-08,2011-06-01,Office Supplies,Paper,West,British Columbia,Small Business,36,236.19,-76.92,0.06
2011-06-08,2011-06-01,Office Supplies,Paper,West,British Columbia,Small Business,45,854.14,94.0,0.01
2011-06-08,2011-06-01,Office Supplies,Storage & Organization,West,British Columbia,Small Business,5,159.5,-57.98,0.09
2009-01-21,2009-01-01,Office Supplies,Paper,West,British Columbia,Corporate,4,33.44,-6.88,0.1
2010-02-20,2010-02-01,Technology,Office Machines,West,British Columbia,Home Office,21,6776.92,1395.02,0.0
2010-09-19,2010-09-01,Furniture,Bookcases,West,Alberta,Corporate,33,1640.9,-1348.06,0.02
2010-09-19,2010-09-01,Technology,Computer Peripherals,West,Alberta,Corporate,33,1235.87,269.27,0.07
2011-03-13,2011-03-01,Office Supplies,Rubber Bands,West,Alberta,Corporate,10,46.34,-7.76,0.05
2010-09-22,2010-09-01,Furniture,Chairs & Chairmats,West,Alberta,Small Business,26,2415.38,-1131.6,0.08
2009-03-30,2009-03-01,Office Supplies,Pens & Art Supplies,West,Alberta,Consumer,41,231.26,32.83,0.07
2009-03-30,2009-03-01,Technology,Computer Peripherals,West,Alberta,Consumer,23,987.17,51.59,0.01
2011-11-29,2011-11-01,Office Supplies,Binders and Binder Accessories,West,Alberta,Small Business,24,10094.43,4451.01,0.03
2009-05-04,2009-05-01,Office Supplies,Binders and Binder Accessories,West,Alberta,Corporate,35,179.45,-116.35,0.07
2009-05-04,2009-05-01,Furniture,Chairs & Chairmats,West,Alberta,Corporate,49,7987.43,1304.9,0.03
2009-05-04,2009-05-01,Technology,Telephones and Communication,West,Alberta,Corporate,42,2455.276,693.06,0.04
2011-04-11,2011-04-01,Technology,Telephones and Communication,West,Alberta,Home Office,44,2443.342,590.32,0.01
2010-04-11,2010-04-01,Office Supplies,Appliances,West,Alberta,Corporate,9,112.12,-8.45,0.01
2010-04-11,2010-04-01,Office Supplies,Binders and Binder Accessories,West,Alberta,Corporate,11,49.58,-47.02,0.1
2010-04-11,2010-04-01,Furniture,Chairs & Chairmats,West,Alberta,Corporate,16,1939.65,-885.73,0.05
2010-04-11,2010-04-01,Furniture,Office Furnishings,West,Alberta,Corporate,29,465.52,65.35,0.02
2010-02-10,2010-02-01,Office Supplies,Labels,West,Alberta,Small Business,3,19.47,-14.29,0.06
2010-12-05,2010-12-01,Office Supplies,Paper,West,Alberta,Consumer,1,28.96,-27.07,0.06
2010-03-20,2010-03-01,Office Supplies,Binders and Binder Accessories,West,Alberta,Corporate,35,1133.96,185.09,0.02
2011-08-18,2011-08-01,Technology,Telephones and Communication,West,Alberta,Small Business,44,2422.4405,568.18,0.03
2012-11-25,2012-11-01,Technology,Telephones and Communication,West,Alberta,Small Business,17,1954.796,98.35,0.05
2012-12-21,2012-12-01,Technology,Office Machines,West,Alberta,Small Business,17,2312.96,43.03,0.09
2012-12-10,2012-12-01,Office Supplies,Binders and Binder Accessories,West,Alberta,Home Office,29,538.27,225.2,0.02
2012-12-10,2012-12-01,Office Supplies,Binders and Binder Accessories,West,Alberta,Home Office,30,3665.41,1236.36,0.05
2012-12-10,2012-12-01,Office Supplies,Rubber Bands,West,Alberta,Home Office,14,20.95,2.81,0.0
2010-09-07,2010-09-01,Office Supplies,Envelopes,West,Alberta,Corporate,39,286.81,110.05,0.07
2009-03-12,2009-03-01,Technology,Telephones and Communication,West,Alberta,Small Business,39,1233.4775,453.8,0.01
2012-05-20,2012-05-01,Office Supplies,Paper,West,Alberta,Small Business,34,214.03,-138.92,0.02
2009-11-28,2009-11-01,Office Supplies,Paper,West,Alberta,Consumer,27,941.4,369.48,0.05
2012-03-29,2012-03-01,Office Supplies,Binders and Binder Accessories,West,Alberta,Small Business,23,109.43,21.77,0.09
2010-10-23,2010-10-01,Office Supplies,Paper,West,Alberta,Consumer,23,158.78,33.26,0.07
2011-08-21,2011-08-01,Technology,Computer Peripherals,West,Alberta,Small Business,33,249.48,-73.83,0.1
2011-09-22,2011-09-01,Technology,Computer Peripherals,West,Alberta,Corporate,23,6572.04,1579.34,0.06
2011-09-22,2011-09-01,Furniture,Tables,West,Alberta,Corporate,19,1051.992,-1280.6,0.09
2012-06-02,2012-06-01,Furniture,Chairs & Chairmats,West,Alberta,Corporate,28,2711.14,-307.86,0.01
2012-06-02,2012-06-01,Technology,Telephones and Communication,West,Alberta,Corporate,34,1829.8715,367.46,0.05
2011-12-15,2011-12-01,Office Supplies,Paper,West,Alberta,Consumer,39,231.21,-179.96,0.0
2010-09-12,2010-09-01,Office Supplies,Binders and Binder Accessories,West,Alberta,Consumer,1,28.75,-14.35,0.09
2010-09-12,2010-09-01,Technology,Office Machines,West,Alberta,Consumer,4,19014.24,-10263.66,0.06
2010-09-12,2010-09-01,Office Supplies,Pens & Art Supplies,West,Alberta,Consumer,46,385.05,56.75,0.0
2011-04-05,2011-04-01,Office Supplies,Rubber Bands,West,Alberta,Corporate,35,46.44,-16.3,0.06
2009-05-21,2009-05-01,Furniture,Chairs & Chairmats,West,Alberta,Consumer,20,4252.89,969.42,0.06
2010-09-15,2010-09-01,Technology,Office Machines,West,Alberta,Small Business,39,5740.32,1285.74,0.03
2010-10-03,2010-10-01,Office Supplies,Appliances,West,Alberta,Corporate,48,548.3,-47.92,0.09
2012-09-17,2012-09-01,Office Supplies,Storage & Organization,West,Alberta,Small Business,28,946.27,66.38,0.06
2010-02-12,2010-02-01,Furniture,Office Furnishings,West,Alberta,Small Business,47,396.78,-321.21,0.09
2012-10-19,2012-10-01,Furniture,Bookcases,West,Alberta,Small Business,12,769.17,-212.01,0.0
2012-10-19,2012-10-01,Technology,Copiers and Fax,West,Alberta,Small Business,18,7370.84,999.87,0.09
2011-10-13,2011-10-01,Office Supplies,Binders and Binder Accessories,West,Alberta,Corporate,25,388.71,36.43,0.01
2011-10-28,2011-10-01,Office Supplies,Binders and Binder Accessories,West,Alberta,Small Business,49,1515.0,219.04,0.08
2012-10-14,2012-10-01,Technology,Computer Peripherals,West,Alberta,Small Business,47,3413.69,175.24,0.06
2012-10-14,2012-10-01,Technology,Telephones and Communication,West,Alberta,Small Business,38,2939.6825,192.06,0.02
2012-11-01,2012-11-01,Furniture,Office Furnishings,West,Alberta,Corporate,45,1103.73,189.28,0.0
2010-02-15,2010-02-01,Office Supplies,Labels,West,Alberta,Corporate,31,86.1,32.7,0.06
2010-02-15,2010-02-01,Office Supplies,Storage & Organization,West,Alberta,Corporate,25,298.11,-60.79,0.08
2009-11-20,2009-11-01,Technology,Computer Peripherals,West,Alberta,Consumer,3,87.21,-96.54,0.02
2009-11-20,2009-11-01,Office Supplies,Paper,West,Alberta,Consumer,5,50.19,0.15,0.08
2012-09-18,2012-09-01,Office Supplies,Binders and Binder Accessories,West,Alberta,Home Office,50,762.2,16.57,0.07
2012-09-18,2012-09-01,Office Supplies,Paper,West,Alberta,Home Office,27,235.45,-8.82,0.06
2009-09-05,2009-09-01,Office Supplies,Pens & Art Supplies,West,Alberta,Corporate,39,132.79,-100.24,0.05
2009-09-05,2009-09-01,Office Supplies,Storage & Organization,West,Alberta,Corporate,32,232.85,-262.62,0.03
2010-06-05,2010-06-01,Office Supplies,Envelopes,West,Alberta,Small Business,39,893.29,256.16,0.08
2012-03-13,2012-03-01,Furniture,Bookcases,West,Alberta,Corporate,29,6483.26,341.98,0.09
2012-03-13,2012-03-01,Technology,Telephones and Communication,West,Alberta,Corporate,13,1446.207,29.56,0.02
2010-09-23,2010-09-01,Office Supplies,Envelopes,West,Alberta,Small Business,24,2048.78,994.68,0.05
2010-12-05,2010-12-01,Office Supplies,Labels,West,Alberta,Consumer,39,104.33,39.91,0.0
2009-12-08,2009-12-01,Office Supplies,Binders and Binder Accessories,West,Alberta,Corporate,27,3390.51,1169.71,0.05
2009-02-02,2009-02-01,Office Supplies,Rubber Bands,West,Alberta,Corporate,38,44.85,-0.49,0.02
2010-01-24,2010-01-01,Office Supplies,Paper,West,Alberta,Home Office,28,1581.23,760.79,0.03
2011-02-28,2011-02-01,Office Supplies,Pens & Art Supplies,West,Alberta,Corporate,9,19.2,-6.84,0.1
2011-10-21,2011-10-01,Furniture,Tables,West,Alberta,Corporate,25,6481.048,1760.11,0.05
2011-12-11,2011-12-01,Furniture,Chairs & Chairmats,West,Alberta,Consumer,38,5526.16,1263.98,0.03
2011-12-11,2011-12-01,Office Supplies,Paper,West,Alberta,Consumer,36,236.89,-86.3,0.04
2011-12-11,2011-12-01,Office Supplies,"Scissors, Rulers and Trimmers",West,Alberta,Consumer,33,68.42,-57.97,0.05
2010-12-15,2010-12-01,Technology,Telephones and Communication,West,Alberta,Consumer,35,4408.6695,1140.67,0.05
2010-06-15,2010-06-01,Office Supplies,Binders and Binder Accessories,West,Alberta,Home Office,29,146.68,-8.33,0.08
2009-01-14,2009-01-01,Furniture,Office Furnishings,West,Alberta,Corporate,29,577.89,-53.89,0.06
2009-01-14,2009-01-01,Technology,Office Machines,West,Alberta,Corporate,36,9920.85,2685.19,0.0
2009-01-14,2009-01-01,Furniture,Chairs & Chairmats,West,Alberta,Corporate,23,7484.31,1278.45,0.06
2010-09-03,2010-09-01,Technology,Computer Peripherals,West,Alberta,Corporate,7,733.36,-270.48,0.02
2012-07-09,2012-07-01,Office Supplies,Paper,West,Alberta,Small Business,36,198.1,-66.93,0.09
2012-01-07,2012-01-01,Office Supplies,Pens & Art Supplies,West,Alberta,Consumer,7,91.43,-42.98,0.0
2010-12-12,2010-12-01,Furniture,Bookcases,West,Alberta,Corporate,8,704.77,-298.9,0.01
2012-03-24,2012-03-01,Office Supplies,Appliances,West,Alberta,Small Business,50,1101.76,-204.22,0.07
2009-10-07,2009-10-01,Furniture,Office Furnishings,West,Alberta,Small Business,3,215.24,49.76,0.04
2009-10-07,2009-10-01,Technology,Telephones and Communication,West,Alberta,Small Business,12,654.874,-82.06,0.1
2010-07-29,2010-07-01,Office Supplies,Storage & Organization,West,Alberta,Consumer,31,5875.66,1856.12,0.02
2012-04-26,2012-04-01,Office Supplies,Storage & Organization,West,Alberta,Home Office,36,570.14,-90.72,0.03
2012-04-17,2012-04-01,Office Supplies,Binders and Binder Accessories,West,Alberta,Consumer,42,825.63,379.74,0.03
2009-02-16,2009-02-01,Office Supplies,Envelopes,West,Alberta,Home Office,15,180.39,-8.11,0.04
2010-08-18,2010-08-01,Office Supplies,Paper,West,Alberta,Corporate,14,102.04,-47.67,0.05
2011-11-18,2011-11-01,Technology,Computer Peripherals,West,Alberta,Small Business,29,1617.88,271.9,0.0
2010-10-25,2010-10-01,Furniture,Bookcases,West,Alberta,Consumer,31,3969.43,-796.51,0.1
2010-10-25,2010-10-01,Technology,Telephones and Communication,West,Alberta,Consumer,16,2882.707,303.23,0.02
2012-11-11,2012-11-01,Office Supplies,Binders and Binder Accessories,West,Alberta,Small Business,41,356.28,65.76,0.07
2011-11-28,2011-11-01,Office Supplies,Paper,West,Alberta,Corporate,1,54.22,-19.09,0.02
2011-11-28,2011-11-01,Office Supplies,Storage & Organization,West,Alberta,Corporate,4,431.11,-244.33,0.07
2009-09-05,2009-09-01,Technology,Telephones and Communication,West,Alberta,Home Office,43,3231.564,1166.09,0.03
2011-03-07,2011-03-01,Furniture,Tables,West,Alberta,Consumer,38,6230.68,835.46,0.09
2011-03-07,2011-03-01,Furniture,Tables,West,Alberta,Consumer,8,1391.816,-344.82,0.05
2010-10-26,2010-10-01,Office Supplies,Envelopes,West,Alberta,Home Office,38,1323.31,146.64,0.05
2012-01-02,2012-01-01,Technology,Copiers and Fax,West,Alberta,Small Business,38,7325.63,1899.23,0.04
2009-06-08,2009-06-01,Technology,Computer Peripherals,West,Alberta,Consumer,35,3439.39,1057.62,0.05
2009-06-08,2009-06-01,Office Supplies,Pens & Art Supplies,West,Alberta,Consumer,2,10.48,-5.65,0.02
2012-11-19,2012-11-01,Office Supplies,Binders and Binder Accessories,West,Alberta,Corporate,22,109.52,-73.35,0.09
2009-08-10,2009-08-01,Office Supplies,Paper,West,Alberta,Corporate,32,210.94,-94.59,0.08
2009-08-10,2009-08-01,Office Supplies,Storage & Organization,West,Alberta,Corporate,7,192.02,-293.74,0.09
2012-07-28,2012-07-01,Furniture,Office Furnishings,West,Alberta,Corporate,39,2650.77,-824.43,0.08
2011-11-02,2011-11-01,Furniture,Bookcases,West,Alberta,Small Business,19,1134.2,-351.51,0.08
2011-05-01,2011-05-01,Technology,Office Machines,West,Alberta,Corporate,22,1900.47,202.73,0.0
2011-05-01,2011-05-01,Office Supplies,Paper,West,Alberta,Corporate,33,205.52,-118.55,0.09
2011-10-20,2011-10-01,Furniture,Tables,West,Alberta,Consumer,3,545.88,-95.04,0.05
2012-10-11,2012-10-01,Furniture,Chairs & Chairmats,West,Alberta,Small Business,45,4042.96,-699.72,0.05
2011-01-31,2011-01-01,Office Supplies,Appliances,West,Alberta,Corporate,28,1262.75,422.23,0.07
2011-03-08,2011-03-01,Office Supplies,Binders and Binder Accessories,West,Alberta,Corporate,41,243.37,-106.42,0.01
2011-02-01,2011-02-01,Technology,Office Machines,West,Alberta,Small Business,14,730.33,110.77,0.1
2010-04-20,2010-04-01,Office Supplies,Pens & Art Supplies,West,Alberta,Small Business,9,54.79,-6.82,0.05
2010-04-20,2010-04-01,Technology,Computer Peripherals,West,Alberta,Corporate,49,7319.85,611.43,0.03
2010-04-20,2010-04-01,Office Supplies,Storage & Organization,West,Alberta,Corporate,28,707.44,-50.27,0.01
2009-03-12,2009-03-01,Technology,Computer Peripherals,West,Alberta,Small Business,15,1146.41,-88.61,0.0
2012-09-29,2012-09-01,Office Supplies,Paper,West,Alberta,Corporate,4,80.29,-6.57,0.03
2012-09-29,2012-09-01,Technology,Telephones and Communication,West,Alberta,Corporate,36,2628.9225,832.19,0.03
2011-04-06,2011-04-01,Office Supplies,Appliances,West,Alberta,Small Business,16,139.0,-96.33,0.05
2010-10-11,2010-10-01,Office Supplies,Appliances,West,Alberta,Small Business,28,430.13,2.33,0.02
2012-10-02,2012-10-01,Furniture,Chairs & Chairmats,West,Alberta,Small Business,42,4917.69,126.31,0.02
2012-10-02,2012-10-01,Office Supplies,Labels,West,Alberta,Small Business,32,416.8,223.38,0.01
2012-05-01,2012-05-01,Office Supplies,Appliances,West,Alberta,Corporate,16,2101.59,554.91,0.01
2012-05-20,2012-05-01,Furniture,Office Furnishings,West,Alberta,Home Office,32,251.51,-9.78,0.06
2011-11-19,2011-11-01,Office Supplies,Binders and Binder Accessories,West,Alberta,Small Business,1,3.2,-3.16,0.09
2010-08-18,2010-08-01,Office Supplies,Appliances,West,Alberta,Home Office,21,424.13,57.17,0.06
2010-08-18,2010-08-01,Office Supplies,Pens & Art Supplies,West,Alberta,Home Office,7,69.4,12.02,0.09
2009-08-01,2009-08-01,Furniture,Tables,West,Alberta,Small Business,26,10692.97,-410.39,0.05
2011-05-15,2011-05-01,Office Supplies,Appliances,West,Alberta,Small Business,38,1637.78,461.65,0.08
2011-05-15,2011-05-01,Office Supplies,Binders and Binder Accessories,West,Alberta,Small Business,23,193.84,-117.1,0.07
2012-07-03,2012-07-01,Technology,Telephones and Communication,West,Alberta,Corporate,48,1463.105,446.99,0.06
2012-07-03,2012-07-01,Office Supplies,Appliances,West,Alberta,Corporate,42,1085.4,262.32,0.02
2012-07-03,2012-07-01,Furniture,Office Furnishings,West,Alberta,Corporate,19,123.67,-34.17,0.03
2009-05-21,2009-05-01,Furniture,Office Furnishings,West,Alberta,Home Office,46,355.55,-166.74,0.03
2010-10-30,2010-10-01,Office Supplies,Paper,West,Alberta,Corporate,8,44.99,-40.43,0.06
2011-12-29,2011-12-01,Furniture,Office Furnishings,West,Alberta,Corporate,32,166.17,-22.74,0.01
2009-05-15,2009-05-01,Furniture,Office Furnishings,West,Alberta,Small Business,48,1286.87,384.38,0.05
2009-05-21,2009-05-01,Office Supplies,Rubber Bands,West,Alberta,Small Business,40,202.11,-17.49,0.08
2009-05-21,2009-05-01,Technology,Office Machines,West,Alberta,Small Business,49,630.99,-114.64,0.07
2009-10-17,2009-10-01,Office Supplies,Binders and Binder Accessories,West,Alberta,Home Office,23,103.5,-73.07,0.06
2009-10-17,2009-10-01,Technology,Office Machines,West,Alberta,Home Office,3,19707.2,-12558.0,0.04
2012-12-11,2012-12-01,Office Supplies,"Scissors, Rulers and Trimmers",West,Alberta,Home Office,10,135.77,0.53,0.05
2012-12-11,2012-12-01,Office Supplies,Storage & Organization,West,Alberta,Home Office,35,447.25,-15.92,0.08
2011-04-20,2011-04-01,Office Supplies,Paper,West,Alberta,Home Office,25,1387.29,405.64,0.03
2009-07-06,2009-07-01,Office Supplies,Paper,West,Alberta,Small Business,23,167.66,-15.48,0.01
2012-12-08,2012-12-01,Furniture,Chairs & Chairmats,West,Alberta,Home Office,5,1424.95,-517.83,0.09
2012-12-08,2012-12-01,Office Supplies,"Scissors, Rulers and Trimmers",West,Alberta,Home Office,29,321.5,20.31,0.03
2010-08-23,2010-08-01,Office Supplies,Pens & Art Supplies,West,Alberta,Small Business,38,827.83,-57.73,0.09
2011-05-20,2011-05-01,Office Supplies,Paper,West,Alberta,Home Office,16,101.14,-32.62,0.0
2011-07-12,2011-07-01,Technology,Computer Peripherals,West,Alberta,Home Office,30,139.08,-120.04,0.1
2011-07-12,2011-07-01,Office Supplies,Paper,West,Alberta,Home Office,9,75.28,-17.22,0.0
2010-04-30,2010-04-01,Office Supplies,Labels,West,Alberta,Consumer,17,517.98,-85.32,0.05
2011-08-23,2011-08-01,Furniture,Office Furnishings,West,Alberta,Consumer,45,4680.89,693.01,0.07
2011-08-23,2011-08-01,Technology,Telephones and Communication,West,Alberta,Consumer,42,2414.9945,624.71,0.01
2012-06-11,2012-06-01,Furniture,Bookcases,West,Alberta,Consumer,7,883.23,-404.36,0.09
2012-06-11,2012-06-01,Technology,Computer Peripherals,West,Alberta,Consumer,41,917.25,-103.75,0.01
2012-06-11,2012-06-01,Technology,Telephones and Communication,West,Alberta,Consumer,46,760.801,348.59,0.1
2011-01-29,2011-01-01,Office Supplies,Appliances,West,Alberta,Home Office,12,849.51,163.1,0.05
2011-01-29,2011-01-01,Office Supplies,Binders and Binder Accessories,West,Alberta,Home Office,38,189.49,-13.71,0.09
2009-02-08,2009-02-01,Technology,Computer Peripherals,West,Alberta,Corporate,47,714.46,-268.65,0.07
2010-10-09,2010-10-01,Office Supplies,Appliances,West,Alberta,Consumer,39,434.73,-12.2,0.03
2010-02-11,2010-02-01,Technology,Computer Peripherals,West,Alberta,Corporate,8,81.56,-7.23,0.08
2010-02-11,2010-02-01,Technology,Office Machines,West,Alberta,Corporate,41,2088.5,675.07,0.08
2010-02-11,2010-02-01,Office Supplies,Storage & Organization,West,Alberta,Corporate,34,2126.72,150.04,0.05
2010-02-11,2010-02-01,Furniture,Tables,West,Alberta,Corporate,26,3753.72,-556.25,0.05
2012-05-03,2012-05-01,Office Supplies,Pens & Art Supplies,West,Alberta,Corporate,9,26.09,-1.76,0.08
2012-09-10,2012-09-01,Office Supplies,Pens & Art Supplies,West,Alberta,Corporate,47,1406.49,332.52,0.02
2012-09-10,2012-09-01,Office Supplies,"Scissors, Rulers and Trimmers",West,Alberta,Corporate,49,587.71,26.28,0.09
2011-05-19,2011-05-01,Technology,Telephones and Communication,West,Alberta,Consumer,34,650.1395,22.57,0.0
2012-10-28,2012-10-01,Office Supplies,Binders and Binder Accessories,West,Alberta,Consumer,38,572.74,53.31,0.0
2012-05-06,2012-05-01,Office Supplies,Paper,West,Alberta,Home Office,46,446.06,161.32,0.01
2011-07-10,2011-07-01,Technology,Computer Peripherals,West,Alberta,Corporate,37,744.0,215.8,0.04
2011-07-10,2011-07-01,Technology,Telephones and Communication,West,Alberta,Corporate,12,388.8665,103.05,0.01
2010-10-29,2010-10-01,Furniture,Bookcases,West,Alberta,Home Office,30,3645.45,-765.5,0.04
2009-08-31,2009-08-01,Technology,Computer Peripherals,West,Alberta,Corporate,32,279.43,48.47,0.0
2009-08-31,2009-08-01,Office Supplies,Storage & Organization,West,Alberta,Corporate,5,515.22,-152.54,0.03
2012-05-19,2012-05-01,Office Supplies,Storage & Organization,West,Alberta,Consumer,47,1078.98,-1637.52,0.02
2011-05-27,2011-05-01,Office Supplies,Storage & Organization,West,Alberta,Home Office,20,211.42,-113.52,0.0
2010-05-21,2010-05-01,Office Supplies,Binders and Binder Accessories,West,Alberta,Home Office,50,390.46,-171.17,0.02
2010-05-21,2010-05-01,Office Supplies,Rubber Bands,West,Alberta,Home Office,43,113.43,24.27,0.02
2009-07-15,2009-07-01,Technology,Computer Peripherals,West,Alberta,Corporate,49,772.42,299.33,0.02
2009-07-15,2009-07-01,Technology,Telephones and Communication,West,Alberta,Corporate,3,221.4675,-302.23,0.0
2009-05-20,2009-05-01,Office Supplies,Binders and Binder Accessories,West,Alberta,Home Office,34,211.86,-239.32,0.01
2009-05-20,2009-05-01,Office Supplies,Paper,West,Alberta,Home Office,50,355.03,-33.31,0.0
2011-04-07,2011-04-01,Office Supplies,Paper,West,Alberta,Corporate,36,260.13,-133.98,0.0
2012-01-03,2012-01-01,Office Supplies,Envelopes,West,Alberta,Corporate,49,741.57,352.41,0.1
2012-01-03,2012-01-01,Office Supplies,Pens & Art Supplies,West,Alberta,Corporate,6,10.39,-3.24,0.1
2009-08-15,2009-08-01,Furniture,Bookcases,West,Alberta,Consumer,17,14665.15,2860.31,0.04
2009-08-15,2009-08-01,Furniture,Office Furnishings,West,Alberta,Consumer,24,324.97,113.98,0.07
2009-08-15,2009-08-01,Technology,Office Machines,West,Alberta,Consumer,27,451.52,-70.52,0.01
2010-04-28,2010-04-01,Office Supplies,Binders and Binder Accessories,West,Alberta,Home Office,42,2753.07,551.34,0.07
2009-04-30,2009-04-01,Office Supplies,Pens & Art Supplies,West,Alberta,Corporate,43,938.37,251.17,0.02
2009-01-07,2009-01-01,Office Supplies,Binders and Binder Accessories,West,Alberta,Consumer,46,737.25,-199.13,0.08
2012-11-15,2012-11-01,Office Supplies,Paper,West,Alberta,Consumer,37,692.15,150.38,0.09
2011-07-29,2011-07-01,Office Supplies,Pens & Art Supplies,West,Alberta,Consumer,31,143.85,34.14,0.1
2012-09-24,2012-09-01,Office Supplies,Pens & Art Supplies,West,Alberta,Home Office,41,112.6,0.49,0.1
2009-09-03,2009-09-01,Office Supplies,Envelopes,West,Alberta,Corporate,49,541.47,90.62,0.05
2009-03-15,2009-03-01,Furniture,Office Furnishings,West,Alberta,Home Office,6,93.73,51.14,0.03
2011-07-24,2011-07-01,Office Supplies,Appliances,West,Alberta,Consumer,16,597.44,108.3,0.09
2011-07-24,2011-07-01,Furniture,Office Furnishings,West,Alberta,Consumer,26,132.23,22.25,0.07
2011-07-24,2011-07-01,Technology,Telephones and Communication,West,Alberta,Consumer,22,2403.137,377.62,0.0
2011-07-24,2011-07-01,Technology,Telephones and Communication,West,Alberta,Consumer,48,5138.335,1422.2,0.02
2009-07-13,2009-07-01,Technology,Telephones and Communication,West,Alberta,Consumer,34,223.499,-122.13,0.06
2009-01-19,2009-01-01,Office Supplies,Pens & Art Supplies,West,Alberta,Consumer,41,108.15,7.57,0.09
2009-08-19,2009-08-01,Technology,Computer Peripherals,West,Alberta,Home Office,29,857.11,285.2,0.07
2009-08-19,2009-08-01,Office Supplies,Envelopes,West,Alberta,Home Office,11,69.6,6.46,0.0
2009-08-19,2009-08-01,Technology,Telephones and Communication,West,Alberta,Home Office,43,1279.505,384.2,0.1
2012-10-01,2012-10-01,Office Supplies,Paper,West,Alberta,Small Business,38,191.14,82.65,0.06
2009-05-03,2009-05-01,Furniture,Office Furnishings,West,Alberta,Consumer,27,216.95,-88.82,0.08
2010-04-07,2010-04-01,Office Supplies,Paper,West,Alberta,Small Business,13,88.38,-64.95,0.06
2012-10-21,2012-10-01,Furniture,Office Furnishings,West,Alberta,Home Office,35,182.86,-106.27,0.0
2010-10-24,2010-10-01,Office Supplies,Paper,West,Alberta,Corporate,19,137.84,34.31,0.06
2010-11-18,2010-11-01,Technology,Computer Peripherals,West,Alberta,Small Business,12,440.6,2.97,0.07
2010-11-18,2010-11-01,Office Supplies,Labels,West,Alberta,Small Business,37,109.9,48.52,0.09
2010-11-18,2010-11-01,Office Supplies,Storage & Organization,West,Alberta,Small Business,13,315.29,-361.82,0.0
2010-08-30,2010-08-01,Office Supplies,Binders and Binder Accessories,West,Alberta,Corporate,41,320.42,-66.37,0.03
2010-08-30,2010-08-01,Furniture,Office Furnishings,West,Alberta,Corporate,35,266.64,-36.76,0.07
2010-11-25,2010-11-01,Furniture,Office Furnishings,West,Alberta,Small Business,47,306.77,-102.06,0.03
2011-09-15,2011-09-01,Furniture,Office Furnishings,West,Alberta,Consumer,28,381.79,73.73,0.08
2011-09-15,2011-09-01,Technology,Telephones and Communication,West,Alberta,Consumer,10,1529.3115,-491.26,0.1
2010-09-04,2010-09-01,Office Supplies,Rubber Bands,West,Alberta,Corporate,47,270.32,-47.15,0.06
2010-04-15,2010-04-01,Office Supplies,Paper,West,Alberta,Small Business,31,260.77,-8.75,0.01
2010-04-15,2010-04-01,Technology,Telephones and Communication,West,Alberta,Small Business,18,2445.212,275.77,0.02
2010-04-15,2010-04-01,Technology,Telephones and Communication,West,Alberta,Small Business,14,1032.0275,97.4,0.07
2011-09-21,2011-09-01,Technology,Copiers and Fax,West,Alberta,Small Business,29,21046.74,5217.27,0.04
2010-07-04,2010-07-01,Office Supplies,Binders and Binder Accessories,West,Alberta,Home Office,40,1384.34,562.31,0.1
2012-09-25,2012-09-01,Office Supplies,Binders and Binder Accessories,West,Alberta,Consumer,26,362.76,19.36,0.09
2009-09-19,2009-09-01,Office Supplies,Labels,West,Alberta,Consumer,6,28.39,3.84,0.05
2009-05-22,2009-05-01,Furniture,Chairs & Chairmats,West,Alberta,Small Business,50,6277.75,-592.43,0.1
2009-05-22,2009-05-01,Technology,Computer Peripherals,West,Alberta,Small Business,19,360.24,-53.82,0.08
2012-11-15,2012-11-01,Office Supplies,Binders and Binder Accessories,West,Alberta,Home Office,3,18.91,-16.35,0.0
2012-11-15,2012-11-01,Furniture,Office Furnishings,West,Alberta,Home Office,7,685.7,350.94,0.01
2012-11-15,2012-11-01,Technology,Telephones and Communication,West,Alberta,Home Office,10,1024.165,-105.7,0.02
2011-01-28,2011-01-01,Office Supplies,Paper,West,Alberta,Consumer,17,201.72,-81.61,0.05
2012-10-20,2012-10-01,Office Supplies,Labels,West,Alberta,Small Business,18,56.41,11.92,0.02
2012-10-20,2012-10-01,Office Supplies,"Scissors, Rulers and Trimmers",West,Alberta,Small Business,39,147.71,-30.25,0.0
2012-10-20,2012-10-01,Technology,Computer Peripherals,West,Alberta,Small Business,39,1678.34,670.11,0.05
2010-09-05,2010-09-01,Technology,Computer Peripherals,West,Alberta,Home Office,26,139.61,-92.04,0.01
2011-02-10,2011-02-01,Technology,Telephones and Communication,West,Alberta,Small Business,48,2174.419,-211.7,0.05
2012-07-16,2012-07-01,Office Supplies,Pens & Art Supplies,West,Alberta,Small Business,23,65.91,0.76,0.01
2012-07-16,2012-07-01,Office Supplies,Storage & Organization,West,Alberta,Small Business,4,72.72,-36.61,0.06
2010-07-28,2010-07-01,Office Supplies,Envelopes,West,Alberta,Corporate,1,15.0,-13.74,0.1
2011-12-18,2011-12-01,Office Supplies,Paper,West,Alberta,Home Office,14,138.95,9.63,0.04
2011-12-18,2011-12-01,Technology,Telephones and Communication,West,Alberta,Home Office,42,5678.5525,1727.78,0.01
2012-11-24,2012-11-01,Furniture,Chairs & Chairmats,West,Alberta,Home Office,45,4475.0,-1523.77,0.02
2012-11-24,2012-11-01,Office Supplies,Paper,West,Alberta,Home Office,29,168.2,-64.53,0.08
2010-09-28,2010-09-01,Technology,Computer Peripherals,West,Alberta,Small Business,15,609.97,62.93,0.0
2010-01-18,2010-01-01,Office Supplies,Binders and Binder Accessories,West,Alberta,Home Office,29,264.78,53.05,0.02
2011-09-28,2011-09-01,Office Supplies,Pens & Art Supplies,West,Alberta,Small Business,40,825.8,183.48,0.1
2011-09-28,2011-09-01,Office Supplies,Envelopes,West,Alberta,Small Business,49,4273.95,1340.07,0.05
2011-06-17,2011-06-01,Furniture,Chairs & Chairmats,West,Alberta,Corporate,40,5264.48,-284.06,0.03
2010-04-20,2010-04-01,Technology,Telephones and Communication,West,Alberta,Small Business,17,1873.349,194.21,0.02
2010-04-20,2010-04-01,Furniture,Chairs & Chairmats,West,Alberta,Small Business,46,24639.8,8614.79,0.01
2010-04-20,2010-04-01,Office Supplies,Paper,West,Alberta,Small Business,32,921.3,353.16,0.09
2012-02-19,2012-02-01,Office Supplies,Labels,West,Alberta,Corporate,50,512.33,250.66,0.01
2012-08-16,2012-08-01,Technology,Telephones and Communication,West,Alberta,Small Business,23,1267.4605,128.79,0.05
2012-02-23,2012-02-01,Furniture,Chairs & Chairmats,West,Alberta,Consumer,32,16313.51,4860.73,0.04
2012-02-23,2012-02-01,Office Supplies,Envelopes,West,Alberta,Consumer,29,337.38,-5.45,0.04
2012-12-29,2012-12-01,Office Supplies,Appliances,West,Alberta,Corporate,45,178.7,-164.92,0.07
2011-04-22,2011-04-01,Furniture,Office Furnishings,West,Alberta,Home Office,50,2437.67,25.68,0.08
2012-10-28,2012-10-01,Technology,Office Machines,West,Alberta,Small Business,50,4648.52,1676.7,0.1
2009-08-21,2009-08-01,Furniture,Chairs & Chairmats,West,Alberta,Small Business,33,3537.84,-80.86,0.0
2009-08-21,2009-08-01,Office Supplies,Storage & Organization,West,Alberta,Small Business,43,2221.2,-1127.22,0.01
2010-11-17,2010-11-01,Office Supplies,Appliances,West,Alberta,Consumer,39,9362.73,2766.29,0.0
2010-11-17,2010-11-01,Office Supplies,Labels,West,Alberta,Consumer,37,125.33,58.5,0.06
2009-08-06,2009-08-01,Technology,Telephones and Communication,West,Alberta,Home Office,46,1219.2485,132.79,0.01
2010-08-23,2010-08-01,Office Supplies,Envelopes,West,Alberta,Small Business,26,148.12,-51.62,0.08
2010-11-08,2010-11-01,Office Supplies,Envelopes,West,Alberta,Small Business,43,634.38,272.4,0.09
2010-11-08,2010-11-01,Technology,Office Machines,West,Alberta,Small Business,39,5196.19,2052.13,0.1
2010-11-08,2010-11-01,Office Supplies,Paper,West,Alberta,Small Business,7,50.47,-31.7,0.08
2012-02-23,2012-02-01,Furniture,Tables,West,Alberta,Consumer,48,4046.25,-1296.93,0.09
2012-01-12,2012-01-01,Office Supplies,Binders and Binder Accessories,West,Alberta,Small Business,2,21.07,-10.43,0.0
2012-01-12,2012-01-01,Furniture,Office Furnishings,West,Alberta,Small Business,20,430.41,-1.55,0.08
2011-09-10,2011-09-01,Furniture,Chairs & Chairmats,West,Alberta,Corporate,3,160.52,-69.66,0.08
2012-01-08,2012-01-01,Furniture,Office Furnishings,West,Alberta,Corporate,15,243.52,-59.64,0.01
2012-01-08,2012-01-01,Furniture,Tables,West,Alberta,Corporate,14,3849.8,192.2,0.04
2010-11-01,2010-11-01,Office Supplies,Pens & Art Supplies,West,Alberta,Small Business,38,235.15,12.7,0.03
2011-07-21,2011-07-01,Furniture,Bookcases,West,Alberta,Home Office,29,4203.88,-865.88,0.1
2009-07-20,2009-07-01,Office Supplies,Binders and Binder Accessories,West,Alberta,Corporate,30,221.05,-66.38,0.02
2011-06-02,2011-06-01,Office Supplies,Paper,West,Alberta,Small Business,26,173.78,-96.26,0.06
2011-06-02,2011-06-01,Office Supplies,Rubber Bands,West,Alberta,Small Business,22,41.18,-0.64,0.07
2012-05-02,2012-05-01,Office Supplies,Binders and Binder Accessories,West,Alberta,Small Business,3,18.97,-7.79,0.05
2012-05-02,2012-05-01,Office Supplies,Storage & Organization,West,Alberta,Small Business,47,744.64,31.93,0.0
2012-12-04,2012-12-01,Office Supplies,Binders and Binder Accessories,West,Alberta,Corporate,35,128.12,-135.6,0.08
2012-12-04,2012-12-01,Furniture,Office Furnishings,West,Alberta,Corporate,25,165.62,-64.72,0.03
2012-12-04,2012-12-01,Furniture,Office Furnishings,West,Alberta,Corporate,41,214.23,-165.42,0.01
2012-12-04,2012-12-01,Office Supplies,Paper,West,Alberta,Corporate,41,214.19,-66.06,0.05
2011-11-02,2011-11-01,Technology,Telephones and Communication,West,Alberta,Home Office,46,2484.7455,657.48,0.1
2012-04-04,2012-04-01,Furniture,Office Furnishings,West,Alberta,Corporate,49,329.03,-197.25,0.1
2012-04-04,2012-04-01,Office Supplies,"Scissors, Rulers and Trimmers",West,Alberta,Corporate,6,20.19,-13.44,0.04
2012-03-02,2012-03-01,Furniture,Tables,West,Alberta,Corporate,50,7666.04,-1820.84,0.02
2011-12-03,2011-12-01,Office Supplies,Appliances,West,Alberta,Small Business,17,126.57,-752.13,0.03
2012-06-02,2012-06-01,Furniture,Bookcases,West,Alberta,Home Office,19,1406.15,-379.1,0.04
2010-02-20,2010-02-01,Office Supplies,Binders and Binder Accessories,West,Alberta,Corporate,30,1187.55,532.61,0.0
2010-01-10,2010-01-01,Technology,Computer Peripherals,West,Alberta,Corporate,40,827.27,-170.87,0.05
2012-03-24,2012-03-01,Office Supplies,Paper,West,Alberta,Small Business,7,59.99,-13.78,0.1
2009-05-04,2009-05-01,Furniture,Chairs & Chairmats,West,Alberta,Corporate,39,10656.26,3116.54,0.06
2009-05-04,2009-05-01,Furniture,Office Furnishings,West,Alberta,Corporate,2,17.06,-5.2,0.09
2010-06-19,2010-06-01,Office Supplies,Binders and Binder Accessories,West,Alberta,Corporate,21,91.15,-71.54,0.03
2010-06-19,2010-06-01,Office Supplies,Labels,West,Alberta,Corporate,46,171.48,66.13,0.1
2010-06-19,2010-06-01,Technology,Telephones and Communication,West,Alberta,Corporate,9,162.1545,-73.74,0.08
2012-05-12,2012-05-01,Office Supplies,Paper,West,Alberta,Consumer,8,54.43,-31.63,0.08
2012-05-12,2012-05-01,Office Supplies,Pens & Art Supplies,West,Alberta,Consumer,47,124.94,-2.4,0.1
2012-05-12,2012-05-01,Office Supplies,Rubber Bands,West,Alberta,Consumer,30,78.46,18.57,0.05
2009-09-19,2009-09-01,Technology,Computer Peripherals,West,Alberta,Small Business,30,920.0,-45.07,0.08
2009-09-19,2009-09-01,Office Supplies,Appliances,West,Alberta,Small Business,7,104.2,-8.53,0.05
2009-09-19,2009-09-01,Technology,Copiers and Fax,West,Alberta,Small Business,11,3563.88,285.95,0.0
2012-07-13,2012-07-01,Office Supplies,Appliances,West,Alberta,Small Business,48,2531.66,354.74,0.02
2012-07-13,2012-07-01,Technology,Telephones and Communication,West,Alberta,Small Business,29,5382.3105,1419.05,0.0
2011-08-11,2011-08-01,Office Supplies,Paper,West,Alberta,Corporate,30,199.11,-83.33,0.01
2010-04-16,2010-04-01,Technology,Copiers and Fax,West,Alberta,Small Business,47,19224.92,6635.15,0.1
2010-04-16,2010-04-01,Furniture,Office Furnishings,West,Alberta,Small Business,39,778.62,247.24,0.0
2012-02-01,2012-02-01,Office Supplies,Storage & Organization,West,Alberta,Small Business,27,869.78,43.36,0.1
2012-02-01,2012-02-01,Furniture,Tables,West,Alberta,Small Business,11,2503.008,-298.62,0.1
2010-05-27,2010-05-01,Office Supplies,Labels,West,Alberta,Corporate,47,298.3,146.72,0.08
2009-01-03,2009-01-01,Office Supplies,Pens & Art Supplies,West,Alberta,Home Office,29,122.23,24.55,0.03
2009-06-04,2009-06-01,Technology,Telephones and Communication,West,Alberta,Corporate,13,1289.127,-16.34,0.06
2010-05-19,2010-05-01,Office Supplies,Pens & Art Supplies,West,Alberta,Small Business,46,176.5,-119.35,0.01
2010-05-19,2010-05-01,Office Supplies,Storage & Organization,West,Alberta,Small Business,42,1546.8,25.51,0.07
2010-05-19,2010-05-01,Furniture,Tables,West,Alberta,Small Business,35,3457.56,-365.44,0.02
2010-09-05,2010-09-01,Furniture,Chairs & Chairmats,West,Alberta,Corporate,47,1124.3,-335.22,0.1
2010-09-05,2010-09-01,Office Supplies,Labels,West,Alberta,Corporate,11,43.57,6.7,0.09
2010-09-05,2010-09-01,Technology,Telephones and Communication,West,Alberta,Corporate,23,2610.894,516.19,0.0
2011-02-19,2011-02-01,Office Supplies,Binders and Binder Accessories,West,Alberta,Corporate,15,110.15,13.91,0.02
2011-02-19,2011-02-01,Furniture,Chairs & Chairmats,West,Alberta,Corporate,13,3335.27,539.69,0.03
2009-09-12,2009-09-01,Technology,Telephones and Communication,West,Alberta,Corporate,48,8374.132,2568.1,0.06
2010-02-06,2010-02-01,Furniture,Chairs & Chairmats,West,Alberta,Small Business,27,5149.06,605.44,0.03
2010-05-14,2010-05-01,Office Supplies,Rubber Bands,West,Alberta,Home Office,41,73.36,-94.95,0.09
2010-05-14,2010-05-01,Technology,Telephones and Communication,West,Alberta,Home Office,33,3630.146,951.68,0.04
2010-05-29,2010-05-01,Furniture,Office Furnishings,West,Alberta,Small Business,20,2213.92,768.34,0.03
2010-12-01,2010-12-01,Furniture,Office Furnishings,West,Alberta,Small Business,5,118.06,2.63,0.05
2009-04-04,2009-04-01,Office Supplies,Labels,West,Alberta,Home Office,47,228.46,112.06,0.01
2009-04-04,2009-04-01,Office Supplies,Paper,West,Alberta,Home Office,19,77.61,16.79,0.09
2012-07-11,2012-07-01,Furniture,Tables,West,Alberta,Corporate,9,1137.62,-284.68,0.05
2011-12-02,2011-12-01,Technology,Telephones and Communication,West,Alberta,Corporate,31,953.0455,298.47,0.02
2011-02-09,2011-02-01,Technology,Computer Peripherals,West,Alberta,Small Business,50,1444.96,-6.34,0.09
2011-02-09,2011-02-01,Technology,Telephones and Communication,West,Alberta,Small Business,10,941.6215,-186.67,0.01
2012-12-26,2012-12-01,Office Supplies,Labels,West,Alberta,Home Office,38,95.71,32.81,0.04
2011-09-04,2011-09-01,Technology,Copiers and Fax,West,Alberta,Small Business,47,21555.6,8965.83,0.02
2009-06-24,2009-06-01,Office Supplies,Envelopes,West,Alberta,Consumer,37,347.84,-99.25,0.0
2012-11-30,2012-11-01,Office Supplies,Appliances,West,Alberta,Corporate,3,212.91,-65.15,0.0
2012-11-30,2012-11-01,Office Supplies,Paper,West,Alberta,Corporate,35,1275.61,517.33,0.08
2012-11-30,2012-11-01,Technology,Office Machines,West,Alberta,Corporate,3,5972.59,-4852.53,0.06
2011-04-09,2011-04-01,Office Supplies,Binders and Binder Accessories,West,Alberta,Small Business,29,60.68,-115.71,0.09
2011-04-09,2011-04-01,Technology,Telephones and Communication,West,Alberta,Small Business,37,1129.055,337.73,0.05
2012-09-24,2012-09-01,Office Supplies,"Scissors, Rulers and Trimmers",West,Alberta,Home Office,34,210.24,-31.67,0.0
2010-04-02,2010-04-01,Furniture,Tables,West,Alberta,Home Office,3,1358.776,-163.2,0.01
2012-05-08,2012-05-01,Technology,Computer Peripherals,West,Alberta,Corporate,16,372.09,98.28,0.04
2012-05-28,2012-05-01,Technology,Telephones and Communication,West,Alberta,Small Business,22,1239.4445,165.5,0.07
2010-09-17,2010-09-01,Office Supplies,Binders and Binder Accessories,West,Alberta,Home Office,19,116.22,26.89,0.01
2010-10-06,2010-10-01,Office Supplies,Paper,West,Alberta,Corporate,33,292.75,93.33,0.08
2012-04-24,2012-04-01,Technology,Office Machines,West,Alberta,Home Office,13,1191.73,147.6,0.07
2012-10-31,2012-10-01,Office Supplies,Pens & Art Supplies,West,Alberta,Home Office,44,192.78,4.59,0.06
2010-09-20,2010-09-01,Office Supplies,Appliances,West,Alberta,Corporate,37,321.02,-11.88,0.1
2011-08-09,2011-08-01,Office Supplies,Binders and Binder Accessories,West,Alberta,Corporate,17,42.29,-85.27,0.06
2011-03-30,2011-03-01,Technology,Telephones and Communication,West,Alberta,Small Business,42,4091.152,1303.92,0.05
2011-03-05,2011-03-01,Office Supplies,Envelopes,West,Alberta,Corporate,23,862.64,122.11,0.04
2012-08-07,2012-08-01,Technology,Office Machines,West,Alberta,Small Business,44,23775.56,7080.99,0.03
2012-03-28,2012-03-01,Office Supplies,Paper,West,Alberta,Corporate,43,337.01,147.2,0.05
2012-03-28,2012-03-01,Technology,Telephones and Communication,West,Alberta,Corporate,50,6093.242,1174.38,0.09
2010-12-04,2010-12-01,Furniture,Office Furnishings,West,Alberta,Consumer,3,87.09,-42.73,0.1
2010-12-04,2010-12-01,Office Supplies,Paper,West,Alberta,Consumer,42,196.1,71.65,0.07
2011-06-29,2011-06-01,Office Supplies,Binders and Binder Accessories,West,Alberta,Home Office,1,11.08,-9.69,0.09
2009-05-13,2009-05-01,Furniture,Office Furnishings,West,Alberta,Home Office,43,2438.7,-1413.18,0.0
2010-12-31,2010-12-01,Office Supplies,Paper,West,Alberta,Small Business,26,299.11,40.03,0.05
2010-06-22,2010-06-01,Technology,Telephones and Communication,West,Alberta,Consumer,4,268.7105,-337.66,0.09
2010-01-03,2010-01-01,Furniture,Bookcases,West,Alberta,Consumer,33,28389.14,7132.18,0.07
2009-07-31,2009-07-01,Office Supplies,Binders and Binder Accessories,West,Alberta,Consumer,5,142.3,-24.18,0.03
2009-07-31,2009-07-01,Office Supplies,Binders and Binder Accessories,West,Alberta,Consumer,8,21.93,-37.79,0.09
2009-07-31,2009-07-01,Technology,Office Machines,West,Alberta,Consumer,35,26095.13,12606.81,0.03
2009-07-31,2009-07-01,Office Supplies,Paper,West,Alberta,Consumer,10,75.58,-43.26,0.0
2009-07-31,2009-07-01,Office Supplies,"Scissors, Rulers and Trimmers",West,Alberta,Consumer,42,477.53,51.17,0.03
2011-10-02,2011-10-01,Furniture,Chairs & Chairmats,West,Alberta,Corporate,40,7789.63,1774.53,0.08
2011-10-02,2011-10-01,Technology,Office Machines,West,Alberta,Corporate,20,15703.82,3055.72,0.06
2011-10-02,2011-10-01,Office Supplies,Rubber Bands,West,Alberta,Corporate,31,140.69,-14.54,0.06
2009-06-12,2009-06-01,Technology,Copiers and Fax,West,Alberta,Corporate,12,5177.4,287.5,0.06
2012-03-20,2012-03-01,Office Supplies,Pens & Art Supplies,West,Alberta,Home Office,42,243.06,-1.57,0.02
2010-06-07,2010-06-01,Office Supplies,Paper,West,Alberta,Small Business,19,141.96,38.43,0.05
2012-10-18,2012-10-01,Office Supplies,Paper,West,Alberta,Corporate,39,239.4,-57.37,0.07
2010-12-26,2010-12-01,Office Supplies,Pens & Art Supplies,West,Alberta,Home Office,5,21.32,2.2,0.08
2010-12-26,2010-12-01,Office Supplies,Pens & Art Supplies,West,Alberta,Home Office,42,457.51,-183.75,0.1
2011-07-29,2011-07-01,Office Supplies,Binders and Binder Accessories,West,Alberta,Small Business,13,589.78,225.26,0.0
2012-02-18,2012-02-01,Technology,Telephones and Communication,West,Alberta,Small Business,4,159.256,-171.17,0.03
2012-07-21,2012-07-01,Furniture,Office Furnishings,West,Alberta,Small Business,10,628.73,-181.87,0.02
2012-07-21,2012-07-01,Office Supplies,Storage & Organization,West,Alberta,Small Business,23,385.81,7.35,0.01
2010-08-31,2010-08-01,Office Supplies,Paper,West,Alberta,Small Business,40,271.34,-151.92,0.05
2011-05-03,2011-05-01,Office Supplies,Paper,West,Alberta,Home Office,47,1488.86,-95.05,0.03
2010-06-30,2010-06-01,Office Supplies,Paper,West,Alberta,Corporate,26,1050.16,265.09,0.04
2009-06-30,2009-06-01,Technology,Computer Peripherals,West,Alberta,Small Business,42,344.57,37.41,0.04
2009-07-13,2009-07-01,Technology,Telephones and Communication,West,Alberta,Consumer,47,4815.862,1316.79,0.08
2010-01-12,2010-01-01,Office Supplies,Appliances,West,Alberta,Home Office,15,1057.06,-403.74,0.08
2010-09-21,2010-09-01,Furniture,Bookcases,West,Alberta,Corporate,21,2251.56,226.63,0.01
2012-08-16,2012-08-01,Office Supplies,Pens & Art Supplies,West,Alberta,Home Office,26,95.26,-89.06,0.02
2009-12-22,2009-12-01,Technology,Office Machines,West,Alberta,Small Business,7,1120.86,17.4,0.02
2009-12-22,2009-12-01,Office Supplies,Paper,West,Alberta,Small Business,2,11.51,-5.16,0.1
2009-12-22,2009-12-01,Furniture,Tables,West,Alberta,Small Business,45,6668.856,871.97,0.01
2010-06-23,2010-06-01,Office Supplies,Appliances,West,Alberta,Corporate,39,8407.08,629.4,0.04
2009-07-20,2009-07-01,Technology,Telephones and Communication,West,Alberta,Corporate,26,2546.5235,210.0,0.09
2011-12-07,2011-12-01,Office Supplies,Binders and Binder Accessories,West,Alberta,Small Business,45,341.39,-82.95,0.03
2012-08-29,2012-08-01,Office Supplies,Labels,West,Alberta,Small Business,32,153.98,71.6,0.02
2012-04-29,2012-04-01,Furniture,Office Furnishings,West,Alberta,Corporate,1,11.64,-10.73,0.05
2011-08-05,2011-08-01,Office Supplies,Pens & Art Supplies,West,Alberta,Consumer,22,79.04,-77.93,0.05
2010-03-14,2010-03-01,Furniture,Tables,West,Alberta,Home Office,24,1457.712,-1565.89,0.03
2012-05-20,2012-05-01,Technology,Computer Peripherals,West,Alberta,Consumer,1,9.7,-18.03,0.02
2009-10-24,2009-10-01,Office Supplies,Binders and Binder Accessories,West,Alberta,Consumer,25,378.9,28.46,0.02
2009-10-24,2009-10-01,Office Supplies,Pens & Art Supplies,West,Alberta,Consumer,50,264.05,25.05,0.07
2012-05-30,2012-05-01,Furniture,Office Furnishings,West,Alberta,Corporate,43,447.12,-14.27,0.08
2009-02-22,2009-02-01,Office Supplies,Pens & Art Supplies,West,Alberta,Corporate,50,1633.37,144.69,0.08
2012-05-04,2012-05-01,Office Supplies,Labels,West,Alberta,Consumer,5,14.61,1.17,0.03
2012-05-04,2012-05-01,Technology,Telephones and Communication,West,Alberta,Consumer,4,665.7625,-773.34,0.03
2009-03-27,2009-03-01,Technology,Office Machines,West,Alberta,Corporate,7,140.59,-35.88,0.01
2009-06-15,2009-06-01,Office Supplies,Binders and Binder Accessories,West,Alberta,Corporate,35,157.99,-105.55,0.03
2009-06-15,2009-06-01,Office Supplies,Pens & Art Supplies,West,Alberta,Corporate,48,141.59,20.26,0.04
2011-04-16,2011-04-01,Office Supplies,Appliances,West,Alberta,Home Office,19,217.69,-11.66,0.09
2012-05-27,2012-05-01,Office Supplies,Pens & Art Supplies,West,Alberta,Consumer,37,95.43,-103.96,0.06
2011-11-21,2011-11-01,Office Supplies,Binders and Binder Accessories,West,Alberta,Home Office,33,125.27,-105.83,0.07
2012-08-09,2012-08-01,Technology,Office Machines,West,Alberta,Corporate,30,10994.74,3612.58,0.09
2011-07-08,2011-07-01,Office Supplies,Storage & Organization,West,Alberta,Corporate,17,135.38,-71.12,0.05
2011-05-07,2011-05-01,Technology,Computer Peripherals,West,Alberta,Corporate,16,1313.64,284.84,0.05
2010-01-23,2010-01-01,Technology,Telephones and Communication,West,Alberta,Home Office,47,4524.907,1464.87,0.07
2012-08-22,2012-08-01,Office Supplies,Paper,West,Alberta,Corporate,43,283.18,-154.95,0.03
2010-08-21,2010-08-01,Furniture,Tables,West,Alberta,Corporate,31,951.31,-1099.46,0.08
2012-09-13,2012-09-01,Office Supplies,Appliances,West,Alberta,Consumer,25,1458.83,392.76,0.05
2009-08-16,2009-08-01,Furniture,Chairs & Chairmats,West,Alberta,Corporate,17,1210.72,-382.43,0.05
2009-08-16,2009-08-01,Office Supplies,Paper,West,Alberta,Corporate,18,93.26,-35.36,0.05
2009-12-18,2009-12-01,Technology,Computer Peripherals,West,Alberta,Consumer,15,437.87,-111.94,0.09
2012-10-13,2012-10-01,Furniture,Office Furnishings,West,Alberta,Home Office,43,2387.61,527.13,0.01
2012-02-27,2012-02-01,Technology,Telephones and Communication,West,Alberta,Home Office,36,1921.1275,248.58,0.08
2011-07-16,2011-07-01,Office Supplies,Storage & Organization,West,Alberta,Small Business,2,423.04,-270.7,0.05
2011-07-16,2011-07-01,Technology,Telephones and Communication,West,Alberta,Small Business,20,2197.4115,305.96,0.0
2010-08-31,2010-08-01,Office Supplies,"Scissors, Rulers and Trimmers",West,Alberta,Consumer,37,366.84,-50.1,0.08
2011-11-27,2011-11-01,Technology,Office Machines,West,Alberta,Small Business,3,21366.51,-11984.4,0.0
2011-11-27,2011-11-01,Office Supplies,Paper,West,Alberta,Small Business,34,320.04,32.47,0.02
2011-11-27,2011-11-01,Office Supplies,Paper,West,Alberta,Small Business,12,88.57,-28.25,0.03
2011-11-27,2011-11-01,Office Supplies,Paper,West,Alberta,Small Business,13,73.97,-38.35,0.1
2011-01-26,2011-01-01,Office Supplies,Binders and Binder Accessories,West,Alberta,Corporate,19,92.24,-60.58,0.05
2011-04-15,2011-04-01,Office Supplies,Paper,West,Alberta,Consumer,4,31.14,-14.59,0.08
2010-04-11,2010-04-01,Office Supplies,Pens & Art Supplies,West,Alberta,Home Office,8,30.17,-22.84,0.04
2010-04-11,2010-04-01,Technology,Telephones and Communication,West,Alberta,Home Office,25,1158.601,-155.3,0.1
2011-10-08,2011-10-01,Office Supplies,Appliances,West,Alberta,Consumer,35,1477.63,387.56,0.04
2011-10-08,2011-10-01,Office Supplies,Labels,West,Alberta,Consumer,3,19.46,-2.01,0.01
2011-10-08,2011-10-01,Office Supplies,Pens & Art Supplies,West,Alberta,Consumer,22,148.8,52.08,0.04
2011-08-26,2011-08-01,Office Supplies,Paper,West,Alberta,Small Business,35,1131.15,433.87,0.03
2011-02-24,2011-02-01,Office Supplies,Paper,West,Alberta,Home Office,7,170.02,-56.1,0.07
2012-01-04,2012-01-01,Office Supplies,Pens & Art Supplies,West,Alberta,Small Business,48,452.28,-21.0,0.09
2012-01-04,2012-01-01,Office Supplies,Pens & Art Supplies,West,Alberta,Small Business,18,55.82,14.19,0.01
2009-11-16,2009-11-01,Furniture,Tables,West,Alberta,Corporate,3,246.2,-184.16,0.04
2012-10-14,2012-10-01,Office Supplies,Envelopes,West,Alberta,Corporate,10,55.66,8.82,0.09
2009-08-11,2009-08-01,Office Supplies,Paper,West,Alberta,Home Office,3,119.9,-14.47,0.03
2011-09-26,2011-09-01,Technology,Computer Peripherals,West,Alberta,Home Office,22,205.88,20.68,0.08
2009-12-28,2009-12-01,Technology,Computer Peripherals,West,Alberta,Small Business,9,266.27,-5.7,0.02
2009-12-28,2009-12-01,Office Supplies,Pens & Art Supplies,West,Alberta,Small Business,10,38.44,-26.19,0.01
2009-04-09,2009-04-01,Technology,Computer Peripherals,West,Alberta,Home Office,46,99.94,-55.84,0.07
2009-04-09,2009-04-01,Office Supplies,Pens & Art Supplies,West,Alberta,Home Office,11,18.7,-3.36,0.07
2012-03-07,2012-03-01,Office Supplies,Paper,West,Alberta,Consumer,25,167.23,-43.17,0.05
2009-12-18,2009-12-01,Furniture,Tables,West,Alberta,Corporate,30,3659.66,-500.38,0.08
2012-04-18,2012-04-01,Office Supplies,Paper,West,Alberta,Corporate,7,53.46,-17.58,0.02
2010-04-26,2010-04-01,Office Supplies,Storage & Organization,West,Alberta,Consumer,43,17129.97,5616.08,0.07
2009-08-21,2009-08-01,Technology,Office Machines,West,Alberta,Corporate,14,24105.87,4073.25,0.07
2010-12-17,2010-12-01,Office Supplies,Paper,West,Alberta,Corporate,50,881.65,41.27,0.08
2012-06-02,2012-06-01,Technology,Telephones and Communication,West,Alberta,Consumer,33,584.511,-95.98,0.05
2012-02-12,2012-02-01,Furniture,Office Furnishings,West,Alberta,Corporate,43,639.71,102.53,0.01
2011-02-21,2011-02-01,Technology,Telephones and Communication,West,Alberta,Corporate,7,525.555,-60.67,0.04
2011-02-21,2011-02-01,Technology,Telephones and Communication,West,Alberta,Corporate,39,276.029,-108.19,0.05
2011-02-21,2011-02-01,Technology,Telephones and Communication,West,Alberta,Corporate,1,187.204,-796.76,0.01
2010-10-02,2010-10-01,Office Supplies,Binders and Binder Accessories,West,Alberta,Small Business,23,193.79,-117.16,0.02
2012-02-19,2012-02-01,Office Supplies,Pens & Art Supplies,West,Alberta,Consumer,12,56.73,8.33,0.09
2012-12-21,2012-12-01,Furniture,Office Furnishings,West,Alberta,Home Office,7,157.03,13.21,0.07
2011-12-21,2011-12-01,Office Supplies,Appliances,West,Alberta,Consumer,14,304.52,25.34,0.04
2011-07-21,2011-07-01,Office Supplies,Labels,West,Alberta,Corporate,36,132.86,57.0,0.06
2009-06-01,2009-06-01,Office Supplies,Pens & Art Supplies,West,Alberta,Corporate,6,55.77,-4.37,0.04
2009-06-01,2009-06-01,Office Supplies,Storage & Organization,West,Alberta,Corporate,34,2181.44,-896.34,0.07
2009-05-01,2009-05-01,Furniture,Office Furnishings,West,Alberta,Consumer,33,78.81,-93.25,0.03
2012-04-05,2012-04-01,Office Supplies,Binders and Binder Accessories,West,Alberta,Small Business,24,790.63,52.32,0.1
2009-10-15,2009-10-01,Office Supplies,Paper,West,Alberta,Corporate,35,183.45,-149.66,0.01
2011-06-19,2011-06-01,Office Supplies,Paper,West,Alberta,Consumer,27,180.46,-57.62,0.05
2009-08-21,2009-08-01,Office Supplies,Appliances,West,Alberta,Small Business,40,174.64,-143.23,0.04
2009-08-21,2009-08-01,Technology,Telephones and Communication,West,Alberta,Small Business,8,994.228,-446.58,0.09
2009-09-28,2009-09-01,Technology,Computer Peripherals,West,Alberta,Consumer,24,1239.81,-13.28,0.04
2009-09-28,2009-09-01,Office Supplies,Paper,West,Alberta,Consumer,41,273.32,-48.68,0.02
2012-06-13,2012-06-01,Office Supplies,Paper,West,Alberta,Home Office,21,146.25,60.12,0.01
2009-01-03,2009-01-01,Furniture,Office Furnishings,West,Alberta,Home Office,12,262.76,-146.05,0.05
2009-05-23,2009-05-01,Office Supplies,Labels,West,Alberta,Home Office,40,104.39,38.45,0.07
2012-02-10,2012-02-01,Technology,Telephones and Communication,West,Alberta,Corporate,14,1281.358,-90.12,0.09
2011-04-09,2011-04-01,Technology,Computer Peripherals,West,Alberta,Corporate,1,32.51,-90.94,0.1
2011-04-09,2011-04-01,Office Supplies,Storage & Organization,West,Alberta,Corporate,33,570.51,-142.75,0.0
2009-01-03,2009-01-01,Technology,Office Machines,West,Alberta,Corporate,4,896.49,-452.27,0.0
2011-02-22,2011-02-01,Office Supplies,Paper,West,Alberta,Home Office,2,107.12,-54.87,0.08
2011-02-22,2011-02-01,Office Supplies,Paper,West,Alberta,Home Office,25,676.24,219.78,0.05
2011-02-22,2011-02-01,Office Supplies,Storage & Organization,West,Alberta,Home Office,24,3668.6,993.15,0.07
2010-06-06,2010-06-01,Office Supplies,Labels,West,Alberta,Consumer,30,160.68,77.75,0.08
2009-02-27,2009-02-01,Technology,Telephones and Communication,West,Alberta,Corporate,16,1685.941,21.02,0.07
2011-02-08,2011-02-01,Office Supplies,Paper,West,Alberta,Home Office,42,229.88,-75.25,0.05
2011-07-25,2011-07-01,Technology,Computer Peripherals,West,Alberta,Home Office,29,2896.14,366.63,0.08
2012-03-24,2012-03-01,Office Supplies,"Scissors, Rulers and Trimmers",West,Alberta,Consumer,8,86.38,-12.61,0.1
2011-12-30,2011-12-01,Office Supplies,Binders and Binder Accessories,West,Alberta,Corporate,29,852.75,358.73,0.08
2011-12-30,2011-12-01,Office Supplies,Paper,West,Alberta,Corporate,26,172.33,-52.21,0.04
2009-01-28,2009-01-01,Office Supplies,Paper,West,Alberta,Home Office,36,267.53,85.17,0.0
2009-01-28,2009-01-01,Office Supplies,Storage & Organization,West,Alberta,Home Office,31,1065.26,-900.27,0.03
2009-05-15,2009-05-01,Technology,Computer Peripherals,West,Alberta,Corporate,30,991.01,46.29,0.01
2009-05-15,2009-05-01,Office Supplies,Paper,West,Alberta,Corporate,29,1267.42,177.79,0.01
2011-03-05,2011-03-01,Office Supplies,Binders and Binder Accessories,West,Alberta,Home Office,49,14346.73,5762.52,0.04
2011-03-05,2011-03-01,Office Supplies,Labels,West,Alberta,Home Office,15,40.34,10.59,0.09
2011-03-05,2011-03-01,Technology,Telephones and Communication,West,Alberta,Home Office,41,3951.6755,812.24,0.1
2009-09-30,2009-09-01,Office Supplies,Binders and Binder Accessories,West,Alberta,Corporate,47,314.0,-66.04,0.07
2009-09-30,2009-09-01,Office Supplies,Rubber Bands,West,Alberta,Corporate,50,155.54,15.66,0.09
2009-08-19,2009-08-01,Technology,Telephones and Communication,West,Alberta,Consumer,19,1133.4495,169.16,0.01
2009-07-12,2009-07-01,Office Supplies,Labels,West,Alberta,Corporate,34,203.49,90.35,0.05
2009-07-12,2009-07-01,Technology,Telephones and Communication,West,Alberta,Corporate,33,5638.798,1406.05,0.09
2012-12-18,2012-12-01,Furniture,Office Furnishings,West,Alberta,Small Business,25,1071.77,262.07,0.09
2012-12-18,2012-12-01,Technology,Computer Peripherals,West,Alberta,Small Business,29,8635.61,2733.04,0.03
2012-12-18,2012-12-01,Technology,Computer Peripherals,West,Alberta,Small Business,2,63.96,-119.36,0.0
2012-12-18,2012-12-01,Office Supplies,Envelopes,West,Alberta,Small Business,50,833.0,436.53,0.0
2010-10-30,2010-10-01,Office Supplies,Pens & Art Supplies,West,Alberta,Corporate,43,1711.02,139.63,0.1
2010-12-15,2010-12-01,Technology,Computer Peripherals,West,Alberta,Home Office,10,408.23,52.38,0.06
2011-09-15,2011-09-01,Office Supplies,Binders and Binder Accessories,West,Alberta,Consumer,34,260.51,-127.52,0.03
2011-09-15,2011-09-01,Technology,Computer Peripherals,West,Alberta,Consumer,15,466.28,92.7,0.0
2011-01-05,2011-01-01,Furniture,Bookcases,West,Alberta,Home Office,5,477.39,-211.36,0.02
2011-01-05,2011-01-01,Office Supplies,Paper,West,Alberta,Home Office,14,552.08,203.24,0.0
2009-06-29,2009-06-01,Technology,Telephones and Communication,West,Alberta,Home Office,24,711.875,217.33,0.04
2011-06-06,2011-06-01,Office Supplies,Paper,West,Alberta,Corporate,18,129.77,-99.42,0.01
2009-10-30,2009-10-01,Office Supplies,Pens & Art Supplies,West,Alberta,Home Office,25,38.37,-13.88,0.1
2010-06-04,2010-06-01,Furniture,Tables,West,Alberta,Corporate,4,467.15,-212.34,0.01
2012-05-30,2012-05-01,Furniture,Bookcases,West,Alberta,Home Office,31,2976.21,-277.63,0.07
2012-05-30,2012-05-01,Technology,Telephones and Communication,West,Alberta,Home Office,37,1894.1655,134.73,0.1
2012-04-10,2012-04-01,Office Supplies,Paper,West,Alberta,Corporate,8,60.17,-18.24,0.0
2012-08-28,2012-08-01,Office Supplies,Binders and Binder Accessories,West,Alberta,Consumer,24,68.5,2.69,0.07
2012-05-21,2012-05-01,Technology,Computer Peripherals,West,Alberta,Corporate,48,1556.42,-60.98,0.0
2012-05-21,2012-05-01,Office Supplies,Labels,West,Alberta,Corporate,28,130.28,56.97,0.08
2012-07-10,2012-07-01,Office Supplies,Binders and Binder Accessories,West,Alberta,Home Office,41,305.01,-160.82,0.05
2012-07-10,2012-07-01,Office Supplies,Storage & Organization,West,Alberta,Home Office,24,3583.52,221.71,0.09
2011-07-02,2011-07-01,Furniture,Bookcases,West,Alberta,Small Business,14,2085.93,-517.73,0.09
2012-12-09,2012-12-01,Office Supplies,Paper,West,Alberta,Corporate,39,277.58,-276.88,0.08
2012-12-09,2012-12-01,Furniture,Tables,West,Alberta,Corporate,12,4887.14,-694.33,0.08
2012-12-09,2012-12-01,Technology,Telephones and Communication,West,Alberta,Corporate,44,7195.2585,1698.16,0.09
2009-01-21,2009-01-01,Furniture,Chairs & Chairmats,West,Alberta,Home Office,33,11336.37,1161.75,0.04
2009-01-21,2009-01-01,Office Supplies,Paper,West,Alberta,Home Office,19,354.13,8.79,0.09
2009-01-21,2009-01-01,Office Supplies,Paper,West,Alberta,Home Office,40,751.94,69.08,0.07
2011-03-02,2011-03-01,Office Supplies,Pens & Art Supplies,West,Alberta,Corporate,19,50.99,-3.8,0.06
2011-11-02,2011-11-01,Technology,Computer Peripherals,West,Alberta,Corporate,21,293.27,44.56,0.07
2010-02-07,2010-02-01,Office Supplies,Paper,West,Alberta,Consumer,42,189.22,-92.42,0.05
2010-07-24,2010-07-01,Office Supplies,Binders and Binder Accessories,West,Alberta,Corporate,21,151.86,-54.67,0.1
2010-07-24,2010-07-01,Furniture,Chairs & Chairmats,West,Alberta,Corporate,13,3583.87,-113.08,0.07
2010-07-24,2010-07-01,Furniture,Office Furnishings,West,Alberta,Corporate,45,4951.36,1759.72,0.03
2011-08-03,2011-08-01,Technology,Office Machines,West,Alberta,Corporate,10,910.98,18.77,0.07
2012-08-20,2012-08-01,Furniture,Bookcases,West,Alberta,Corporate,3,446.05,-271.26,0.09
2011-11-07,2011-11-01,Technology,Computer Peripherals,West,Alberta,Corporate,32,616.39,148.28,0.09
2009-02-19,2009-02-01,Technology,Computer Peripherals,West,Alberta,Consumer,48,1838.19,561.43,0.03
2010-09-13,2010-09-01,Technology,Telephones and Communication,West,Alberta,Home Office,20,984.6315,-129.14,0.0
2011-06-16,2011-06-01,Office Supplies,Paper,West,Alberta,Home Office,43,134.33,25.02,0.07
2011-06-16,2011-06-01,Office Supplies,Pens & Art Supplies,West,Alberta,Home Office,19,70.32,-56.07,0.08
2010-12-19,2010-12-01,Office Supplies,Appliances,West,Alberta,Corporate,29,1768.13,525.54,0.0
2010-12-19,2010-12-01,Office Supplies,Paper,West,Alberta,Corporate,23,147.05,-54.91,0.08
2011-04-23,2011-04-01,Office Supplies,Storage & Organization,West,Alberta,Consumer,9,1201.51,-185.48,0.1
2011-05-31,2011-05-01,Technology,Computer Peripherals,West,Alberta,Home Office,16,621.93,-49.77,0.08
2011-05-31,2011-05-01,Office Supplies,Paper,West,Alberta,Home Office,17,121.09,-30.51,0.05
2009-03-22,2009-03-01,Office Supplies,"Scissors, Rulers and Trimmers",West,Alberta,Corporate,4,33.54,-29.49,0.08
2012-08-30,2012-08-01,Office Supplies,Pens & Art Supplies,West,Alberta,Home Office,45,188.77,21.93,0.02
2012-02-17,2012-02-01,Technology,Copiers and Fax,West,Alberta,Consumer,49,21141.07,6225.36,0.06
2012-02-17,2012-02-01,Technology,Telephones and Communication,West,Alberta,Consumer,4,76.8655,-54.51,0.04
2011-02-03,2011-02-01,Office Supplies,Appliances,West,Alberta,Corporate,46,412.37,2.71,0.06
2012-07-21,2012-07-01,Office Supplies,Appliances,West,Alberta,Home Office,4,240.49,-53.9,0.05
2010-12-06,2010-12-01,Office Supplies,Paper,West,Alberta,Small Business,27,322.46,54.29,0.04
2011-05-27,2011-05-01,Office Supplies,Pens & Art Supplies,West,Alberta,Home Office,48,836.59,-106.8,0.06
2011-05-27,2011-05-01,Office Supplies,Pens & Art Supplies,West,Alberta,Home Office,21,58.14,-2.23,0.04
2011-05-27,2011-05-01,Technology,Telephones and Communication,West,Alberta,Home Office,49,891.6075,100.59,0.06
2011-05-02,2011-05-01,Office Supplies,Storage & Organization,West,Alberta,Corporate,18,231.06,-29.83,0.04
2012-03-03,2012-03-01,Office Supplies,Binders and Binder Accessories,West,Alberta,Corporate,41,1665.81,557.52,0.06
2009-06-03,2009-06-01,Office Supplies,Paper,West,Alberta,Consumer,15,107.86,-85.29,0.09
2009-06-03,2009-06-01,Office Supplies,Storage & Organization,West,Alberta,Consumer,13,305.6,-445.77,0.09
2009-06-03,2009-06-01,Technology,Telephones and Communication,West,Alberta,Consumer,8,447.0405,-206.15,0.04
2009-01-10,2009-01-01,Office Supplies,Paper,West,Alberta,Corporate,16,112.81,-85.23,0.02
2012-05-31,2012-05-01,Office Supplies,Paper,West,Alberta,Corporate,43,277.08,-179.11,0.08
2010-02-14,2010-02-01,Furniture,Office Furnishings,West,Alberta,Corporate,12,174.11,-24.52,0.06
2009-08-31,2009-08-01,Office Supplies,Pens & Art Supplies,West,Alberta,Corporate,6,18.02,-3.09,0.01
2011-05-12,2011-05-01,Office Supplies,Paper,West,Alberta,Corporate,42,271.14,-174.74,0.07
2009-09-06,2009-09-01,Office Supplies,Paper,West,Alberta,Corporate,17,108.11,-62.23,0.09
2010-06-04,2010-06-01,Office Supplies,Binders and Binder Accessories,West,Alberta,Corporate,21,86.64,-73.07,0.09
2012-08-09,2012-08-01,Office Supplies,Binders and Binder Accessories,West,Alberta,Corporate,11,131.12,-24.81,0.03
2009-04-23,2009-04-01,Office Supplies,Labels,West,Alberta,Consumer,10,29.12,7.13,0.08
2012-10-04,2012-10-01,Office Supplies,Paper,West,Alberta,Home Office,47,307.37,-249.27,0.04
2011-10-31,2011-10-01,Office Supplies,Paper,West,Alberta,Corporate,36,1749.07,804.66,0.04
2011-10-31,2011-10-01,Office Supplies,Pens & Art Supplies,West,Alberta,Corporate,14,37.9,-22.01,0.08
2009-03-09,2009-03-01,Office Supplies,Appliances,West,Alberta,Corporate,21,118.51,-948.71,0.03
2009-08-22,2009-08-01,Office Supplies,Paper,West,Alberta,Home Office,40,2055.98,1016.86,0.0
2009-04-19,2009-04-01,Office Supplies,Appliances,West,Alberta,Corporate,29,2317.65,568.6,0.0
2009-04-19,2009-04-01,Furniture,Chairs & Chairmats,West,Alberta,Corporate,41,4987.73,-1867.97,0.08
2011-08-11,2011-08-01,Furniture,Bookcases,West,Alberta,Corporate,23,3301.33,-307.46,0.05
2011-08-11,2011-08-01,Office Supplies,Labels,West,Alberta,Corporate,28,126.95,45.87,0.06
2011-11-03,2011-11-01,Furniture,Tables,West,Alberta,Small Business,22,3329.27,350.0,0.05
2009-04-25,2009-04-01,Office Supplies,Paper,West,Alberta,Home Office,5,126.95,-4.17,0.0
2009-06-12,2009-06-01,Furniture,Office Furnishings,West,Alberta,Small Business,25,2612.89,490.99,0.04
2009-06-12,2009-06-01,Furniture,Tables,West,Alberta,Small Business,47,1146.992,-1643.74,0.07
2011-11-16,2011-11-01,Office Supplies,Paper,West,Alberta,Consumer,42,199.24,-84.26,0.07
2011-11-16,2011-11-01,Technology,Telephones and Communication,West,Alberta,Consumer,3,504.6705,-800.89,0.01
2010-03-27,2010-03-01,Technology,Computer Peripherals,West,Alberta,Corporate,43,1338.12,519.7,0.04
2009-02-17,2009-02-01,Office Supplies,Binders and Binder Accessories,West,Alberta,Consumer,44,242.46,9.3,0.02
2009-02-17,2009-02-01,Furniture,Office Furnishings,West,Alberta,Consumer,10,607.77,232.0,0.04
2009-02-17,2009-02-01,Furniture,Office Furnishings,West,Alberta,Consumer,22,954.57,-380.9,0.03
2009-02-17,2009-02-01,Technology,Office Machines,West,Alberta,Consumer,5,8767.62,-1510.89,0.04
2009-12-09,2009-12-01,Technology,Office Machines,West,Alberta,Consumer,13,1582.47,-205.02,0.05
2012-02-20,2012-02-01,Office Supplies,"Scissors, Rulers and Trimmers",West,Alberta,Corporate,2,6.93,-4.64,0.01
2011-07-15,2011-07-01,Furniture,Office Furnishings,West,Alberta,Corporate,26,2808.08,1054.82,0.07
2011-07-15,2011-07-01,Furniture,Tables,West,Alberta,Corporate,24,1761.4,-1748.56,0.09
2011-07-15,2011-07-01,Technology,Telephones and Communication,West,Alberta,Corporate,23,160.2335,-85.13,0.04
2011-10-30,2011-10-01,Office Supplies,Paper,West,Alberta,Small Business,8,43.29,-20.69,0.09
2011-10-30,2011-10-01,Office Supplies,Paper,West,Alberta,Small Business,6,41.7,-14.56,0.03
2010-01-12,2010-01-01,Office Supplies,Pens & Art Supplies,West,Alberta,Consumer,37,199.76,20.0,0.07
2012-08-01,2012-08-01,Technology,Office Machines,West,Alberta,Small Business,6,21134.71,-4266.09,0.06
2011-08-21,2011-08-01,Furniture,Chairs & Chairmats,West,Alberta,Consumer,23,3872.87,565.34,0.03
2011-08-21,2011-08-01,Technology,Computer Peripherals,West,Alberta,Consumer,9,356.72,12.61,0.07
2012-11-02,2012-11-01,Office Supplies,Labels,West,Alberta,Consumer,40,158.7,-196.8,0.04
2012-10-05,2012-10-01,Office Supplies,Binders and Binder Accessories,West,Alberta,Small Business,3,62.54,-30.74,0.02
2012-10-05,2012-10-01,Technology,Telephones and Communication,West,Alberta,Small Business,24,2750.107,600.42,0.0
2009-09-10,2009-09-01,Technology,Telephones and Communication,West,Alberta,Corporate,14,1463.0965,162.67,0.0
2009-09-10,2009-09-01,Office Supplies,Paper,West,Alberta,Corporate,38,246.3,-67.49,0.02
2012-04-25,2012-04-01,Office Supplies,Appliances,West,Alberta,Consumer,9,3064.27,294.39,0.09
2012-04-25,2012-04-01,Furniture,Office Furnishings,West,Alberta,Consumer,22,475.72,-10.4,0.02
2012-04-25,2012-04-01,Furniture,Office Furnishings,West,Alberta,Consumer,15,123.91,39.04,0.09
2009-04-29,2009-04-01,Technology,Telephones and Communication,West,Alberta,Consumer,28,2841.4395,374.63,0.08
2011-11-06,2011-11-01,Furniture,Office Furnishings,West,Alberta,Corporate,20,152.44,-16.64,0.08
2012-03-21,2012-03-01,Office Supplies,Storage & Organization,West,Alberta,Corporate,16,123.85,-71.44,0.09
2012-04-24,2012-04-01,Office Supplies,Paper,West,Alberta,Small Business,7,55.38,-25.95,0.02
2009-05-26,2009-05-01,Furniture,Tables,West,Alberta,Consumer,40,14451.75,4503.63,0.01
2009-07-20,2009-07-01,Office Supplies,Paper,West,Alberta,Consumer,34,226.83,-92.05,0.02
2009-07-20,2009-07-01,Office Supplies,Storage & Organization,West,Alberta,Consumer,16,278.92,6.11,0.04
2012-10-12,2012-10-01,Technology,Computer Peripherals,West,Alberta,Home Office,15,448.07,-141.02,0.1
2012-10-12,2012-10-01,Office Supplies,Pens & Art Supplies,West,Alberta,Home Office,20,38.29,-16.15,0.06
2009-12-20,2009-12-01,Technology,Office Machines,West,Alberta,Consumer,12,17274.87,2028.12,0.02
2009-01-08,2009-01-01,Office Supplies,Binders and Binder Accessories,West,Alberta,Corporate,25,21752.01,9296.35,0.03
2010-05-07,2010-05-01,Furniture,Office Furnishings,West,Alberta,Home Office,12,1079.19,46.8,0.07
2010-05-07,2010-05-01,Office Supplies,Paper,West,Alberta,Home Office,3,19.05,-14.81,0.04
2011-04-08,2011-04-01,Office Supplies,Paper,West,Alberta,Small Business,32,1141.37,-0.14,0.04
2009-03-21,2009-03-01,Office Supplies,Storage & Organization,West,Alberta,Home Office,37,522.62,34.52,0.02
2012-08-04,2012-08-01,Office Supplies,Paper,West,Alberta,Small Business,4,30.95,-16.48,0.1
2012-08-04,2012-08-01,Technology,Telephones and Communication,West,Alberta,Small Business,48,1449.301,432.38,0.06
2009-05-15,2009-05-01,Technology,Computer Peripherals,West,Alberta,Consumer,34,286.9,-36.63,0.06
2009-05-15,2009-05-01,Office Supplies,Pens & Art Supplies,West,Alberta,Consumer,16,46.4,-2.12,0.08
2012-04-14,2012-04-01,Technology,Telephones and Communication,West,Alberta,Corporate,4,72.0035,-108.08,0.04
2009-07-01,2009-07-01,Technology,Copiers and Fax,West,Alberta,Small Business,40,17279.62,4176.25,0.04
2009-07-01,2009-07-01,Office Supplies,Pens & Art Supplies,West,Alberta,Small Business,20,120.3,20.38,0.01
2010-05-23,2010-05-01,Technology,Telephones and Communication,West,Alberta,Small Business,8,822.3495,-360.31,0.1
2011-01-03,2011-01-01,Office Supplies,Appliances,West,Alberta,Consumer,9,79.64,-377.74,0.03
2011-01-03,2011-01-01,Office Supplies,Envelopes,West,Alberta,Consumer,25,1527.42,326.4,0.04
2011-04-03,2011-04-01,Office Supplies,Paper,West,Alberta,Consumer,26,123.16,45.79,0.1
2009-05-25,2009-05-01,Office Supplies,Binders and Binder Accessories,West,Alberta,Corporate,10,165.04,-66.59,0.08
2012-01-16,2012-01-01,Office Supplies,Binders and Binder Accessories,West,Alberta,Home Office,33,3633.03,1440.27,0.09
2010-09-10,2010-09-01,Technology,Computer Peripherals,West,Alberta,Corporate,29,1222.59,501.99,0.02
2011-09-04,2011-09-01,Technology,Telephones and Communication,West,Alberta,Corporate,37,2912.015,698.17,0.09
2010-08-07,2010-08-01,Office Supplies,Paper,West,Alberta,Consumer,12,81.9,-23.52,0.08
2010-05-23,2010-05-01,Furniture,Office Furnishings,West,Alberta,Consumer,14,74.02,-2.91,0.02
2010-05-23,2010-05-01,Office Supplies,Paper,West,Alberta,Consumer,22,1276.17,564.22,0.0
2012-03-28,2012-03-01,Office Supplies,Binders and Binder Accessories,West,Alberta,Consumer,41,823.13,384.51,0.0
2012-03-28,2012-03-01,Technology,Computer Peripherals,West,Alberta,Consumer,30,569.61,-48.44,0.02
2012-03-28,2012-03-01,Office Supplies,Labels,West,Alberta,Consumer,27,75.06,26.13,0.09
2012-03-28,2012-03-01,Furniture,Office Furnishings,West,Alberta,Consumer,46,225.13,-205.75,0.01
2009-08-10,2009-08-01,Office Supplies,Paper,West,Alberta,Consumer,23,121.73,-69.07,0.01
2011-12-27,2011-12-01,Office Supplies,Pens & Art Supplies,West,Alberta,Small Business,49,2072.12,365.23,0.04
2011-12-27,2011-12-01,Office Supplies,Rubber Bands,West,Alberta,Small Business,33,151.19,-13.45,0.06
2009-04-17,2009-04-01,Technology,Telephones and Communication,West,Alberta,Corporate,2,226.882,-582.65,0.01
2010-05-21,2010-05-01,Office Supplies,Binders and Binder Accessories,West,Alberta,Corporate,46,398.86,-26.45,0.08
2010-05-21,2010-05-01,Office Supplies,Labels,West,Alberta,Corporate,44,109.18,37.17,0.09
2010-05-21,2010-05-01,Office Supplies,Paper,West,Alberta,Corporate,5,28.59,-14.33,0.05
2011-02-22,2011-02-01,Office Supplies,Pens & Art Supplies,West,Alberta,Small Business,19,65.85,3.9,0.07
2009-08-14,2009-08-01,Office Supplies,Envelopes,West,Alberta,Consumer,43,181.5,-6.24,0.08
2009-11-24,2009-11-01,Technology,Telephones and Communication,West,Alberta,Consumer,11,194.174,-20.91,0.03
2011-06-15,2011-06-01,Office Supplies,Binders and Binder Accessories,West,Alberta,Home Office,21,49.23,-77.71,0.01
2010-04-07,2010-04-01,Office Supplies,Binders and Binder Accessories,West,Alberta,Consumer,49,657.94,7.35,0.09
2010-04-07,2010-04-01,Furniture,Chairs & Chairmats,West,Alberta,Consumer,19,1270.73,-425.72,0.08
2012-10-18,2012-10-01,Office Supplies,Paper,West,Alberta,Consumer,39,243.05,-70.85,0.02
2009-10-20,2009-10-01,Technology,Telephones and Communication,West,Alberta,Small Business,31,1768.969,341.1,0.0
2012-12-04,2012-12-01,Office Supplies,Paper,West,Alberta,Consumer,34,210.06,-135.0,0.08
2011-10-19,2011-10-01,Technology,Copiers and Fax,West,Alberta,Consumer,43,24233.54,6492.67,0.07
2011-10-19,2011-10-01,Furniture,Chairs & Chairmats,West,Alberta,Consumer,45,6325.65,114.46,0.02
2011-10-19,2011-10-01,Furniture,Tables,West,Alberta,Consumer,2,380.62,-301.73,0.02
2012-05-09,2012-05-01,Technology,Computer Peripherals,West,Alberta,Corporate,22,763.85,-126.6,0.09
2012-05-09,2012-05-01,Office Supplies,Labels,West,Alberta,Corporate,2,12.59,-5.92,0.02
2009-03-21,2009-03-01,Office Supplies,Paper,West,Alberta,Home Office,30,186.79,-88.6,0.09
2012-02-16,2012-02-01,Furniture,Office Furnishings,West,Alberta,Small Business,4,31.18,-17.16,0.0
2012-02-16,2012-02-01,Office Supplies,Labels,West,Alberta,Small Business,8,21.99,4.63,0.02
2010-11-29,2010-11-01,Office Supplies,Appliances,West,Alberta,Consumer,37,438.07,12.06,0.0
2010-11-29,2010-11-01,Office Supplies,Envelopes,West,Alberta,Consumer,19,116.37,-32.6,0.03
2012-03-30,2012-03-01,Furniture,Tables,West,Alberta,Small Business,35,2339.64,-1916.71,0.1
2012-10-27,2012-10-01,Office Supplies,Binders and Binder Accessories,West,Alberta,Small Business,26,519.96,169.44,0.07
2009-10-27,2009-10-01,Technology,Telephones and Communication,West,Alberta,Small Business,26,2951.438,667.28,0.0
2011-08-17,2011-08-01,Office Supplies,Binders and Binder Accessories,West,Alberta,Corporate,13,50.19,-64.39,0.08
2011-04-05,2011-04-01,Technology,Office Machines,West,Alberta,Home Office,38,5793.46,2477.77,0.01
2011-04-05,2011-04-01,Office Supplies,Storage & Organization,West,Alberta,Home Office,11,4558.21,993.81,0.06
2011-04-05,2011-04-01,Technology,Telephones and Communication,West,Alberta,Home Office,26,4361.6985,1069.79,0.05
2009-02-26,2009-02-01,Technology,Computer Peripherals,West,Alberta,Consumer,22,184.35,11.95,0.07
2009-02-26,2009-02-01,Technology,Copiers and Fax,West,Alberta,Consumer,20,10281.79,3272.9,0.03
2011-05-05,2011-05-01,Technology,Office Machines,West,Alberta,Consumer,46,6637.63,1487.94,0.03
2011-05-05,2011-05-01,Technology,Telephones and Communication,West,Alberta,Consumer,13,928.9055,-23.93,0.06
2009-12-24,2009-12-01,Office Supplies,Binders and Binder Accessories,West,Alberta,Small Business,38,281.17,-78.37,0.01
2009-12-24,2009-12-01,Office Supplies,Paper,West,Alberta,Small Business,10,194.65,-3.78,0.05
2010-04-20,2010-04-01,Furniture,Office Furnishings,West,Alberta,Corporate,20,2022.18,594.44,0.09
2009-11-23,2009-11-01,Office Supplies,Storage & Organization,West,Alberta,Home Office,9,351.06,-306.32,0.02
2009-07-07,2009-07-01,Office Supplies,Pens & Art Supplies,West,Alberta,Corporate,13,42.27,4.56,0.01
2012-04-17,2012-04-01,Office Supplies,Envelopes,West,Alberta,Small Business,5,455.08,27.8,0.04
2010-03-09,2010-03-01,Furniture,Office Furnishings,West,Alberta,Corporate,23,239.49,-159.35,0.04
2010-03-09,2010-03-01,Technology,Telephones and Communication,West,Alberta,Corporate,14,1819.153,-35.5,0.02
2011-04-07,2011-04-01,Office Supplies,Paper,West,Alberta,Corporate,43,816.11,66.14,0.04
2012-11-21,2012-11-01,Furniture,Tables,West,Alberta,Home Office,27,6785.86,-740.07,0.05
2010-09-17,2010-09-01,Office Supplies,Paper,West,Alberta,Consumer,20,127.16,-74.03,0.1
2012-06-01,2012-06-01,Furniture,Chairs & Chairmats,West,Alberta,Home Office,21,2580.67,-1050.77,0.1
2012-06-01,2012-06-01,Technology,Computer Peripherals,West,Alberta,Home Office,19,955.46,-79.05,0.03
2012-06-01,2012-06-01,Office Supplies,Paper,West,Alberta,Home Office,3,121.26,-12.52,0.0
2009-03-06,2009-03-01,Furniture,Tables,West,Alberta,Consumer,14,3236.8,501.69,0.08
2009-01-23,2009-01-01,Technology,Computer Peripherals,West,Alberta,Small Business,18,1383.2,-23.44,0.01
2011-09-25,2011-09-01,Office Supplies,Appliances,West,Alberta,Consumer,36,1793.24,739.36,0.01
2011-09-25,2011-09-01,Technology,Telephones and Communication,West,Alberta,Consumer,2,143.667,-363.55,0.09
2009-09-04,2009-09-01,Office Supplies,Appliances,West,Alberta,Corporate,5,25.27,-19.93,0.01
2009-09-04,2009-09-01,Office Supplies,Binders and Binder Accessories,West,Alberta,Corporate,37,14410.78,6365.58,0.02
2009-09-04,2009-09-01,Furniture,Tables,West,Alberta,Corporate,39,15341.46,394.52,0.0
2009-09-04,2009-09-01,Technology,Telephones and Communication,West,Alberta,Corporate,6,507.5605,-258.23,0.04
2012-02-19,2012-02-01,Office Supplies,Labels,West,Alberta,Corporate,42,128.13,32.53,0.09
2011-03-03,2011-03-01,Technology,Telephones and Communication,West,Alberta,Consumer,8,441.8045,-201.49,0.03
2009-11-13,2009-11-01,Furniture,Office Furnishings,West,Alberta,Consumer,31,835.11,213.79,0.0
2009-11-13,2009-11-01,Office Supplies,Paper,West,Alberta,Consumer,10,54.52,-20.57,0.01
2009-05-21,2009-05-01,Office Supplies,Paper,West,Alberta,Small Business,1,10.17,-4.09,0.02
2009-05-21,2009-05-01,Office Supplies,Pens & Art Supplies,West,Alberta,Small Business,4,23.58,-2.87,0.09
2012-11-28,2012-11-01,Technology,Computer Peripherals,West,Alberta,Consumer,12,1272.35,297.57,0.0
2012-11-28,2012-11-01,Furniture,Chairs & Chairmats,West,Alberta,Consumer,26,4000.35,303.39,0.07
2012-11-28,2012-11-01,Technology,Office Machines,West,Alberta,Consumer,26,3356.92,1555.9,0.0
2012-05-29,2012-05-01,Furniture,Office Furnishings,West,Alberta,Home Office,19,1823.02,80.8,0.04
2012-05-29,2012-05-01,Office Supplies,Pens & Art Supplies,West,Alberta,Home Office,26,74.02,8.13,0.04
2012-05-29,2012-05-01,Technology,Telephones and Communication,West,Alberta,Home Office,13,2252.976,-54.36,0.02
2009-07-28,2009-07-01,Technology,Office Machines,West,Alberta,Corporate,4,13070.2,-6923.6,0.07
2012-09-07,2012-09-01,Office Supplies,Appliances,West,Alberta,Consumer,5,495.32,-72.73,0.05
2012-09-07,2012-09-01,Furniture,Bookcases,West,Alberta,Consumer,11,2483.53,-176.77,0.07
2012-09-07,2012-09-01,Office Supplies,Paper,West,Alberta,Consumer,26,967.41,26.64,0.03
2011-07-03,2011-07-01,Technology,Copiers and Fax,West,Alberta,Consumer,46,27720.98,11984.4,0.07
2011-07-03,2011-07-01,Office Supplies,Paper,West,Alberta,Consumer,29,520.13,127.55,0.1
2011-07-14,2011-07-01,Technology,Computer Peripherals,West,Alberta,Consumer,35,926.65,-75.38,0.01
2012-03-22,2012-03-01,Office Supplies,Binders and Binder Accessories,West,Alberta,Corporate,9,20.21,-5.14,0.0
2012-09-22,2012-09-01,Office Supplies,Binders and Binder Accessories,West,Alberta,Corporate,23,143.1,36.75,0.01
2012-09-22,2012-09-01,Technology,Computer Peripherals,West,Alberta,Corporate,36,795.52,290.64,0.08
2012-09-22,2012-09-01,Office Supplies,Labels,West,Alberta,Corporate,44,126.36,50.26,0.02
2012-09-22,2012-09-01,Furniture,Office Furnishings,West,Alberta,Corporate,24,496.62,49.86,0.07
2011-04-20,2011-04-01,Furniture,Office Furnishings,West,Alberta,Small Business,4,43.29,-0.36,0.03
2011-11-05,2011-11-01,Technology,Telephones and Communication,West,Alberta,Consumer,9,337.2035,-120.93,0.09
2011-02-05,2011-02-01,Furniture,Tables,West,Alberta,Consumer,41,17448.75,9.93,0.06
2010-02-02,2010-02-01,Office Supplies,Paper,West,Alberta,Small Business,12,77.01,-19.04,0.02
2010-02-02,2010-02-01,Office Supplies,Pens & Art Supplies,West,Alberta,Small Business,34,111.83,-92.16,0.07
2010-02-02,2010-02-01,Furniture,Tables,West,Alberta,Small Business,23,6552.9,-461.45,0.1
2010-11-04,2010-11-01,Office Supplies,Pens & Art Supplies,West,Alberta,Home Office,35,209.63,43.53,0.01
2012-04-18,2012-04-01,Technology,Office Machines,West,Alberta,Home Office,1,1996.16,-3974.46,0.0
2012-08-19,2012-08-01,Office Supplies,"Scissors, Rulers and Trimmers",West,Alberta,Consumer,47,316.99,-276.54,0.04
2012-08-19,2012-08-01,Technology,Telephones and Communication,West,Alberta,Consumer,20,1991.8985,88.36,0.07
2012-09-16,2012-09-01,Office Supplies,Paper,West,Alberta,Consumer,34,226.41,-164.89,0.05
2010-03-20,2010-03-01,Furniture,Tables,West,Alberta,Home Office,48,10462.54,-1402.68,0.02
2011-02-10,2011-02-01,Office Supplies,Storage & Organization,West,Alberta,Small Business,4,539.82,-64.78,0.0
2011-02-10,2011-02-01,Technology,Telephones and Communication,West,Alberta,Small Business,6,1029.8855,-620.83,0.06
2012-02-07,2012-02-01,Office Supplies,Binders and Binder Accessories,West,Alberta,Small Business,45,299.94,38.74,0.06
2011-07-12,2011-07-01,Office Supplies,Paper,West,Alberta,Consumer,23,149.31,-98.42,0.06
2010-10-03,2010-10-01,Office Supplies,Paper,West,Alberta,Small Business,5,53.01,3.85,0.08
2010-12-07,2010-12-01,Office Supplies,Pens & Art Supplies,West,Alberta,Small Business,7,44.64,2.08,0.03
2010-12-07,2010-12-01,Technology,Telephones and Communication,West,Alberta,Small Business,41,1289.62,432.52,0.03
2010-10-02,2010-10-01,Office Supplies,Paper,West,Alberta,Home Office,48,313.52,-254.68,0.05
2009-03-21,2009-03-01,Technology,Computer Peripherals,West,Alberta,Consumer,44,2587.53,401.85,0.02
2009-01-21,2009-01-01,Office Supplies,Binders and Binder Accessories,West,Alberta,Corporate,41,312.26,-10.38,0.08
2009-01-21,2009-01-01,Furniture,Office Furnishings,West,Alberta,Corporate,40,4152.55,813.33,0.03
2012-02-27,2012-02-01,Technology,Computer Peripherals,West,Alberta,Small Business,43,894.51,294.21,0.08
2010-07-27,2010-07-01,Office Supplies,Paper,West,Alberta,Corporate,23,164.02,-47.64,0.03
2010-07-27,2010-07-01,Office Supplies,"Scissors, Rulers and Trimmers",West,Alberta,Corporate,23,136.81,-30.51,0.01
2010-07-27,2010-07-01,Technology,Telephones and Communication,West,Alberta,Corporate,26,4701.69,1148.9,0.0
2010-02-07,2010-02-01,Office Supplies,Paper,West,Alberta,Corporate,21,109.87,-98.17,0.05
2010-02-07,2010-02-01,Office Supplies,Paper,West,Alberta,Corporate,37,816.65,-182.8,0.09
2012-01-14,2012-01-01,Technology,Copiers and Fax,West,Alberta,Small Business,38,17605.77,-370.04,0.01
2011-07-05,2011-07-01,Office Supplies,Paper,West,Alberta,Small Business,7,55.68,-7.4,0.1
2011-07-05,2011-07-01,Office Supplies,Appliances,West,Alberta,Small Business,47,14588.28,861.78,0.06
2011-07-05,2011-07-01,Furniture,Office Furnishings,West,Alberta,Small Business,27,2675.08,489.58,0.07
2010-05-15,2010-05-01,Office Supplies,Paper,West,Alberta,Home Office,47,280.45,-143.65,0.1
2012-09-29,2012-09-01,Furniture,Office Furnishings,West,Alberta,Corporate,50,481.23,-409.24,0.07
2012-09-29,2012-09-01,Office Supplies,Paper,West,Alberta,Corporate,41,265.39,-237.01,0.1
2012-09-29,2012-09-01,Office Supplies,Paper,West,Alberta,Corporate,8,56.5,-17.16,0.02
2009-03-10,2009-03-01,Technology,Office Machines,West,Alberta,Consumer,3,18888.0,-14140.7,0.09
2009-08-04,2009-08-01,Office Supplies,Appliances,West,Alberta,Small Business,37,388.9,-37.11,0.1
2009-08-07,2009-08-01,Office Supplies,Pens & Art Supplies,West,Alberta,Small Business,26,172.01,27.47,0.06
2010-09-27,2010-09-01,Furniture,Bookcases,West,Alberta,Consumer,26,2268.91,-624.29,0.02
2010-11-09,2010-11-01,Office Supplies,Paper,West,Alberta,Corporate,43,2337.89,729.34,0.09
2012-02-02,2012-02-01,Office Supplies,Paper,West,Alberta,Consumer,48,314.34,-130.5,0.03
2011-05-23,2011-05-01,Office Supplies,Binders and Binder Accessories,West,Alberta,Consumer,42,113.33,-0.4,0.07
2011-03-10,2011-03-01,Office Supplies,Paper,West,Alberta,Consumer,47,603.69,131.39,0.0
2009-02-09,2009-02-01,Furniture,Bookcases,West,Alberta,Corporate,43,10318.72,1445.36,0.01
2010-12-21,2010-12-01,Office Supplies,Rubber Bands,West,Alberta,Small Business,38,82.93,-10.32,0.08
2012-11-26,2012-11-01,Furniture,Office Furnishings,West,Alberta,Consumer,40,323.96,-136.82,0.07
2012-11-26,2012-11-01,Technology,Telephones and Communication,West,Alberta,Consumer,10,175.8565,-93.26,0.03
2009-07-14,2009-07-01,Office Supplies,Paper,West,Alberta,Consumer,30,189.04,66.28,0.03
2009-10-18,2009-10-01,Furniture,Office Furnishings,West,Alberta,Corporate,22,1333.19,331.48,0.01
2012-01-27,2012-01-01,Office Supplies,Binders and Binder Accessories,West,Alberta,Small Business,21,6688.66,2648.08,0.04
2012-01-27,2012-01-01,Furniture,Office Furnishings,West,Alberta,Small Business,22,247.45,-133.18,0.0
2012-01-27,2012-01-01,Technology,Telephones and Communication,West,Alberta,Small Business,7,685.7205,-278.87,0.08
2012-01-27,2012-01-01,Technology,Telephones and Communication,West,Alberta,Small Business,40,3232.1335,696.95,0.05
2009-12-20,2009-12-01,Office Supplies,Paper,West,Alberta,Consumer,13,129.9,-63.51,0.02
2012-07-27,2012-07-01,Furniture,Office Furnishings,West,Alberta,Consumer,42,1587.59,651.74,0.08
2011-07-10,2011-07-01,Technology,Copiers and Fax,West,Alberta,Consumer,33,5964.19,988.2,0.1
2011-07-10,2011-07-01,Office Supplies,Paper,West,Alberta,Consumer,15,109.2,-50.27,0.03
2011-06-29,2011-06-01,Office Supplies,Pens & Art Supplies,West,Alberta,Small Business,17,57.96,-47.32,0.06
2010-11-22,2010-11-01,Technology,Telephones and Communication,West,Alberta,Home Office,9,1418.956,-447.41,0.09
2010-09-13,2010-09-01,Furniture,Office Furnishings,West,Alberta,Small Business,4,284.0,208.31,0.01
2010-04-15,2010-04-01,Technology,Computer Peripherals,West,Alberta,Corporate,8,269.14,-160.72,0.1
2012-08-13,2012-08-01,Technology,Computer Peripherals,West,Alberta,Small Business,12,214.94,26.75,0.06
2009-09-18,2009-09-01,Technology,Computer Peripherals,West,Alberta,Small Business,16,88.24,-56.6,0.01
2012-03-08,2012-03-01,Furniture,Bookcases,West,Alberta,Home Office,31,4878.64,-519.94,0.03
2010-08-09,2010-08-01,Technology,Telephones and Communication,West,Alberta,Consumer,32,2288.642,519.59,0.05
2012-02-01,2012-02-01,Technology,Office Machines,West,Alberta,Consumer,9,17965.45,3459.43,0.0
2010-05-17,2010-05-01,Office Supplies,Pens & Art Supplies,West,Alberta,Consumer,39,173.47,-4.96,0.05
2010-05-17,2010-05-01,Technology,Telephones and Communication,West,Alberta,Consumer,48,2832.88,668.96,0.01
2011-10-31,2011-10-01,Furniture,Chairs & Chairmats,West,Alberta,Corporate,45,9248.74,2532.0,0.0
2011-10-31,2011-10-01,Office Supplies,Labels,West,Alberta,Corporate,21,98.88,36.01,0.07
2011-07-16,2011-07-01,Furniture,Office Furnishings,West,Alberta,Home Office,47,255.65,-148.8,0.0
2012-01-09,2012-01-01,Office Supplies,Rubber Bands,West,Alberta,Home Office,48,113.98,21.29,0.1
2012-01-09,2012-01-01,Office Supplies,Storage & Organization,West,Alberta,Home Office,5,88.94,-47.54,0.05
2012-04-23,2012-04-01,Furniture,Chairs & Chairmats,West,Alberta,Consumer,10,2193.93,41.83,0.09
2012-04-23,2012-04-01,Technology,Telephones and Communication,West,Alberta,Consumer,11,812.498,128.95,0.0
2012-04-23,2012-04-01,Technology,Telephones and Communication,West,Alberta,Consumer,37,4657.6515,1242.85,0.06
2012-08-30,2012-08-01,Furniture,Chairs & Chairmats,West,Alberta,Consumer,29,2700.78,-793.36,0.06
2012-04-03,2012-04-01,Technology,Computer Peripherals,West,Alberta,Consumer,8,168.99,-47.37,0.08
2012-05-08,2012-05-01,Technology,Telephones and Communication,West,Alberta,Corporate,14,2045.066,-4.68,0.07
2012-05-08,2012-05-01,Office Supplies,Binders and Binder Accessories,West,Alberta,Corporate,4,26.41,-16.53,0.05
2012-02-26,2012-02-01,Office Supplies,"Scissors, Rulers and Trimmers",West,Alberta,Consumer,35,322.82,-17.58,0.05
2009-07-01,2009-07-01,Technology,Office Machines,West,Alberta,Corporate,35,4233.15,1219.87,0.08
2010-07-03,2010-07-01,Office Supplies,Paper,West,Alberta,Consumer,11,54.61,14.99,0.08
2010-03-02,2010-03-01,Furniture,Office Furnishings,West,Alberta,Small Business,6,25.84,-4.13,0.04
2009-02-16,2009-02-01,Office Supplies,Envelopes,West,Alberta,Small Business,24,129.53,33.01,0.06
2010-01-11,2010-01-01,Office Supplies,Paper,West,Alberta,Small Business,42,1767.47,331.56,0.05
2010-01-11,2010-01-01,Office Supplies,Appliances,West,Alberta,Small Business,11,2164.07,59.73,0.01
2010-01-11,2010-01-01,Furniture,Office Furnishings,West,Alberta,Small Business,47,1276.73,357.23,0.08
2009-11-10,2009-11-01,Technology,Office Machines,West,Alberta,Consumer,7,754.92,-129.57,0.0
2010-06-03,2010-06-01,Office Supplies,Binders and Binder Accessories,West,Alberta,Consumer,19,61.02,-71.04,0.0
2010-06-03,2010-06-01,Office Supplies,Binders and Binder Accessories,West,Alberta,Consumer,31,878.77,373.52,0.08
2012-09-03,2012-09-01,Office Supplies,Binders and Binder Accessories,West,Alberta,Home Office,6,22.89,-2.66,0.08
2012-09-03,2012-09-01,Office Supplies,Envelopes,West,Alberta,Home Office,18,271.85,109.19,0.03
2010-07-29,2010-07-01,Furniture,Chairs & Chairmats,West,Alberta,Corporate,46,12719.7,-545.82,0.03
2010-07-29,2010-07-01,Office Supplies,Pens & Art Supplies,West,Alberta,Corporate,48,109.78,4.48,0.03
2010-04-20,2010-04-01,Office Supplies,Binders and Binder Accessories,West,Alberta,Corporate,26,561.66,-111.33,0.07
2010-04-20,2010-04-01,Furniture,Bookcases,West,Alberta,Corporate,19,1851.62,-220.84,0.09
2009-07-02,2009-07-01,Furniture,Bookcases,West,Alberta,Home Office,24,2453.3,-111.4,0.05
2009-07-02,2009-07-01,Office Supplies,Paper,West,Alberta,Home Office,29,147.02,-77.03,0.02
2012-12-16,2012-12-01,Technology,Telephones and Communication,West,Alberta,Small Business,50,1558.9425,548.44,0.02
2010-02-04,2010-02-01,Office Supplies,Paper,West,Alberta,Home Office,48,257.39,-121.91,0.08
2012-04-28,2012-04-01,Office Supplies,Binders and Binder Accessories,West,Alberta,Small Business,36,163.54,-95.06,0.03
2012-04-28,2012-04-01,Technology,Computer Peripherals,West,Alberta,Small Business,31,2390.54,756.1,0.08
2011-06-28,2011-06-01,Furniture,Tables,West,Alberta,Small Business,48,4644.87,-1291.39,0.08
2009-04-26,2009-04-01,Office Supplies,Pens & Art Supplies,West,Alberta,Consumer,9,38.96,0.37,0.06
2011-05-06,2011-05-01,Furniture,Chairs & Chairmats,West,Alberta,Corporate,38,978.4,-211.58,0.07
2011-05-06,2011-05-01,Technology,Telephones and Communication,West,Alberta,Corporate,47,5126.418,1557.64,0.03
2010-11-07,2010-11-01,Office Supplies,Binders and Binder Accessories,West,Alberta,Corporate,23,82.12,-121.59,0.07
2010-05-15,2010-05-01,Office Supplies,Labels,West,Alberta,Home Office,8,22.85,0.88,0.07
2010-05-15,2010-05-01,Technology,Office Machines,West,Alberta,Home Office,16,12007.05,2713.95,0.09
2011-04-17,2011-04-01,Technology,Telephones and Communication,West,Alberta,Corporate,31,5347.9875,1332.44,0.01
2012-09-12,2012-09-01,Office Supplies,Envelopes,West,Alberta,Consumer,43,322.47,72.28,0.09
2009-09-15,2009-09-01,Furniture,Office Furnishings,West,Alberta,Consumer,49,1488.66,385.37,0.0
2010-10-08,2010-10-01,Furniture,Chairs & Chairmats,West,Alberta,Home Office,25,2200.64,-514.18,0.05
2012-07-09,2012-07-01,Office Supplies,Binders and Binder Accessories,West,Alberta,Corporate,34,1041.66,480.53,0.02
2011-07-30,2011-07-01,Technology,Office Machines,West,Alberta,Corporate,41,10071.09,1977.69,0.1
2010-08-09,2010-08-01,Furniture,Bookcases,West,Alberta,Consumer,8,1294.04,-323.18,0.05
2010-08-09,2010-08-01,Office Supplies,Envelopes,West,Alberta,Consumer,23,392.57,22.25,0.04
2011-04-08,2011-04-01,Furniture,Office Furnishings,West,Alberta,Home Office,37,823.78,343.05,0.03
2011-04-08,2011-04-01,Technology,Telephones and Communication,West,Alberta,Home Office,8,469.8375,-159.24,0.0
2009-02-08,2009-02-01,Furniture,Office Furnishings,West,Alberta,Consumer,20,2026.01,580.43,0.1
